Spotify URI,Voter ID,Created,Points Assigned,Comment,Round ID
spotify:track:7M9UBtiqUp20BhLvC39orO,80a489147c544db5a53c5cede65c4617,2026-07-15T12:36:43Z,0,"Dang what a voice! Not quite as thoughtful (or thoughtful sounding) as the Glen Campbell, so that one gets the nod. ",99c428e6502d473e9ee060912c18cfac
spotify:track:7MZHqgTVTnN6xZGYAcEEAf,80a489147c544db5a53c5cede65c4617,2026-07-15T12:36:43Z,0,"Wow this was beautiful! Hard to imagine Eddie, Sammy, or Alex queuing this up however. Closer to “Fort Porch Sit” if such a thing had ever existed. ",99c428e6502d473e9ee060912c18cfac
spotify:track:02VdHwnGhy5fTW2CTZkYsb,80a489147c544db5a53c5cede65c4617,2026-07-15T12:36:43Z,0,This would depress me and I would ask Eddie to skip.,99c428e6502d473e9ee060912c18cfac
spotify:track:1qbn6QrHG8XfnqVFKgNzKP,80a489147c544db5a53c5cede65c4617,2026-07-15T12:36:43Z,0,I still don’t get how anyone can tolerate this voice,99c428e6502d473e9ee060912c18cfac
spotify:track:1SWmFiFSIBoDbQJjNKC7SR,80a489147c544db5a53c5cede65c4617,2026-07-15T12:36:43Z,1,"Not a song I would seek out on my own, but I can 100% picture this playing from a Bluetooth speaker on the Hangar porch",99c428e6502d473e9ee060912c18cfac
spotify:track:1tjKIXd7DYNklhVSgBxREi,80a489147c544db5a53c5cede65c4617,2026-07-15T12:36:43Z,1,I don’t like Counting Crows but it’s hard to deny this is Hangar core. ,99c428e6502d473e9ee060912c18cfac
spotify:track:3mtUR8aNUoMblqX49YzVF3,80a489147c544db5a53c5cede65c4617,2026-07-15T12:36:43Z,0,A little generic and not quite hitting the mark,99c428e6502d473e9ee060912c18cfac
spotify:track:59v1okflZrEkeb9JrxfJvX,80a489147c544db5a53c5cede65c4617,2026-07-15T12:36:43Z,-1,"This is both a kind of lame song and I can’t imagine it playing on the hangar porch. Aside from the Beatles, 60s music just ain’t it for me   ",99c428e6502d473e9ee060912c18cfac
spotify:track:6V9VCm1zOY2lGR80RehJ9i,80a489147c544db5a53c5cede65c4617,2026-07-15T12:36:43Z,2,"Absolute masterpiece. This is song is gorgeous and unique from start to finish, and the country vibes would nicely complement a Hangar porch sit. Sammy submission I’m guessing ",99c428e6502d473e9ee060912c18cfac
spotify:track:3mtUR8aNUoMblqX49YzVF3,0f4f7275b1234127a43771293d707c5c,2026-07-15T16:01:54Z,1,,99c428e6502d473e9ee060912c18cfac
spotify:track:02VdHwnGhy5fTW2CTZkYsb,0f4f7275b1234127a43771293d707c5c,2026-07-15T16:01:54Z,1,This was the right vibe for me fs ,99c428e6502d473e9ee060912c18cfac
spotify:track:1qbn6QrHG8XfnqVFKgNzKP,0f4f7275b1234127a43771293d707c5c,2026-07-15T16:01:54Z,2,There are several Dylan songs that would have worked. Perhaps this is the perfect one? Love it ,99c428e6502d473e9ee060912c18cfac
spotify:track:1SWmFiFSIBoDbQJjNKC7SR,0f4f7275b1234127a43771293d707c5c,2026-07-15T16:01:54Z,0,This is more of a driving song to me ,99c428e6502d473e9ee060912c18cfac
spotify:track:7MZHqgTVTnN6xZGYAcEEAf,0f4f7275b1234127a43771293d707c5c,2026-07-15T16:01:54Z,0,I love this song but it’s just really not landing for me in this category ,99c428e6502d473e9ee060912c18cfac
spotify:track:1tjKIXd7DYNklhVSgBxREi,0f4f7275b1234127a43771293d707c5c,2026-07-15T16:01:54Z,0,Songs like this make me reflect with gratitude and love on how lucky I am to have friends like you!,99c428e6502d473e9ee060912c18cfac
spotify:track:6V9VCm1zOY2lGR80RehJ9i,0f4f7275b1234127a43771293d707c5c,2026-07-15T16:01:54Z,0,"Wichita mentioned! I liked this a lot but it got beat-out for me by some others that landed for me as better for the category. It’s a pretty subjective category though, thanks for this song. I added it to a playlist of mine :)",99c428e6502d473e9ee060912c18cfac
spotify:track:59v1okflZrEkeb9JrxfJvX,0f4f7275b1234127a43771293d707c5c,2026-07-15T16:01:54Z,-1,,99c428e6502d473e9ee060912c18cfac
spotify:track:1tjKIXd7DYNklhVSgBxREi,f53f0969b04049b5ba39a303ebb3e987,2026-07-16T15:44:25Z,1,,99c428e6502d473e9ee060912c18cfac
spotify:track:1qbn6QrHG8XfnqVFKgNzKP,f53f0969b04049b5ba39a303ebb3e987,2026-07-16T15:44:25Z,1,,99c428e6502d473e9ee060912c18cfac
spotify:track:1x1XQqhBViz4opcpwc7FVs,f53f0969b04049b5ba39a303ebb3e987,2026-07-16T15:44:25Z,1,,99c428e6502d473e9ee060912c18cfac
spotify:track:3mtUR8aNUoMblqX49YzVF3,f53f0969b04049b5ba39a303ebb3e987,2026-07-16T15:44:25Z,1,,99c428e6502d473e9ee060912c18cfac
spotify:track:7MZHqgTVTnN6xZGYAcEEAf,f53f0969b04049b5ba39a303ebb3e987,2026-07-16T15:44:25Z,-1,,99c428e6502d473e9ee060912c18cfac
spotify:track:1SWmFiFSIBoDbQJjNKC7SR,fa6235d130204772808d133e528b8ad7,2026-07-17T04:50:01Z,1,Maybe this wouldn’t have affected me as much a year ago but the wistfulness and melancholy in this one really worked. I miss being on the porch with you guys ,99c428e6502d473e9ee060912c18cfac
spotify:track:1tjKIXd7DYNklhVSgBxREi,fa6235d130204772808d133e528b8ad7,2026-07-17T04:50:01Z,1,Damn. Teared up a little,99c428e6502d473e9ee060912c18cfac
spotify:track:1x1XQqhBViz4opcpwc7FVs,fa6235d130204772808d133e528b8ad7,2026-07-17T04:50:01Z,0,Obviously good vibe but weirdly almost feels too upbeat for this specific purpose ,99c428e6502d473e9ee060912c18cfac
spotify:track:3mtUR8aNUoMblqX49YzVF3,fa6235d130204772808d133e528b8ad7,2026-07-17T04:50:01Z,1,"This isn’t to necessarily say that Alex submitted this, but this is a song Alex would queue during this porch sit ",99c428e6502d473e9ee060912c18cfac
spotify:track:59v1okflZrEkeb9JrxfJvX,fa6235d130204772808d133e528b8ad7,2026-07-17T04:50:01Z,0,Experimental indeed,99c428e6502d473e9ee060912c18cfac
spotify:track:02VdHwnGhy5fTW2CTZkYsb,fa6235d130204772808d133e528b8ad7,2026-07-17T04:50:01Z,-1,Feels like it goes on just a tad too long to work in this context (ik the Dylan is longer but it’s longer in an ambient way that works better somehow),99c428e6502d473e9ee060912c18cfac
spotify:track:1qbn6QrHG8XfnqVFKgNzKP,fa6235d130204772808d133e528b8ad7,2026-07-17T04:50:01Z,1,His voice in this annoys me and yet it feels fitting for the porch sit,99c428e6502d473e9ee060912c18cfac
spotify:track:1tjKIXd7DYNklhVSgBxREi,6d8e32d102054531811ff5c8a625977c,2026-07-17T20:06:08Z,1,"Practically half this album works as a Hangar Porch Sit soundtrack. Daylight Fading was a previous submission (my submission, in fact) but this one works just as well and I’ll choose not to penalize a song from the same album since I think it works so well. ",99c428e6502d473e9ee060912c18cfac
spotify:track:3mtUR8aNUoMblqX49YzVF3,6d8e32d102054531811ff5c8a625977c,2026-07-17T20:06:08Z,1,This feels very Hangarite. ,99c428e6502d473e9ee060912c18cfac
spotify:track:59v1okflZrEkeb9JrxfJvX,6d8e32d102054531811ff5c8a625977c,2026-07-17T20:06:08Z,0,"I did not really enjoy this personally and I’m not sure I could envision hearing it at a porch sit. But it’s an out of the box submission, not obvious, downvoting feels too cruel. I am ambivalent ",99c428e6502d473e9ee060912c18cfac
spotify:track:6V9VCm1zOY2lGR80RehJ9i,6d8e32d102054531811ff5c8a625977c,2026-07-17T20:06:08Z,1,Sammycore submission in the best way. Would 100% down a Fat Tire and watch the dying embers of a July sun to the strains of “I hear you singing in the wire…”,99c428e6502d473e9ee060912c18cfac
spotify:track:7MZHqgTVTnN6xZGYAcEEAf,6d8e32d102054531811ff5c8a625977c,2026-07-17T20:06:08Z,1,"It’s not a slam dunk but it’s such a great song, just recently discovered it (overheard playing in a Belizean coffee shop) and immediately liked it. I’m feeling generous",99c428e6502d473e9ee060912c18cfac
spotify:track:02VdHwnGhy5fTW2CTZkYsb,6d8e32d102054531811ff5c8a625977c,2026-07-17T20:06:08Z,0,"One of my all time favorite songs, but I don’t think it really fits the vibe of a porch sit. Maybe if I have the aux, but if I have the aux is it really doing justice to the porch sit?",99c428e6502d473e9ee060912c18cfac
spotify:track:1x1XQqhBViz4opcpwc7FVs,6d8e32d102054531811ff5c8a625977c,2026-07-17T20:06:08Z,-1,"Steely Dan feels like low hanging fruit, and this song even moreso. I even think there’s much better Steely Dan submissions for the category. ",99c428e6502d473e9ee060912c18cfac
spotify:track:1qbn6QrHG8XfnqVFKgNzKP,42db3c63b69a4479bedfcc2d22a6b73a,2026-07-17T20:16:42Z,1,,99c428e6502d473e9ee060912c18cfac
spotify:track:7MZHqgTVTnN6xZGYAcEEAf,42db3c63b69a4479bedfcc2d22a6b73a,2026-07-17T20:16:42Z,-1,,99c428e6502d473e9ee060912c18cfac
spotify:track:6V9VCm1zOY2lGR80RehJ9i,42db3c63b69a4479bedfcc2d22a6b73a,2026-07-17T20:16:42Z,1,,99c428e6502d473e9ee060912c18cfac
spotify:track:1x1XQqhBViz4opcpwc7FVs,42db3c63b69a4479bedfcc2d22a6b73a,2026-07-17T20:16:42Z,1,,99c428e6502d473e9ee060912c18cfac
spotify:track:1SWmFiFSIBoDbQJjNKC7SR,42db3c63b69a4479bedfcc2d22a6b73a,2026-07-17T20:16:42Z,1,,99c428e6502d473e9ee060912c18cfac
spotify:track:02VdHwnGhy5fTW2CTZkYsb,b3c43885f6ce4e8b861545158a22b7a2,2026-07-17T20:26:01Z,1,,99c428e6502d473e9ee060912c18cfac
spotify:track:1qbn6QrHG8XfnqVFKgNzKP,b3c43885f6ce4e8b861545158a22b7a2,2026-07-17T20:26:01Z,1,,99c428e6502d473e9ee060912c18cfac
spotify:track:1SWmFiFSIBoDbQJjNKC7SR,b3c43885f6ce4e8b861545158a22b7a2,2026-07-17T20:26:01Z,1,,99c428e6502d473e9ee060912c18cfac
spotify:track:1tjKIXd7DYNklhVSgBxREi,b3c43885f6ce4e8b861545158a22b7a2,2026-07-17T20:26:01Z,1,,99c428e6502d473e9ee060912c18cfac
spotify:track:59v1okflZrEkeb9JrxfJvX,b3c43885f6ce4e8b861545158a22b7a2,2026-07-17T20:26:01Z,-1,,99c428e6502d473e9ee060912c18cfac
spotify:track:1qbn6QrHG8XfnqVFKgNzKP,fc418ffeadb64c3f8e93a25fb942984f,2026-07-17T20:34:06Z,1,,99c428e6502d473e9ee060912c18cfac
spotify:track:1x1XQqhBViz4opcpwc7FVs,fc418ffeadb64c3f8e93a25fb942984f,2026-07-17T20:34:06Z,1,,99c428e6502d473e9ee060912c18cfac
spotify:track:59v1okflZrEkeb9JrxfJvX,fc418ffeadb64c3f8e93a25fb942984f,2026-07-17T20:34:06Z,-1,,99c428e6502d473e9ee060912c18cfac
spotify:track:6V9VCm1zOY2lGR80RehJ9i,fc418ffeadb64c3f8e93a25fb942984f,2026-07-17T20:34:06Z,1,,99c428e6502d473e9ee060912c18cfac
spotify:track:7M9UBtiqUp20BhLvC39orO,fc418ffeadb64c3f8e93a25fb942984f,2026-07-17T20:34:06Z,1,,99c428e6502d473e9ee060912c18cfac
spotify:track:7MZHqgTVTnN6xZGYAcEEAf,fc418ffeadb64c3f8e93a25fb942984f,2026-07-17T20:34:06Z,0,Didn’t have enough upvotes:(,99c428e6502d473e9ee060912c18cfac
spotify:track:6RrlTNk3a68nMjN5vSOXMp,699c7b228f3b436880363c6d92c3976f,2026-07-20T21:24:04Z,-1,I would speed in a covered wagon to this I guess,ed51ac26c1fb4e7d9c751f076e4da905
spotify:track:5iJfzXKvQXlYOBtEQhEmpA,699c7b228f3b436880363c6d92c3976f,2026-07-20T21:24:04Z,0,Admiral Perry made a mistake ,ed51ac26c1fb4e7d9c751f076e4da905
spotify:track:57fqmDaokbxZ3TaB0jp39q,699c7b228f3b436880363c6d92c3976f,2026-07-20T21:24:04Z,0,Mid,ed51ac26c1fb4e7d9c751f076e4da905
spotify:track:34x6hEJgGAOQvmlMql5Ige,699c7b228f3b436880363c6d92c3976f,2026-07-20T21:24:04Z,0,"Somewhere, Jimmy McGrath is twitching",ed51ac26c1fb4e7d9c751f076e4da905
spotify:track:2yHFlRtC1sUcg2sGNH5YVi,699c7b228f3b436880363c6d92c3976f,2026-07-20T21:24:04Z,4,yes,ed51ac26c1fb4e7d9c751f076e4da905
spotify:track:2SiXAy7TuUkycRVbbWDEpo,699c7b228f3b436880363c6d92c3976f,2026-07-20T21:24:04Z,0,Prurient and cliche ,ed51ac26c1fb4e7d9c751f076e4da905
spotify:track:1UMdbkqX19OiwfExH7gzYA,699c7b228f3b436880363c6d92c3976f,2026-07-20T21:24:04Z,0,Joseph no,ed51ac26c1fb4e7d9c751f076e4da905
spotify:track:1mUG7ftwIxuq5fhMPkyM02,699c7b228f3b436880363c6d92c3976f,2026-07-20T21:24:04Z,0,Somnolent ,ed51ac26c1fb4e7d9c751f076e4da905
spotify:track:17ZudB7TsEaC3l94JIBGme,699c7b228f3b436880363c6d92c3976f,2026-07-20T21:24:04Z,0,Hmm,ed51ac26c1fb4e7d9c751f076e4da905
spotify:track:2yHFlRtC1sUcg2sGNH5YVi,c1b6888dec1e4113b65883ad590d3969,2026-07-20T21:45:59Z,1,,ed51ac26c1fb4e7d9c751f076e4da905
spotify:track:1UMdbkqX19OiwfExH7gzYA,c1b6888dec1e4113b65883ad590d3969,2026-07-20T21:45:59Z,2,,ed51ac26c1fb4e7d9c751f076e4da905
spotify:track:1mUG7ftwIxuq5fhMPkyM02,c1b6888dec1e4113b65883ad590d3969,2026-07-20T21:45:59Z,-1,,ed51ac26c1fb4e7d9c751f076e4da905
spotify:track:17ZudB7TsEaC3l94JIBGme,c1b6888dec1e4113b65883ad590d3969,2026-07-20T21:45:59Z,1,,ed51ac26c1fb4e7d9c751f076e4da905
spotify:track:57fqmDaokbxZ3TaB0jp39q,f53f0969b04049b5ba39a303ebb3e987,2026-07-20T21:49:37Z,-1,blasphemous,ed51ac26c1fb4e7d9c751f076e4da905
spotify:track:1mUG7ftwIxuq5fhMPkyM02,f53f0969b04049b5ba39a303ebb3e987,2026-07-20T21:49:37Z,1,,ed51ac26c1fb4e7d9c751f076e4da905
spotify:track:5iJfzXKvQXlYOBtEQhEmpA,f53f0969b04049b5ba39a303ebb3e987,2026-07-20T21:49:37Z,3,,ed51ac26c1fb4e7d9c751f076e4da905
spotify:track:0ukySDr4uEzZE36s7t7X8E,fa6235d130204772808d133e528b8ad7,2026-07-21T22:44:12Z,1,Assuming this is a Sammy pick? I think the 80s angle works well for this round,ed51ac26c1fb4e7d9c751f076e4da905
spotify:track:17ZudB7TsEaC3l94JIBGme,fa6235d130204772808d133e528b8ad7,2026-07-21T22:44:12Z,-1,This felt like cruising down the highway at a pleasant but legal speed ,ed51ac26c1fb4e7d9c751f076e4da905
spotify:track:1mUG7ftwIxuq5fhMPkyM02,fa6235d130204772808d133e528b8ad7,2026-07-21T22:44:12Z,0,If you’re gonna submit Hans Zimmer for this round it should’ve been something from the Spirit soundtrack (I’m being dead serious),ed51ac26c1fb4e7d9c751f076e4da905
spotify:track:1UMdbkqX19OiwfExH7gzYA,fa6235d130204772808d133e528b8ad7,2026-07-21T22:44:12Z,1,This started off super hype but the effect wore off after a while. It didn’t help that I spent the middle ~5 minutes of the songs stuck at a temporary construction light on the 150. Gets a vote anyway bc I feel like I have quibbles with almost all the songs and this was still one of the better ones,ed51ac26c1fb4e7d9c751f076e4da905
spotify:track:2SiXAy7TuUkycRVbbWDEpo,fa6235d130204772808d133e528b8ad7,2026-07-21T22:44:12Z,1,Feels in the same vein as the Motley crue that swept last time but doesn’t have quite the same energy. Still made top 4 for me,ed51ac26c1fb4e7d9c751f076e4da905
spotify:track:2yHFlRtC1sUcg2sGNH5YVi,fa6235d130204772808d133e528b8ad7,2026-07-21T22:44:12Z,0,If I’d seen the movie this might work better for me. I know it’s about an 18 wheeler but I feel like this would only make me speed if I were driving a buggy ,ed51ac26c1fb4e7d9c751f076e4da905
spotify:track:57fqmDaokbxZ3TaB0jp39q,fa6235d130204772808d133e528b8ad7,2026-07-21T22:44:12Z,1,This worked for me,ed51ac26c1fb4e7d9c751f076e4da905
spotify:track:5iJfzXKvQXlYOBtEQhEmpA,fa6235d130204772808d133e528b8ad7,2026-07-21T22:44:12Z,0,"The instrumentals got me excited but the lyrics for the most part were annoying, sorry",ed51ac26c1fb4e7d9c751f076e4da905
spotify:track:6RrlTNk3a68nMjN5vSOXMp,fa6235d130204772808d133e528b8ad7,2026-07-21T22:44:12Z,0,The instrumental intro made me hit the gas but lost momentum during the chorus,ed51ac26c1fb4e7d9c751f076e4da905
spotify:track:6RrlTNk3a68nMjN5vSOXMp,9800e906592547f4ab0717aa56097b49,2026-07-22T15:54:31Z,0,Song that plays during the trailer for direct to Netflix movie about a white person looking for their lost dog and discovering adventure along the way,ed51ac26c1fb4e7d9c751f076e4da905
spotify:track:0ukySDr4uEzZE36s7t7X8E,9800e906592547f4ab0717aa56097b49,2026-07-22T15:54:31Z,1,"This brings to mind beautiful memories of ""Songs Corey Would Love""....good times. A particular sound that calls to mind driving in a way other sounds can't. Great pick.",ed51ac26c1fb4e7d9c751f076e4da905
spotify:track:17ZudB7TsEaC3l94JIBGme,9800e906592547f4ab0717aa56097b49,2026-07-22T15:54:31Z,0,"What are you speeding away from....what are you speeding towards...

Maybe this one is just me",ed51ac26c1fb4e7d9c751f076e4da905
spotify:track:1mUG7ftwIxuq5fhMPkyM02,9800e906592547f4ab0717aa56097b49,2026-07-22T15:54:31Z,-1,"You know what I'm gonna say it. Hans Zimmer doesn't do it for me. Never really has. I think he's overhyped. 
""""It insists upon itself."" - Peter Griffin"" - Sammy Roberts",ed51ac26c1fb4e7d9c751f076e4da905
spotify:track:1UMdbkqX19OiwfExH7gzYA,9800e906592547f4ab0717aa56097b49,2026-07-22T15:54:31Z,1,"Sadly this is a millennial sleeper agent activitation song. I was there.....Guitar Hero 3.....2007....
",ed51ac26c1fb4e7d9c751f076e4da905
spotify:track:2SiXAy7TuUkycRVbbWDEpo,9800e906592547f4ab0717aa56097b49,2026-07-22T15:54:31Z,0,Sadly a banger.,ed51ac26c1fb4e7d9c751f076e4da905
spotify:track:2yHFlRtC1sUcg2sGNH5YVi,9800e906592547f4ab0717aa56097b49,2026-07-22T15:54:31Z,0,Great choice and good song but doesn't win out for me,ed51ac26c1fb4e7d9c751f076e4da905
spotify:track:34x6hEJgGAOQvmlMql5Ige,9800e906592547f4ab0717aa56097b49,2026-07-22T15:54:31Z,0,Too cliche for me tbh,ed51ac26c1fb4e7d9c751f076e4da905
spotify:track:57fqmDaokbxZ3TaB0jp39q,9800e906592547f4ab0717aa56097b49,2026-07-22T15:54:31Z,0,I actually really enjoyed this but don't see the speeding angle,ed51ac26c1fb4e7d9c751f076e4da905
spotify:track:5iJfzXKvQXlYOBtEQhEmpA,9800e906592547f4ab0717aa56097b49,2026-07-22T15:54:31Z,2,"I feel bad for saying ""Danger Zone"" is too cliche and then voting for this, but the bit chooses you, and I 100% would commit to the bit and feel compelled to speed if listening to this",ed51ac26c1fb4e7d9c751f076e4da905
spotify:track:1mUG7ftwIxuq5fhMPkyM02,42db3c63b69a4479bedfcc2d22a6b73a,2026-07-22T19:26:08Z,-1,,ed51ac26c1fb4e7d9c751f076e4da905
spotify:track:1UMdbkqX19OiwfExH7gzYA,42db3c63b69a4479bedfcc2d22a6b73a,2026-07-22T19:26:08Z,2,,ed51ac26c1fb4e7d9c751f076e4da905
spotify:track:57fqmDaokbxZ3TaB0jp39q,42db3c63b69a4479bedfcc2d22a6b73a,2026-07-22T19:26:08Z,1,,ed51ac26c1fb4e7d9c751f076e4da905
spotify:track:0ukySDr4uEzZE36s7t7X8E,42db3c63b69a4479bedfcc2d22a6b73a,2026-07-22T19:26:08Z,1,,ed51ac26c1fb4e7d9c751f076e4da905
spotify:track:5iJfzXKvQXlYOBtEQhEmpA,6d8e32d102054531811ff5c8a625977c,2026-07-22T21:55:46Z,0,"I know it’s like, literally part of the movie title but I don’t know if I’m really going all that fast to this ",ed51ac26c1fb4e7d9c751f076e4da905
spotify:track:2SiXAy7TuUkycRVbbWDEpo,6d8e32d102054531811ff5c8a625977c,2026-07-22T21:55:46Z,1,,ed51ac26c1fb4e7d9c751f076e4da905
spotify:track:6RrlTNk3a68nMjN5vSOXMp,6d8e32d102054531811ff5c8a625977c,2026-07-22T21:55:46Z,1,Not typical for this round but I like it. Speeding is more than just hard rock/heavy metal ,ed51ac26c1fb4e7d9c751f076e4da905
spotify:track:0ukySDr4uEzZE36s7t7X8E,6d8e32d102054531811ff5c8a625977c,2026-07-22T21:55:46Z,1,,ed51ac26c1fb4e7d9c751f076e4da905
spotify:track:1mUG7ftwIxuq5fhMPkyM02,6d8e32d102054531811ff5c8a625977c,2026-07-22T21:55:46Z,-1,,ed51ac26c1fb4e7d9c751f076e4da905
spotify:track:2yHFlRtC1sUcg2sGNH5YVi,6d8e32d102054531811ff5c8a625977c,2026-07-22T21:55:46Z,1,Best shout on the list. ,ed51ac26c1fb4e7d9c751f076e4da905
spotify:track:6RrlTNk3a68nMjN5vSOXMp,80a489147c544db5a53c5cede65c4617,2026-07-23T14:02:30Z,0,"I’m sorry Fiona, but no",ed51ac26c1fb4e7d9c751f076e4da905
spotify:track:0ukySDr4uEzZE36s7t7X8E,80a489147c544db5a53c5cede65c4617,2026-07-23T14:02:30Z,0,It’s so boring! Fast tempo alone can’t make me speed. Also singing in German always sounds like a bit,ed51ac26c1fb4e7d9c751f076e4da905
spotify:track:17ZudB7TsEaC3l94JIBGme,80a489147c544db5a53c5cede65c4617,2026-07-23T14:02:30Z,-1,Only way I could speed to this is if I fell asleep with my foot on the throttle,ed51ac26c1fb4e7d9c751f076e4da905
spotify:track:1mUG7ftwIxuq5fhMPkyM02,80a489147c544db5a53c5cede65c4617,2026-07-23T14:02:30Z,1,Most of this is chilled out and slow… but this playlist is quite painful so I guess it gets a vote ,ed51ac26c1fb4e7d9c751f076e4da905
spotify:track:2SiXAy7TuUkycRVbbWDEpo,80a489147c544db5a53c5cede65c4617,2026-07-23T14:02:30Z,0,This is more of a cruising song than a speeding song,ed51ac26c1fb4e7d9c751f076e4da905
spotify:track:34x6hEJgGAOQvmlMql5Ige,80a489147c544db5a53c5cede65c4617,2026-07-23T14:02:30Z,3,Hm I wonder what decade this was recorded in,ed51ac26c1fb4e7d9c751f076e4da905
spotify:track:57fqmDaokbxZ3TaB0jp39q,80a489147c544db5a53c5cede65c4617,2026-07-23T14:02:30Z,0,The kind of song that makes me question whether I even like music,ed51ac26c1fb4e7d9c751f076e4da905
spotify:track:34x6hEJgGAOQvmlMql5Ige,fc418ffeadb64c3f8e93a25fb942984f,2026-07-23T14:07:08Z,1,,ed51ac26c1fb4e7d9c751f076e4da905
spotify:track:2yHFlRtC1sUcg2sGNH5YVi,fc418ffeadb64c3f8e93a25fb942984f,2026-07-23T14:07:08Z,1,,ed51ac26c1fb4e7d9c751f076e4da905
spotify:track:2SiXAy7TuUkycRVbbWDEpo,fc418ffeadb64c3f8e93a25fb942984f,2026-07-23T14:07:08Z,0,Runner up for me,ed51ac26c1fb4e7d9c751f076e4da905
spotify:track:1UMdbkqX19OiwfExH7gzYA,fc418ffeadb64c3f8e93a25fb942984f,2026-07-23T14:07:08Z,1,,ed51ac26c1fb4e7d9c751f076e4da905
spotify:track:17ZudB7TsEaC3l94JIBGme,fc418ffeadb64c3f8e93a25fb942984f,2026-07-23T14:07:08Z,-1,"This is the song least likely to make me speed, but thank you for reminding me of my dad:)
He would always play Jackson Browne on car trips… often the tribute album",ed51ac26c1fb4e7d9c751f076e4da905
spotify:track:0ukySDr4uEzZE36s7t7X8E,fc418ffeadb64c3f8e93a25fb942984f,2026-07-23T14:07:08Z,1,,ed51ac26c1fb4e7d9c751f076e4da905
spotify:track:1UMdbkqX19OiwfExH7gzYA,0f4f7275b1234127a43771293d707c5c,2026-07-23T18:32:29Z,0,"This one makes me wanna drive directly into a brick wall, not drive fast and live ",ed51ac26c1fb4e7d9c751f076e4da905
spotify:track:1mUG7ftwIxuq5fhMPkyM02,0f4f7275b1234127a43771293d707c5c,2026-07-23T18:32:29Z,1,"This might play in a movie while a race car is in flowstate on a straightaway, and it happened to come on when I was driving a windy paved section of a country drive so it worked",ed51ac26c1fb4e7d9c751f076e4da905
spotify:track:6RrlTNk3a68nMjN5vSOXMp,0f4f7275b1234127a43771293d707c5c,2026-07-23T18:32:29Z,0,"This one slaps on a small hwy with the windows down, trust. It was an extreme relief when my song came on. I’m not going to lie. I think this is the best submission.",ed51ac26c1fb4e7d9c751f076e4da905
spotify:track:0ukySDr4uEzZE36s7t7X8E,0f4f7275b1234127a43771293d707c5c,2026-07-23T18:32:29Z,0,"I think I see the vision, but it was not quite it for me ",ed51ac26c1fb4e7d9c751f076e4da905
spotify:track:17ZudB7TsEaC3l94JIBGme,0f4f7275b1234127a43771293d707c5c,2026-07-23T18:32:29Z,0,I really appreciate a JB inclusion but this makes me wanna set my cruise to 55 ,ed51ac26c1fb4e7d9c751f076e4da905
spotify:track:5iJfzXKvQXlYOBtEQhEmpA,0f4f7275b1234127a43771293d707c5c,2026-07-23T18:32:29Z,-1,Makes me want to throw myself out of a moving car ,ed51ac26c1fb4e7d9c751f076e4da905
spotify:track:57fqmDaokbxZ3TaB0jp39q,0f4f7275b1234127a43771293d707c5c,2026-07-23T18:32:29Z,2,We need to start making more specific playlists “it’s 1985 and you’re about to get a DUI and a speeding ticket”,ed51ac26c1fb4e7d9c751f076e4da905
spotify:track:34x6hEJgGAOQvmlMql5Ige,0f4f7275b1234127a43771293d707c5c,2026-07-23T18:32:29Z,1,Yeah always but maybe too obvious? But I gotta,ed51ac26c1fb4e7d9c751f076e4da905
spotify:track:2yHFlRtC1sUcg2sGNH5YVi,0f4f7275b1234127a43771293d707c5c,2026-07-23T18:32:29Z,0,Makes me wanna go a bit too fast on a dirt road ig but got beat out ,ed51ac26c1fb4e7d9c751f076e4da905
spotify:track:2SiXAy7TuUkycRVbbWDEpo,0f4f7275b1234127a43771293d707c5c,2026-07-23T18:32:29Z,0,Yeahhhh I see but like not fully feeling/got beat ,ed51ac26c1fb4e7d9c751f076e4da905
spotify:track:1LgHWnXPWBVBd1glRjQerp,c1b6888dec1e4113b65883ad590d3969,2026-07-26T03:21:56Z,1,,e365e6c5076f438c8db4a5a21f196f78
spotify:track:2Ycu4Hxydk6tdO404iWByo,c1b6888dec1e4113b65883ad590d3969,2026-07-26T03:21:56Z,1,,e365e6c5076f438c8db4a5a21f196f78
spotify:track:4RemJX5ySe5FJDqwXPS5QZ,c1b6888dec1e4113b65883ad590d3969,2026-07-26T03:21:56Z,-1,,e365e6c5076f438c8db4a5a21f196f78
spotify:track:7BVwi9cIzSc6tpyxsp47vJ,c1b6888dec1e4113b65883ad590d3969,2026-07-26T03:21:56Z,1,,e365e6c5076f438c8db4a5a21f196f78
spotify:track:7soJgKhQTO8hLP2JPRkL5O,c1b6888dec1e4113b65883ad590d3969,2026-07-26T03:21:56Z,1,,e365e6c5076f438c8db4a5a21f196f78
spotify:track:2wCRJwiL1WSrW0Dwfco7Nj,0f4f7275b1234127a43771293d707c5c,2026-07-26T13:07:25Z,1,,e365e6c5076f438c8db4a5a21f196f78
spotify:track:4lVVewXw4g8hB7sldQyJiL,0f4f7275b1234127a43771293d707c5c,2026-07-26T13:07:25Z,3,,e365e6c5076f438c8db4a5a21f196f78
spotify:track:7soJgKhQTO8hLP2JPRkL5O,0f4f7275b1234127a43771293d707c5c,2026-07-26T13:07:25Z,-1,Just annoys me ,e365e6c5076f438c8db4a5a21f196f78
spotify:track:1LgHWnXPWBVBd1glRjQerp,f53f0969b04049b5ba39a303ebb3e987,2026-07-27T02:33:28Z,-1,,e365e6c5076f438c8db4a5a21f196f78
spotify:track:2Ycu4Hxydk6tdO404iWByo,f53f0969b04049b5ba39a303ebb3e987,2026-07-27T02:33:28Z,1,,e365e6c5076f438c8db4a5a21f196f78
spotify:track:7hdVMPuU0ur50wAW9uGZD5,f53f0969b04049b5ba39a303ebb3e987,2026-07-27T02:33:28Z,2,,e365e6c5076f438c8db4a5a21f196f78
spotify:track:7soJgKhQTO8hLP2JPRkL5O,f53f0969b04049b5ba39a303ebb3e987,2026-07-27T02:33:28Z,1,,e365e6c5076f438c8db4a5a21f196f78
spotify:track:1LgHWnXPWBVBd1glRjQerp,fa6235d130204772808d133e528b8ad7,2026-07-28T03:40:56Z,0,Feels more like “unintentionally about the Christian life” than “unintentionally about Jesus.” Nitpicky? Perhaps. I see what you’re doing here but doesn’t make podium for me,e365e6c5076f438c8db4a5a21f196f78
spotify:track:2wCRJwiL1WSrW0Dwfco7Nj,fa6235d130204772808d133e528b8ad7,2026-07-28T03:40:56Z,1,I see the vision. Part of me feels like it’s so short and simple that it’s not actually that impressive. But what lyrics there are are pretty on target ,e365e6c5076f438c8db4a5a21f196f78
spotify:track:2WfaOiMkCvy7F5fcp2zZ8L,fa6235d130204772808d133e528b8ad7,2026-07-28T03:40:56Z,0,"I wanted to be super into this. The lyrics are just so odd that it’s hard to see what the Jesus read of them would be bc it’s hard to know what they’re saying in the first place? Idk, it just didn’t fully click for me",e365e6c5076f438c8db4a5a21f196f78
spotify:track:2Ycu4Hxydk6tdO404iWByo,fa6235d130204772808d133e528b8ad7,2026-07-28T03:40:56Z,-1,"This might be me misunderstanding the song, but I feel like the religious allusions are intentional. So while they’re being used to talk about someone who’s not Jesus, I think this isn’t quite the right fit for this round bc the way in which the lyrics can be taken religiously was both foreseen and intended",e365e6c5076f438c8db4a5a21f196f78
spotify:track:4lVVewXw4g8hB7sldQyJiL,fa6235d130204772808d133e528b8ad7,2026-07-28T03:40:56Z,1,"There are some lines that don’t quite work which is fine—but the hook works, pretty well imo",e365e6c5076f438c8db4a5a21f196f78
spotify:track:4RemJX5ySe5FJDqwXPS5QZ,fa6235d130204772808d133e528b8ad7,2026-07-28T03:40:56Z,1,"Maybe my inner theatre kid is just unable to resist but I like this take. Even if the lyrics aren’t explicitly Jesus esque, this really is how Jesus looks at you",e365e6c5076f438c8db4a5a21f196f78
spotify:track:5AJaoXVdWEQhvYNsVfFflI,fa6235d130204772808d133e528b8ad7,2026-07-28T03:40:56Z,0,"I see the read here, it just didn’t strike me as much as others ",e365e6c5076f438c8db4a5a21f196f78
spotify:track:7BVwi9cIzSc6tpyxsp47vJ,fa6235d130204772808d133e528b8ad7,2026-07-28T03:40:56Z,1,This was on my shortlist. The  “this body is yours” line is so perfect. I feared people wouldn’t get it/wouldn’t like that it was the riptide guy so I chickened out. But I commend the person who was braver than I,e365e6c5076f438c8db4a5a21f196f78
spotify:track:7hdVMPuU0ur50wAW9uGZD5,fa6235d130204772808d133e528b8ad7,2026-07-28T03:40:56Z,0,Technically not a repeat but this one feels less impressive bc we had another similar song by her in the St Therese round. I feel like I’d have to be really blown away by the submission for it to make my podium given that context,e365e6c5076f438c8db4a5a21f196f78
spotify:track:1LgHWnXPWBVBd1glRjQerp,80a489147c544db5a53c5cede65c4617,2026-07-28T20:48:49Z,0,There’s like one line that works,e365e6c5076f438c8db4a5a21f196f78
spotify:track:2wCRJwiL1WSrW0Dwfco7Nj,80a489147c544db5a53c5cede65c4617,2026-07-28T20:48:49Z,-1,,e365e6c5076f438c8db4a5a21f196f78
spotify:track:2WfaOiMkCvy7F5fcp2zZ8L,80a489147c544db5a53c5cede65c4617,2026-07-28T20:48:49Z,0,Interesting…,e365e6c5076f438c8db4a5a21f196f78
spotify:track:2Ycu4Hxydk6tdO404iWByo,80a489147c544db5a53c5cede65c4617,2026-07-28T20:48:49Z,0,Aggressively mediocre,e365e6c5076f438c8db4a5a21f196f78
spotify:track:7BVwi9cIzSc6tpyxsp47vJ,80a489147c544db5a53c5cede65c4617,2026-07-28T20:48:49Z,2,This body is yours and mine,e365e6c5076f438c8db4a5a21f196f78
spotify:track:7hdVMPuU0ur50wAW9uGZD5,80a489147c544db5a53c5cede65c4617,2026-07-28T20:48:49Z,2,Something about the vibe of this just works. Major Song of Songs vibes,e365e6c5076f438c8db4a5a21f196f78
spotify:track:7soJgKhQTO8hLP2JPRkL5O,80a489147c544db5a53c5cede65c4617,2026-07-28T20:48:49Z,0,Annoying interpretation,e365e6c5076f438c8db4a5a21f196f78
spotify:track:2wCRJwiL1WSrW0Dwfco7Nj,b3c43885f6ce4e8b861545158a22b7a2,2026-07-29T01:58:31Z,1,,e365e6c5076f438c8db4a5a21f196f78
spotify:track:2Ycu4Hxydk6tdO404iWByo,b3c43885f6ce4e8b861545158a22b7a2,2026-07-29T01:58:31Z,1,,e365e6c5076f438c8db4a5a21f196f78
spotify:track:4lVVewXw4g8hB7sldQyJiL,b3c43885f6ce4e8b861545158a22b7a2,2026-07-29T01:58:31Z,-1,,e365e6c5076f438c8db4a5a21f196f78
spotify:track:5AJaoXVdWEQhvYNsVfFflI,b3c43885f6ce4e8b861545158a22b7a2,2026-07-29T01:58:31Z,1,,e365e6c5076f438c8db4a5a21f196f78
spotify:track:7soJgKhQTO8hLP2JPRkL5O,b3c43885f6ce4e8b861545158a22b7a2,2026-07-29T01:58:31Z,1,,e365e6c5076f438c8db4a5a21f196f78
spotify:track:2wCRJwiL1WSrW0Dwfco7Nj,699c7b228f3b436880363c6d92c3976f,2026-07-29T20:18:30Z,0,"yo brah, this lolo",e365e6c5076f438c8db4a5a21f196f78
spotify:track:2WfaOiMkCvy7F5fcp2zZ8L,699c7b228f3b436880363c6d92c3976f,2026-07-29T20:18:30Z,0,Fun song but I don't think it fits the prompt ,e365e6c5076f438c8db4a5a21f196f78
spotify:track:2Ycu4Hxydk6tdO404iWByo,699c7b228f3b436880363c6d92c3976f,2026-07-29T20:18:30Z,-1,Honestly great song but certainly not unintentional ,e365e6c5076f438c8db4a5a21f196f78
spotify:track:4lVVewXw4g8hB7sldQyJiL,699c7b228f3b436880363c6d92c3976f,2026-07-29T20:18:30Z,0,No,e365e6c5076f438c8db4a5a21f196f78
spotify:track:4RemJX5ySe5FJDqwXPS5QZ,699c7b228f3b436880363c6d92c3976f,2026-07-29T20:18:30Z,2,I hate voting for this,e365e6c5076f438c8db4a5a21f196f78
spotify:track:7BVwi9cIzSc6tpyxsp47vJ,699c7b228f3b436880363c6d92c3976f,2026-07-29T20:18:30Z,2,I hate voting for this but it fits the prompt and is less bad than the other ones,e365e6c5076f438c8db4a5a21f196f78
spotify:track:7soJgKhQTO8hLP2JPRkL5O,699c7b228f3b436880363c6d92c3976f,2026-07-29T20:18:30Z,0,Gay,e365e6c5076f438c8db4a5a21f196f78
spotify:track:2WfaOiMkCvy7F5fcp2zZ8L,fc418ffeadb64c3f8e93a25fb942984f,2026-07-29T21:20:42Z,-1,Didn’t fully see it,e365e6c5076f438c8db4a5a21f196f78
spotify:track:4RemJX5ySe5FJDqwXPS5QZ,fc418ffeadb64c3f8e93a25fb942984f,2026-07-29T21:20:42Z,1,,e365e6c5076f438c8db4a5a21f196f78
spotify:track:7BVwi9cIzSc6tpyxsp47vJ,fc418ffeadb64c3f8e93a25fb942984f,2026-07-29T21:20:42Z,2,,e365e6c5076f438c8db4a5a21f196f78
spotify:track:7soJgKhQTO8hLP2JPRkL5O,fc418ffeadb64c3f8e93a25fb942984f,2026-07-29T21:20:42Z,1,,e365e6c5076f438c8db4a5a21f196f78
spotify:track:2WfaOiMkCvy7F5fcp2zZ8L,6d8e32d102054531811ff5c8a625977c,2026-07-29T21:28:11Z,1,"Alright this is what I came for, this is a cool read ",e365e6c5076f438c8db4a5a21f196f78
spotify:track:2Ycu4Hxydk6tdO404iWByo,6d8e32d102054531811ff5c8a625977c,2026-07-29T21:28:11Z,1,"Thank you for the reminder that I need to listen to more Black Keys, I like most everything I’ve heard. Lyrically this is exactly the kind of thing that makes this category so fun and interesting to me ",e365e6c5076f438c8db4a5a21f196f78
spotify:track:4lVVewXw4g8hB7sldQyJiL,6d8e32d102054531811ff5c8a625977c,2026-07-29T21:28:11Z,1,Good shout. You win this time Joseph ,e365e6c5076f438c8db4a5a21f196f78
spotify:track:7BVwi9cIzSc6tpyxsp47vJ,6d8e32d102054531811ff5c8a625977c,2026-07-29T21:28:11Z,1,"I didn’t like it at first, and I’m really not a fan of Vance Joy, but I was won over by the repeated Eucharistic imagery. That’s pretty spot-on",e365e6c5076f438c8db4a5a21f196f78
spotify:track:7hdVMPuU0ur50wAW9uGZD5,6d8e32d102054531811ff5c8a625977c,2026-07-29T21:28:11Z,0,Personally I’m partial to the “Jesus was unattractive and simple looking” patristic take,e365e6c5076f438c8db4a5a21f196f78
spotify:track:7soJgKhQTO8hLP2JPRkL5O,6d8e32d102054531811ff5c8a625977c,2026-07-29T21:28:11Z,-1,"Respectfully, nah",e365e6c5076f438c8db4a5a21f196f78
spotify:track:0Ai9AoDbBcIHqtQPb0hL2b,f53f0969b04049b5ba39a303ebb3e987,2026-08-01T11:38:24Z,-1,,93e228932a13414b9094161a37de9a36
spotify:track:0eBryM7ePQH3Klt3jz8xZd,f53f0969b04049b5ba39a303ebb3e987,2026-08-01T11:38:24Z,1,,93e228932a13414b9094161a37de9a36
spotify:track:2ibKVeYx0lHMzkRv1m6RJd,f53f0969b04049b5ba39a303ebb3e987,2026-08-01T11:38:24Z,1,,93e228932a13414b9094161a37de9a36
spotify:track:3Zj3UZgeP5fKJV9iO6mt6d,f53f0969b04049b5ba39a303ebb3e987,2026-08-01T11:38:24Z,1,,93e228932a13414b9094161a37de9a36
spotify:track:6Z1tHrg8rpzeqhzHU4Kjto,f53f0969b04049b5ba39a303ebb3e987,2026-08-01T11:38:24Z,1,,93e228932a13414b9094161a37de9a36
spotify:track:0Ai9AoDbBcIHqtQPb0hL2b,c1b6888dec1e4113b65883ad590d3969,2026-08-01T15:21:22Z,1,,93e228932a13414b9094161a37de9a36
spotify:track:3Zj3UZgeP5fKJV9iO6mt6d,c1b6888dec1e4113b65883ad590d3969,2026-08-01T15:21:22Z,1,,93e228932a13414b9094161a37de9a36
spotify:track:5kSryLUeRxDbfHSq7DXDS1,c1b6888dec1e4113b65883ad590d3969,2026-08-01T15:21:22Z,2,,93e228932a13414b9094161a37de9a36
spotify:track:6PyZGb1rB7oLKCICWTmGYa,c1b6888dec1e4113b65883ad590d3969,2026-08-01T15:21:22Z,-1,,93e228932a13414b9094161a37de9a36
spotify:track:0eBryM7ePQH3Klt3jz8xZd,699c7b228f3b436880363c6d92c3976f,2026-08-01T20:56:26Z,-1,,93e228932a13414b9094161a37de9a36
spotify:track:52Bvu2IqOZuq77KRkDcLzS,699c7b228f3b436880363c6d92c3976f,2026-08-01T20:56:26Z,3,Really only unique one on this list. Also enjoyable ,93e228932a13414b9094161a37de9a36
spotify:track:6Z1tHrg8rpzeqhzHU4Kjto,699c7b228f3b436880363c6d92c3976f,2026-08-01T20:56:26Z,1,,93e228932a13414b9094161a37de9a36
spotify:track:0Ai9AoDbBcIHqtQPb0hL2b,9800e906592547f4ab0717aa56097b49,2026-08-03T12:56:00Z,0,"Lyrically I can't really fault this one, but the guy has terminal Gen Z voice and I wasn't a huge fan of the sound",93e228932a13414b9094161a37de9a36
spotify:track:0eBryM7ePQH3Klt3jz8xZd,9800e906592547f4ab0717aa56097b49,2026-08-03T12:56:00Z,0,"I feel like this might have been submitted before? Or I just heard it recently and feel like the only way would have been via ML. 
Either way, not a fan tbh. ",93e228932a13414b9094161a37de9a36
spotify:track:1prZ0pr6XoRCxcrC3MCL0M,9800e906592547f4ab0717aa56097b49,2026-08-03T12:56:00Z,3,"Perfection. Best submission by far imo. I haven't come up for the word for it yet, but this is another entry in my very narrow category ""Songs that sound exactly like the thing they are trying to describe"". Not only do the lyrics perfectly capture falling in love, but the song sounds exactly like it feels. ",93e228932a13414b9094161a37de9a36
spotify:track:1qbmS6ep2hbBRaEZFpn7BX,9800e906592547f4ab0717aa56097b49,2026-08-03T12:56:00Z,0,"So when I converted this to Apple Music, it pulled a teen angst cover of this song, which actually went kind of hard, and I assumed it was Joseph or Claire's submission. Just went back and listened to the original version, which is better for sure, but I kind of like the idea of Joseph identifying the idea of falling in love with hardcore music, like a 16 year old in 2008. 
",93e228932a13414b9094161a37de9a36
spotify:track:2ibKVeYx0lHMzkRv1m6RJd,9800e906592547f4ab0717aa56097b49,2026-08-03T12:56:00Z,0,I don't know what this song is about,93e228932a13414b9094161a37de9a36
spotify:track:3Zj3UZgeP5fKJV9iO6mt6d,9800e906592547f4ab0717aa56097b49,2026-08-03T12:56:00Z,1,"I have to reward this. First, it's a banger. Second, I like the identification of the small moments as where love is really found. 
Reminds me of John 1:39 ""Come,"" he replied, ""and you will see."" So they went and saw where he was staying, and they spent that day with him. It was about four in the afternoon.""
Why note it was 4 in the afternoon other than because it's a moment so vividly remembered as a the moment your very life was altered by a single encounter? It's so utterly human. ",93e228932a13414b9094161a37de9a36
spotify:track:52Bvu2IqOZuq77KRkDcLzS,9800e906592547f4ab0717aa56097b49,2026-08-03T12:56:00Z,0,Good tune but seemed to me to be more about the performance than about the feeling. ,93e228932a13414b9094161a37de9a36
spotify:track:5kSryLUeRxDbfHSq7DXDS1,9800e906592547f4ab0717aa56097b49,2026-08-03T12:56:00Z,0,Just sublime. This whole album is a masterpiece. ,93e228932a13414b9094161a37de9a36
spotify:track:6EIVLz5xM1xE29r0OmIkWt,9800e906592547f4ab0717aa56097b49,2026-08-03T12:56:00Z,0,Went triple platinum at every millennial high school talent show. ,93e228932a13414b9094161a37de9a36
spotify:track:6PyZGb1rB7oLKCICWTmGYa,9800e906592547f4ab0717aa56097b49,2026-08-03T12:56:00Z,0,"Banger. Seems to be about navigating feelings, not surrendering, which seems like a key distinction. Just misses my vote. ",93e228932a13414b9094161a37de9a36
spotify:track:6Z1tHrg8rpzeqhzHU4Kjto,9800e906592547f4ab0717aa56097b49,2026-08-03T12:56:00Z,-1,Here I make my stand. I ain't translating that. ,93e228932a13414b9094161a37de9a36
spotify:track:0Ai9AoDbBcIHqtQPb0hL2b,0f4f7275b1234127a43771293d707c5c,2026-08-03T13:45:22Z,0,Perhaps wedding is too far along for this category ,93e228932a13414b9094161a37de9a36
spotify:track:0eBryM7ePQH3Klt3jz8xZd,0f4f7275b1234127a43771293d707c5c,2026-08-03T13:45:22Z,-1,Cannot stand this song ,93e228932a13414b9094161a37de9a36
spotify:track:1prZ0pr6XoRCxcrC3MCL0M,0f4f7275b1234127a43771293d707c5c,2026-08-03T13:45:22Z,1,Ugh I’ve been waiting to do this since last time we did this round… well played obviously ,93e228932a13414b9094161a37de9a36
spotify:track:6EIVLz5xM1xE29r0OmIkWt,0f4f7275b1234127a43771293d707c5c,2026-08-03T13:45:22Z,2,AWW,93e228932a13414b9094161a37de9a36
spotify:track:6PyZGb1rB7oLKCICWTmGYa,0f4f7275b1234127a43771293d707c5c,2026-08-03T13:45:22Z,1,Junior year of college Fiona probably listened to this twice a day ,93e228932a13414b9094161a37de9a36
spotify:track:0Ai9AoDbBcIHqtQPb0hL2b,42db3c63b69a4479bedfcc2d22a6b73a,2026-08-03T13:54:29Z,-1,,93e228932a13414b9094161a37de9a36
spotify:track:1prZ0pr6XoRCxcrC3MCL0M,42db3c63b69a4479bedfcc2d22a6b73a,2026-08-03T13:54:29Z,1,,93e228932a13414b9094161a37de9a36
spotify:track:1qbmS6ep2hbBRaEZFpn7BX,42db3c63b69a4479bedfcc2d22a6b73a,2026-08-03T13:54:29Z,1,,93e228932a13414b9094161a37de9a36
spotify:track:52Bvu2IqOZuq77KRkDcLzS,42db3c63b69a4479bedfcc2d22a6b73a,2026-08-03T13:54:29Z,1,,93e228932a13414b9094161a37de9a36
spotify:track:6Z1tHrg8rpzeqhzHU4Kjto,42db3c63b69a4479bedfcc2d22a6b73a,2026-08-03T13:54:29Z,1,,93e228932a13414b9094161a37de9a36
spotify:track:0Ai9AoDbBcIHqtQPb0hL2b,80a489147c544db5a53c5cede65c4617,2026-08-03T22:43:23Z,1,Was that a land acknowledgment lol,93e228932a13414b9094161a37de9a36
spotify:track:1prZ0pr6XoRCxcrC3MCL0M,80a489147c544db5a53c5cede65c4617,2026-08-03T22:43:23Z,0,I feel like everyone will vote for this so I won’t ,93e228932a13414b9094161a37de9a36
spotify:track:1qbmS6ep2hbBRaEZFpn7BX,80a489147c544db5a53c5cede65c4617,2026-08-03T22:43:23Z,0,Great song but somehow not perfect for this round ,93e228932a13414b9094161a37de9a36
spotify:track:2ibKVeYx0lHMzkRv1m6RJd,80a489147c544db5a53c5cede65c4617,2026-08-03T22:43:23Z,-1,What ,93e228932a13414b9094161a37de9a36
spotify:track:3Zj3UZgeP5fKJV9iO6mt6d,80a489147c544db5a53c5cede65c4617,2026-08-03T22:43:23Z,2,Magical,93e228932a13414b9094161a37de9a36
spotify:track:52Bvu2IqOZuq77KRkDcLzS,80a489147c544db5a53c5cede65c4617,2026-08-03T22:43:23Z,1,Cute,93e228932a13414b9094161a37de9a36
spotify:track:1qbmS6ep2hbBRaEZFpn7BX,6d8e32d102054531811ff5c8a625977c,2026-08-04T02:17:11Z,1,Ugh she’s so good ,93e228932a13414b9094161a37de9a36
spotify:track:52Bvu2IqOZuq77KRkDcLzS,6d8e32d102054531811ff5c8a625977c,2026-08-04T02:17:11Z,1,I liked this ,93e228932a13414b9094161a37de9a36
spotify:track:5kSryLUeRxDbfHSq7DXDS1,6d8e32d102054531811ff5c8a625977c,2026-08-04T02:17:11Z,1,"Five stars. One of the best tracks on a phenomenal album, and this is just what falling in love *sounds* like. It’s not enough for the song to be “about” falling in love, there is a certain cadence that just captures the feeling and the movement of falling in love. This is it ",93e228932a13414b9094161a37de9a36
spotify:track:6EIVLz5xM1xE29r0OmIkWt,6d8e32d102054531811ff5c8a625977c,2026-08-04T02:17:11Z,-1,See above: the song may be about falling in love but this just isn’t what falling in love *sounds* like to me.,93e228932a13414b9094161a37de9a36
spotify:track:6PyZGb1rB7oLKCICWTmGYa,6d8e32d102054531811ff5c8a625977c,2026-08-04T02:17:11Z,1,Admirably Fionacore and sounds great. This has a different version of the “falling in love” sound but I think it still gets the feeling right ,93e228932a13414b9094161a37de9a36
spotify:track:6Z1tHrg8rpzeqhzHU4Kjto,6d8e32d102054531811ff5c8a625977c,2026-08-04T02:17:11Z,0,"Almost got there for me, this is a banger let it be said ",93e228932a13414b9094161a37de9a36
spotify:track:0eBryM7ePQH3Klt3jz8xZd,fa6235d130204772808d133e528b8ad7,2026-08-04T06:01:24Z,0,"I considered this last time we did this round. Now it’s a repeat though, alas",93e228932a13414b9094161a37de9a36
spotify:track:1prZ0pr6XoRCxcrC3MCL0M,fa6235d130204772808d133e528b8ad7,2026-08-04T06:01:24Z,1,Absolutely perfect pick. Was my second choice for this round,93e228932a13414b9094161a37de9a36
spotify:track:1qbmS6ep2hbBRaEZFpn7BX,fa6235d130204772808d133e528b8ad7,2026-08-04T06:01:24Z,0,This is perhaps very picky but the experience this song is describing feels like pre-falling in love,93e228932a13414b9094161a37de9a36
spotify:track:2ibKVeYx0lHMzkRv1m6RJd,fa6235d130204772808d133e528b8ad7,2026-08-04T06:01:24Z,0,This tells a story but it doesn’t feel like it really captures the feeling of falling,93e228932a13414b9094161a37de9a36
spotify:track:3Zj3UZgeP5fKJV9iO6mt6d,fa6235d130204772808d133e528b8ad7,2026-08-04T06:01:24Z,1,Hell yeah slaughter beach dog. The way I read this song it’s kind of dream/trance like but I enjoy that as a take on what falling in love feels like,93e228932a13414b9094161a37de9a36
spotify:track:52Bvu2IqOZuq77KRkDcLzS,fa6235d130204772808d133e528b8ad7,2026-08-04T06:01:24Z,1,This is sweet,93e228932a13414b9094161a37de9a36
spotify:track:6EIVLz5xM1xE29r0OmIkWt,fa6235d130204772808d133e528b8ad7,2026-08-04T06:01:24Z,1,RIP. This one’s a classic for a reason,93e228932a13414b9094161a37de9a36
spotify:track:6PyZGb1rB7oLKCICWTmGYa,fa6235d130204772808d133e528b8ad7,2026-08-04T06:01:24Z,0,I realize now that this is thematically very similar to I won’t say (I’m in love) which was an excellent pick last time,93e228932a13414b9094161a37de9a36
spotify:track:6Z1tHrg8rpzeqhzHU4Kjto,fa6235d130204772808d133e528b8ad7,2026-08-04T06:01:24Z,-1,"Call me crazy but I’m not convinced that “falling in love” is necessarily happening here, it could very well be an amorous dalliance ",93e228932a13414b9094161a37de9a36
spotify:track:1prZ0pr6XoRCxcrC3MCL0M,fc418ffeadb64c3f8e93a25fb942984f,2026-08-04T11:04:10Z,2,I love this song so much,93e228932a13414b9094161a37de9a36
spotify:track:1qbmS6ep2hbBRaEZFpn7BX,fc418ffeadb64c3f8e93a25fb942984f,2026-08-04T11:04:10Z,1,Mm yeah,93e228932a13414b9094161a37de9a36
spotify:track:6EIVLz5xM1xE29r0OmIkWt,fc418ffeadb64c3f8e93a25fb942984f,2026-08-04T11:04:10Z,0,This was sad,93e228932a13414b9094161a37de9a36
spotify:track:6PyZGb1rB7oLKCICWTmGYa,fc418ffeadb64c3f8e93a25fb942984f,2026-08-04T11:04:10Z,1,,93e228932a13414b9094161a37de9a36
spotify:track:6Z1tHrg8rpzeqhzHU4Kjto,fc418ffeadb64c3f8e93a25fb942984f,2026-08-04T11:04:10Z,-1,,93e228932a13414b9094161a37de9a36
spotify:track:0eBryM7ePQH3Klt3jz8xZd,b3c43885f6ce4e8b861545158a22b7a2,2026-08-04T12:47:42Z,1,,93e228932a13414b9094161a37de9a36
spotify:track:1qbmS6ep2hbBRaEZFpn7BX,b3c43885f6ce4e8b861545158a22b7a2,2026-08-04T12:47:42Z,1,,93e228932a13414b9094161a37de9a36
spotify:track:2ibKVeYx0lHMzkRv1m6RJd,b3c43885f6ce4e8b861545158a22b7a2,2026-08-04T12:47:42Z,-1,,93e228932a13414b9094161a37de9a36
spotify:track:3Zj3UZgeP5fKJV9iO6mt6d,b3c43885f6ce4e8b861545158a22b7a2,2026-08-04T12:47:42Z,1,,93e228932a13414b9094161a37de9a36
spotify:track:6PyZGb1rB7oLKCICWTmGYa,b3c43885f6ce4e8b861545158a22b7a2,2026-08-04T12:47:42Z,1,,93e228932a13414b9094161a37de9a36
spotify:track:6ttP6qHNA1g8nuWtgb1Dff,c1b6888dec1e4113b65883ad590d3969,2026-08-07T12:47:19Z,1,,e034e7caf6334057924f602c5c280a0e
spotify:track:7w87IxuO7BDcJ3YUqCyMTT,c1b6888dec1e4113b65883ad590d3969,2026-08-07T12:47:19Z,1,,e034e7caf6334057924f602c5c280a0e
spotify:track:6d4nFWjT3SF9YgdutJYU2q,c1b6888dec1e4113b65883ad590d3969,2026-08-07T12:47:19Z,-1,,e034e7caf6334057924f602c5c280a0e
spotify:track:3UmaczJpikHgJFyBTAJVoz,c1b6888dec1e4113b65883ad590d3969,2026-08-07T12:47:19Z,2,,e034e7caf6334057924f602c5c280a0e
spotify:track:7rqaqQurHzR5xHAhdm1gmM,f53f0969b04049b5ba39a303ebb3e987,2026-08-07T13:12:20Z,-1,,e034e7caf6334057924f602c5c280a0e
spotify:track:7w87IxuO7BDcJ3YUqCyMTT,f53f0969b04049b5ba39a303ebb3e987,2026-08-07T13:12:20Z,1,,e034e7caf6334057924f602c5c280a0e
spotify:track:5SAzlM0oIt412j4eVt9aaP,f53f0969b04049b5ba39a303ebb3e987,2026-08-07T13:12:20Z,1,,e034e7caf6334057924f602c5c280a0e
spotify:track:1nVoLxz8C0uGgMKfywy0vf,f53f0969b04049b5ba39a303ebb3e987,2026-08-07T13:12:20Z,1,,e034e7caf6334057924f602c5c280a0e
spotify:track:2MiXC2LfpsoeUP5RvMGEQ3,f53f0969b04049b5ba39a303ebb3e987,2026-08-07T13:12:20Z,1,,e034e7caf6334057924f602c5c280a0e
spotify:track:6d4nFWjT3SF9YgdutJYU2q,fa6235d130204772808d133e528b8ad7,2026-08-08T21:48:55Z,1,This song is so creepy sonically and lyrically,e034e7caf6334057924f602c5c280a0e
spotify:track:1CTex49P0iWwzUGsMNjgaV,fa6235d130204772808d133e528b8ad7,2026-08-08T21:48:55Z,1,This is a really neat pull. So eerie,e034e7caf6334057924f602c5c280a0e
spotify:track:1nVoLxz8C0uGgMKfywy0vf,fa6235d130204772808d133e528b8ad7,2026-08-08T21:48:55Z,0,I distinctly remember watching Carrie Underwood sing this on American Idol in 2005…young Claire had no idea what the song was actually about and assumed it was just a patriotic anthem,e034e7caf6334057924f602c5c280a0e
spotify:track:2MiXC2LfpsoeUP5RvMGEQ3,fa6235d130204772808d133e528b8ad7,2026-08-08T21:48:55Z,1,"I didn’t want to submit this one bc it almost felt too obvious…but since “female country revenge killing” was clearly the vibe this round, this one gets my vote both because the story is so well crafter and also because this song always makes me think of Bruce, who maintains it’s one of the best songs ever ",e034e7caf6334057924f602c5c280a0e
spotify:track:3UmaczJpikHgJFyBTAJVoz,fa6235d130204772808d133e528b8ad7,2026-08-08T21:48:55Z,1,A song that birthed a new word that has become a cultural mainstay. Shakespearean really ,e034e7caf6334057924f602c5c280a0e
spotify:track:7rqaqQurHzR5xHAhdm1gmM,fa6235d130204772808d133e528b8ad7,2026-08-08T21:48:55Z,0,It’s good but it’s the lesser of the country options for which I could vote,e034e7caf6334057924f602c5c280a0e
spotify:track:7w87IxuO7BDcJ3YUqCyMTT,fa6235d130204772808d133e528b8ad7,2026-08-08T21:48:55Z,-1,"It’s a millennial classic and imo a genuinely good song but in a round where all the options are on theme, I’m gonna downvote the one that’s imo the most obvious pick",e034e7caf6334057924f602c5c280a0e
spotify:track:1CTex49P0iWwzUGsMNjgaV,0f4f7275b1234127a43771293d707c5c,2026-08-10T14:52:41Z,2,,e034e7caf6334057924f602c5c280a0e
spotify:track:4o1DKiMG5yVeNEX8mIwHH8,0f4f7275b1234127a43771293d707c5c,2026-08-10T14:52:41Z,-1,,e034e7caf6334057924f602c5c280a0e
spotify:track:7w87IxuO7BDcJ3YUqCyMTT,0f4f7275b1234127a43771293d707c5c,2026-08-10T14:52:41Z,2,,e034e7caf6334057924f602c5c280a0e
spotify:track:1CTex49P0iWwzUGsMNjgaV,80a489147c544db5a53c5cede65c4617,2026-08-10T15:07:03Z,1,Wow. Haunting ,e034e7caf6334057924f602c5c280a0e
spotify:track:1nVoLxz8C0uGgMKfywy0vf,80a489147c544db5a53c5cede65c4617,2026-08-10T15:07:03Z,0,I don’t feel it,e034e7caf6334057924f602c5c280a0e
spotify:track:2MiXC2LfpsoeUP5RvMGEQ3,80a489147c544db5a53c5cede65c4617,2026-08-10T15:07:03Z,0,"Seems cool enough, but the story is very confusing. Maybe it’s just me. Also some awkward phrasing",e034e7caf6334057924f602c5c280a0e
spotify:track:3UmaczJpikHgJFyBTAJVoz,80a489147c544db5a53c5cede65c4617,2026-08-10T15:07:03Z,1,Seems fitting for our parasocial era,e034e7caf6334057924f602c5c280a0e
spotify:track:4o1DKiMG5yVeNEX8mIwHH8,80a489147c544db5a53c5cede65c4617,2026-08-10T15:07:03Z,0,There are some big city prosecutors who need to listen to this song,e034e7caf6334057924f602c5c280a0e
spotify:track:5SAzlM0oIt412j4eVt9aaP,80a489147c544db5a53c5cede65c4617,2026-08-10T15:07:03Z,1,"Medieval, eery, horrifying ",e034e7caf6334057924f602c5c280a0e
spotify:track:6mTXRpSJcuVt5e46bylLec,80a489147c544db5a53c5cede65c4617,2026-08-10T15:07:03Z,1,This was a little more impactful than the Johnny Cash song with a similar story. The ending build up is very effective. ,e034e7caf6334057924f602c5c280a0e
spotify:track:7rqaqQurHzR5xHAhdm1gmM,80a489147c544db5a53c5cede65c4617,2026-08-10T15:07:03Z,-1,I don’t like a killer song with no remorse. Need more gravitas,e034e7caf6334057924f602c5c280a0e
spotify:track:7w87IxuO7BDcJ3YUqCyMTT,699c7b228f3b436880363c6d92c3976f,2026-08-10T18:27:43Z,0,A classmate of my younger brothers performed this live at a school dance. There were complaints. ,e034e7caf6334057924f602c5c280a0e
spotify:track:1CTex49P0iWwzUGsMNjgaV,699c7b228f3b436880363c6d92c3976f,2026-08-10T18:27:43Z,2,A masterpiece ,e034e7caf6334057924f602c5c280a0e
spotify:track:2MiXC2LfpsoeUP5RvMGEQ3,699c7b228f3b436880363c6d92c3976f,2026-08-10T18:27:43Z,1,Enjoyable ,e034e7caf6334057924f602c5c280a0e
spotify:track:3UmaczJpikHgJFyBTAJVoz,699c7b228f3b436880363c6d92c3976f,2026-08-10T18:27:43Z,0,Reminds me of how my fifth graders would ,e034e7caf6334057924f602c5c280a0e
spotify:track:6ttP6qHNA1g8nuWtgb1Dff,699c7b228f3b436880363c6d92c3976f,2026-08-10T18:27:43Z,1,Johnny what have you done :( ,e034e7caf6334057924f602c5c280a0e
spotify:track:7rqaqQurHzR5xHAhdm1gmM,699c7b228f3b436880363c6d92c3976f,2026-08-10T18:27:43Z,-1,,e034e7caf6334057924f602c5c280a0e
spotify:track:1CTex49P0iWwzUGsMNjgaV,b3c43885f6ce4e8b861545158a22b7a2,2026-08-10T21:35:38Z,1,,e034e7caf6334057924f602c5c280a0e
spotify:track:7rqaqQurHzR5xHAhdm1gmM,b3c43885f6ce4e8b861545158a22b7a2,2026-08-10T21:35:38Z,1,,e034e7caf6334057924f602c5c280a0e
spotify:track:6ttP6qHNA1g8nuWtgb1Dff,b3c43885f6ce4e8b861545158a22b7a2,2026-08-10T21:35:38Z,1,,e034e7caf6334057924f602c5c280a0e
spotify:track:4o1DKiMG5yVeNEX8mIwHH8,b3c43885f6ce4e8b861545158a22b7a2,2026-08-10T21:35:38Z,1,,e034e7caf6334057924f602c5c280a0e
spotify:track:2MiXC2LfpsoeUP5RvMGEQ3,b3c43885f6ce4e8b861545158a22b7a2,2026-08-10T21:35:38Z,-1,,e034e7caf6334057924f602c5c280a0e
spotify:track:1CTex49P0iWwzUGsMNjgaV,42db3c63b69a4479bedfcc2d22a6b73a,2026-08-10T21:49:48Z,1,,e034e7caf6334057924f602c5c280a0e
spotify:track:5SAzlM0oIt412j4eVt9aaP,42db3c63b69a4479bedfcc2d22a6b73a,2026-08-10T21:49:48Z,1,,e034e7caf6334057924f602c5c280a0e
spotify:track:6d4nFWjT3SF9YgdutJYU2q,42db3c63b69a4479bedfcc2d22a6b73a,2026-08-10T21:49:48Z,1,,e034e7caf6334057924f602c5c280a0e
spotify:track:7rqaqQurHzR5xHAhdm1gmM,42db3c63b69a4479bedfcc2d22a6b73a,2026-08-10T21:49:48Z,1,,e034e7caf6334057924f602c5c280a0e
spotify:track:7w87IxuO7BDcJ3YUqCyMTT,42db3c63b69a4479bedfcc2d22a6b73a,2026-08-10T21:49:48Z,-1,,e034e7caf6334057924f602c5c280a0e
spotify:track:7w87IxuO7BDcJ3YUqCyMTT,fc418ffeadb64c3f8e93a25fb942984f,2026-08-10T21:54:18Z,0,Damn,e034e7caf6334057924f602c5c280a0e
spotify:track:7rqaqQurHzR5xHAhdm1gmM,fc418ffeadb64c3f8e93a25fb942984f,2026-08-10T21:54:18Z,2,"Was going to submit this song, but was too slow:(",e034e7caf6334057924f602c5c280a0e
spotify:track:4o1DKiMG5yVeNEX8mIwHH8,fc418ffeadb64c3f8e93a25fb942984f,2026-08-10T21:54:18Z,-1,,e034e7caf6334057924f602c5c280a0e
spotify:track:1nVoLxz8C0uGgMKfywy0vf,fc418ffeadb64c3f8e93a25fb942984f,2026-08-10T21:54:18Z,1,,e034e7caf6334057924f602c5c280a0e
spotify:track:1CTex49P0iWwzUGsMNjgaV,fc418ffeadb64c3f8e93a25fb942984f,2026-08-10T21:54:18Z,1,yeah ok I see why it was named “Song of the Century”,e034e7caf6334057924f602c5c280a0e
spotify:track:6d4nFWjT3SF9YgdutJYU2q,9800e906592547f4ab0717aa56097b49,2026-08-10T21:54:48Z,1,Good pick Joseph,e034e7caf6334057924f602c5c280a0e
spotify:track:1CTex49P0iWwzUGsMNjgaV,9800e906592547f4ab0717aa56097b49,2026-08-10T21:54:48Z,0,"
I really liked this one, but I have to be pedantic and note that it was not about killing someone but about a killing",e034e7caf6334057924f602c5c280a0e
spotify:track:1nVoLxz8C0uGgMKfywy0vf,9800e906592547f4ab0717aa56097b49,2026-08-10T21:54:48Z,0,I couldn’t really follow this one while I was driving TBH,e034e7caf6334057924f602c5c280a0e
spotify:track:2MiXC2LfpsoeUP5RvMGEQ3,9800e906592547f4ab0717aa56097b49,2026-08-10T21:54:48Z,0,I also couldn’t really follow this one,e034e7caf6334057924f602c5c280a0e
spotify:track:4o1DKiMG5yVeNEX8mIwHH8,9800e906592547f4ab0717aa56097b49,2026-08-10T21:54:48Z,-1,I have no idea what was said in any part of this song,e034e7caf6334057924f602c5c280a0e
spotify:track:5SAzlM0oIt412j4eVt9aaP,9800e906592547f4ab0717aa56097b49,2026-08-10T21:54:48Z,0,"This one sounded cool, but I could not identify a moment when someone was actually killed",e034e7caf6334057924f602c5c280a0e
spotify:track:6mTXRpSJcuVt5e46bylLec,9800e906592547f4ab0717aa56097b49,2026-08-10T21:54:48Z,1,"Forgot about this guy, I like the Appalachian theme",e034e7caf6334057924f602c5c280a0e
spotify:track:6ttP6qHNA1g8nuWtgb1Dff,9800e906592547f4ab0717aa56097b49,2026-08-10T21:54:48Z,0,Why he do that ,e034e7caf6334057924f602c5c280a0e
spotify:track:7rqaqQurHzR5xHAhdm1gmM,9800e906592547f4ab0717aa56097b49,2026-08-10T21:54:48Z,1,"A classic, and also just a really good song",e034e7caf6334057924f602c5c280a0e
spotify:track:7w87IxuO7BDcJ3YUqCyMTT,9800e906592547f4ab0717aa56097b49,2026-08-10T21:54:48Z,1,What’s wild is that this was still somehow like the best one,e034e7caf6334057924f602c5c280a0e
spotify:track:1CTex49P0iWwzUGsMNjgaV,6d8e32d102054531811ff5c8a625977c,2026-08-10T21:57:06Z,1,,e034e7caf6334057924f602c5c280a0e
spotify:track:2MiXC2LfpsoeUP5RvMGEQ3,6d8e32d102054531811ff5c8a625977c,2026-08-10T21:57:06Z,1,,e034e7caf6334057924f602c5c280a0e
spotify:track:3UmaczJpikHgJFyBTAJVoz,6d8e32d102054531811ff5c8a625977c,2026-08-10T21:57:06Z,1,,e034e7caf6334057924f602c5c280a0e
spotify:track:6d4nFWjT3SF9YgdutJYU2q,6d8e32d102054531811ff5c8a625977c,2026-08-10T21:57:06Z,1,"I’ll give you this one, Joseph.",e034e7caf6334057924f602c5c280a0e
spotify:track:6mTXRpSJcuVt5e46bylLec,6d8e32d102054531811ff5c8a625977c,2026-08-10T21:57:06Z,0,Crazy that this guy is Canadian,e034e7caf6334057924f602c5c280a0e
spotify:track:7w87IxuO7BDcJ3YUqCyMTT,6d8e32d102054531811ff5c8a625977c,2026-08-10T21:57:06Z,-1,"It’s not a bad submission per se, but feels obvious compared to most of the others and I’m afraid the hammer must fall somewhere. ",e034e7caf6334057924f602c5c280a0e
spotify:track:0vV3IUO4fhuDeHggZqnsI0,80a489147c544db5a53c5cede65c4617,2026-08-13T14:28:45Z,0,Wasn’t sold until the end. There is some real angst in the vocal delivery. Still hoping for more from this round than “stay with me”,65ded0db05d249c9a1bb2e24ef3bc413
spotify:track:1UqhkbzB1kuFwt2iy4h29Q,80a489147c544db5a53c5cede65c4617,2026-08-13T14:28:45Z,-1,"I don’t believe this guy is even a little sad. Some of these lyrics suggest a soul unfamiliar with the depths

Throwback to when I played chess with my friend in college every night and he would play young the giant every time. I didn’t tell him for weeks that I can’t stand young the giant",65ded0db05d249c9a1bb2e24ef3bc413
spotify:track:29bONW7GKEq7ZDBqiQC2PV,80a489147c544db5a53c5cede65c4617,2026-08-13T14:28:45Z,2,"Yes. So obvious I’m sad I missed it. This is the definition of this round folks. Props for the movie version, there will be haters but I support you",65ded0db05d249c9a1bb2e24ef3bc413
spotify:track:3hEfpBHxgieRLz4t3kLNEg,80a489147c544db5a53c5cede65c4617,2026-08-13T14:28:45Z,1,I went into this skeptical but there’s definitely something to this,65ded0db05d249c9a1bb2e24ef3bc413
spotify:track:3VSxEIfaxSkYO8PC7FMpuO,80a489147c544db5a53c5cede65c4617,2026-08-13T14:28:45Z,1,,65ded0db05d249c9a1bb2e24ef3bc413
spotify:track:3SPcBPzvbmWLl8NU5efx4W,80a489147c544db5a53c5cede65c4617,2026-08-13T14:28:45Z,0,This song doesn’t sound like it’s from the depths. Gotta be more than lyrics in this round,65ded0db05d249c9a1bb2e24ef3bc413
spotify:track:75HZ6Wxnw8xbgz6HU9kKCS,80a489147c544db5a53c5cede65c4617,2026-08-13T14:28:45Z,0,Another one where the vibe is just off,65ded0db05d249c9a1bb2e24ef3bc413
spotify:track:3VSxEIfaxSkYO8PC7FMpuO,f53f0969b04049b5ba39a303ebb3e987,2026-08-13T14:31:10Z,1,,65ded0db05d249c9a1bb2e24ef3bc413
spotify:track:6MEatByiuKYXt1L0IvJC3d,f53f0969b04049b5ba39a303ebb3e987,2026-08-13T14:31:10Z,-1,,65ded0db05d249c9a1bb2e24ef3bc413
spotify:track:6MnfKzewIQUhZrpnY3X55B,f53f0969b04049b5ba39a303ebb3e987,2026-08-13T14:31:10Z,2,,65ded0db05d249c9a1bb2e24ef3bc413
spotify:track:29bONW7GKEq7ZDBqiQC2PV,f53f0969b04049b5ba39a303ebb3e987,2026-08-13T14:31:10Z,1,,65ded0db05d249c9a1bb2e24ef3bc413
spotify:track:0vV3IUO4fhuDeHggZqnsI0,c1b6888dec1e4113b65883ad590d3969,2026-08-13T15:20:54Z,1,,65ded0db05d249c9a1bb2e24ef3bc413
spotify:track:29bONW7GKEq7ZDBqiQC2PV,c1b6888dec1e4113b65883ad590d3969,2026-08-13T15:20:54Z,-1,"Should have gone with ""What Have I Done"" or ""Javert's Suicide"" and for that you are punished",65ded0db05d249c9a1bb2e24ef3bc413
spotify:track:3SPcBPzvbmWLl8NU5efx4W,c1b6888dec1e4113b65883ad590d3969,2026-08-13T15:20:54Z,1,,65ded0db05d249c9a1bb2e24ef3bc413
spotify:track:6MEatByiuKYXt1L0IvJC3d,c1b6888dec1e4113b65883ad590d3969,2026-08-13T15:20:54Z,1,,65ded0db05d249c9a1bb2e24ef3bc413
spotify:track:75HZ6Wxnw8xbgz6HU9kKCS,c1b6888dec1e4113b65883ad590d3969,2026-08-13T15:20:54Z,1,,65ded0db05d249c9a1bb2e24ef3bc413
spotify:track:29bONW7GKEq7ZDBqiQC2PV,699c7b228f3b436880363c6d92c3976f,2026-08-13T22:56:42Z,2,I will pay $5 for a video of brad singing this at the hanger,65ded0db05d249c9a1bb2e24ef3bc413
spotify:track:3hEfpBHxgieRLz4t3kLNEg,699c7b228f3b436880363c6d92c3976f,2026-08-13T22:56:42Z,-1,Not offensive but nothing distinguishes it musically.,65ded0db05d249c9a1bb2e24ef3bc413
spotify:track:3VSxEIfaxSkYO8PC7FMpuO,699c7b228f3b436880363c6d92c3976f,2026-08-13T22:56:42Z,2,This is one of those songs whose popularity obscures its pathos.,65ded0db05d249c9a1bb2e24ef3bc413
spotify:track:3VSxEIfaxSkYO8PC7FMpuO,0f4f7275b1234127a43771293d707c5c,2026-08-14T03:30:36Z,1,Missed opp to submit the Mumford cover (jk),65ded0db05d249c9a1bb2e24ef3bc413
spotify:track:0vV3IUO4fhuDeHggZqnsI0,0f4f7275b1234127a43771293d707c5c,2026-08-14T03:30:36Z,0,My style used to be that I would have all this time and energy to listen to the words and listen to the song and go read the words of the song. But these days I have to just make a judgment off of the vibe and for whatever reason this wasn’t it for me. Like the sound of the song doesn’t sound like the theme. Neither did I really like the song itself very much. But I would be very impressed if I heard someone sing this live.,65ded0db05d249c9a1bb2e24ef3bc413
spotify:track:1UqhkbzB1kuFwt2iy4h29Q,0f4f7275b1234127a43771293d707c5c,2026-08-14T03:30:36Z,1,Almost as good as Patrick Mulholland‘s cover. I liked this idea.,65ded0db05d249c9a1bb2e24ef3bc413
spotify:track:29bONW7GKEq7ZDBqiQC2PV,0f4f7275b1234127a43771293d707c5c,2026-08-14T03:30:36Z,0,Even just the first line… ,65ded0db05d249c9a1bb2e24ef3bc413
spotify:track:3hEfpBHxgieRLz4t3kLNEg,0f4f7275b1234127a43771293d707c5c,2026-08-14T03:30:36Z,2,🖤🖤🖤,65ded0db05d249c9a1bb2e24ef3bc413
spotify:track:3SPcBPzvbmWLl8NU5efx4W,0f4f7275b1234127a43771293d707c5c,2026-08-14T03:30:36Z,-1,Nehh ,65ded0db05d249c9a1bb2e24ef3bc413
spotify:track:6MEatByiuKYXt1L0IvJC3d,0f4f7275b1234127a43771293d707c5c,2026-08-14T03:30:36Z,0,🥱,65ded0db05d249c9a1bb2e24ef3bc413
spotify:track:6MnfKzewIQUhZrpnY3X55B,0f4f7275b1234127a43771293d707c5c,2026-08-14T03:30:36Z,0,The talking part is cute haha ,65ded0db05d249c9a1bb2e24ef3bc413
spotify:track:0vV3IUO4fhuDeHggZqnsI0,fa6235d130204772808d133e528b8ad7,2026-08-15T20:53:07Z,1,I know I keep saying I’m not looking for romantic songs but I’m making an exception for this one bc it’s such a plaintive cry,65ded0db05d249c9a1bb2e24ef3bc413
spotify:track:29bONW7GKEq7ZDBqiQC2PV,fa6235d130204772808d133e528b8ad7,2026-08-15T20:53:07Z,1,Yeah this worked on me,65ded0db05d249c9a1bb2e24ef3bc413
spotify:track:3hEfpBHxgieRLz4t3kLNEg,fa6235d130204772808d133e528b8ad7,2026-08-15T20:53:07Z,-1,"I don’t see anything like desperation or lamentation here. I love this song immensely and I’ve wanted to submit it multiple times for other rounds (eg yearning, accidentally about Jesus) but feared it would be too obvious that it was me. Bummed that this was used on a round for which imo it was a poor fit ",65ded0db05d249c9a1bb2e24ef3bc413
spotify:track:3SPcBPzvbmWLl8NU5efx4W,fa6235d130204772808d133e528b8ad7,2026-08-15T20:53:07Z,1,"So at first I wasn’t sure about this one bc I think of this as more of a romantic yearning song, but I do think lyrically and musically it takes that romantic longing into more of an existential register. Also this album is just generational",65ded0db05d249c9a1bb2e24ef3bc413
spotify:track:3VSxEIfaxSkYO8PC7FMpuO,fa6235d130204772808d133e528b8ad7,2026-08-15T20:53:07Z,0,I love this song but to me it reads as resilient more than despairing ,65ded0db05d249c9a1bb2e24ef3bc413
spotify:track:6MEatByiuKYXt1L0IvJC3d,fa6235d130204772808d133e528b8ad7,2026-08-15T20:53:07Z,1,Joseph I think this is a great pull for this round,65ded0db05d249c9a1bb2e24ef3bc413
spotify:track:75HZ6Wxnw8xbgz6HU9kKCS,fa6235d130204772808d133e528b8ad7,2026-08-15T20:53:07Z,0,Love this song but I’m looking for existential angst in this round more so than relationship angst,65ded0db05d249c9a1bb2e24ef3bc413
spotify:track:29bONW7GKEq7ZDBqiQC2PV,fc418ffeadb64c3f8e93a25fb942984f,2026-08-16T18:01:14Z,1,,65ded0db05d249c9a1bb2e24ef3bc413
spotify:track:3SPcBPzvbmWLl8NU5efx4W,fc418ffeadb64c3f8e93a25fb942984f,2026-08-16T18:01:14Z,-1,,65ded0db05d249c9a1bb2e24ef3bc413
spotify:track:3VSxEIfaxSkYO8PC7FMpuO,fc418ffeadb64c3f8e93a25fb942984f,2026-08-16T18:01:14Z,1,,65ded0db05d249c9a1bb2e24ef3bc413
spotify:track:6MnfKzewIQUhZrpnY3X55B,fc418ffeadb64c3f8e93a25fb942984f,2026-08-16T18:01:14Z,1,,65ded0db05d249c9a1bb2e24ef3bc413
spotify:track:75HZ6Wxnw8xbgz6HU9kKCS,fc418ffeadb64c3f8e93a25fb942984f,2026-08-16T18:01:14Z,1,,65ded0db05d249c9a1bb2e24ef3bc413
spotify:track:0vV3IUO4fhuDeHggZqnsI0,6d8e32d102054531811ff5c8a625977c,2026-08-16T21:05:04Z,1,Powerful,65ded0db05d249c9a1bb2e24ef3bc413
spotify:track:1UqhkbzB1kuFwt2iy4h29Q,6d8e32d102054531811ff5c8a625977c,2026-08-16T21:05:04Z,-1,"Great millennialcore submission and I really liked this, but it’s almost too hopeful, it’s desperate but packed with a little too much fighting spirit. It really doesn’t deserve the downvote but kind of nothing here does, hammer had to fall somewhere. ",65ded0db05d249c9a1bb2e24ef3bc413
spotify:track:3SPcBPzvbmWLl8NU5efx4W,6d8e32d102054531811ff5c8a625977c,2026-08-16T21:05:04Z,1,"I am just a sucker for this particular ELO sound, and I think it fits the round nicely. Good play from Dr. Roberts ",65ded0db05d249c9a1bb2e24ef3bc413
spotify:track:3VSxEIfaxSkYO8PC7FMpuO,6d8e32d102054531811ff5c8a625977c,2026-08-16T21:05:04Z,1,"“After changes upon changes, we are more or less the same” Oof. Great stuff ",65ded0db05d249c9a1bb2e24ef3bc413
spotify:track:6MnfKzewIQUhZrpnY3X55B,6d8e32d102054531811ff5c8a625977c,2026-08-16T21:05:04Z,1,"Listened to this in my apartment late at night and was not expecting this sound, really haunting. I liked",65ded0db05d249c9a1bb2e24ef3bc413
spotify:track:1UqhkbzB1kuFwt2iy4h29Q,b3c43885f6ce4e8b861545158a22b7a2,2026-08-16T21:44:12Z,1,,65ded0db05d249c9a1bb2e24ef3bc413
spotify:track:29bONW7GKEq7ZDBqiQC2PV,b3c43885f6ce4e8b861545158a22b7a2,2026-08-16T21:44:12Z,2,,65ded0db05d249c9a1bb2e24ef3bc413
spotify:track:3VSxEIfaxSkYO8PC7FMpuO,b3c43885f6ce4e8b861545158a22b7a2,2026-08-16T21:44:12Z,1,,65ded0db05d249c9a1bb2e24ef3bc413
spotify:track:75HZ6Wxnw8xbgz6HU9kKCS,b3c43885f6ce4e8b861545158a22b7a2,2026-08-16T21:44:12Z,-1,,65ded0db05d249c9a1bb2e24ef3bc413
spotify:track:5fp6m6Zo4LetiWaMMrPjy5,c1b6888dec1e4113b65883ad590d3969,2026-08-19T02:38:57Z,-1,,468050c375d942ebb5ad8483a49b3558
spotify:track:2lwwrWVKdf3LR9lbbhnr6R,c1b6888dec1e4113b65883ad590d3969,2026-08-19T02:38:57Z,1,Crazy how much better this is in studio than live. I saw them open for the Black Keys.,468050c375d942ebb5ad8483a49b3558
spotify:track:1YLJVmuzeM2YSUkCCaTNUB,c1b6888dec1e4113b65883ad590d3969,2026-08-19T02:38:57Z,1,,468050c375d942ebb5ad8483a49b3558
spotify:track:0SiywuOBRcynK0uKGWdCnn,c1b6888dec1e4113b65883ad590d3969,2026-08-19T02:38:57Z,2,,468050c375d942ebb5ad8483a49b3558
spotify:track:5fp6m6Zo4LetiWaMMrPjy5,f53f0969b04049b5ba39a303ebb3e987,2026-08-19T02:49:37Z,1,,468050c375d942ebb5ad8483a49b3558
spotify:track:0fYVliAYKHuPmECRs1pbRf,f53f0969b04049b5ba39a303ebb3e987,2026-08-19T02:49:37Z,-1,,468050c375d942ebb5ad8483a49b3558
spotify:track:1YLJVmuzeM2YSUkCCaTNUB,f53f0969b04049b5ba39a303ebb3e987,2026-08-19T02:49:37Z,1,,468050c375d942ebb5ad8483a49b3558
spotify:track:1n8NKQRg8LVHy7oUhUgbFF,f53f0969b04049b5ba39a303ebb3e987,2026-08-19T02:49:37Z,1,,468050c375d942ebb5ad8483a49b3558
spotify:track:0SiywuOBRcynK0uKGWdCnn,f53f0969b04049b5ba39a303ebb3e987,2026-08-19T02:49:37Z,1,,468050c375d942ebb5ad8483a49b3558
spotify:track:0fYVliAYKHuPmECRs1pbRf,0f4f7275b1234127a43771293d707c5c,2026-08-19T19:54:33Z,2,No notes,468050c375d942ebb5ad8483a49b3558
spotify:track:60wwxj6Dd9NJlirf84wr2c,0f4f7275b1234127a43771293d707c5c,2026-08-19T19:54:33Z,1,I almost did this haha ,468050c375d942ebb5ad8483a49b3558
spotify:track:1YLJVmuzeM2YSUkCCaTNUB,0f4f7275b1234127a43771293d707c5c,2026-08-19T19:54:33Z,1,Yep,468050c375d942ebb5ad8483a49b3558
spotify:track:1n8NKQRg8LVHy7oUhUgbFF,0f4f7275b1234127a43771293d707c5c,2026-08-19T19:54:33Z,-1,Huh?,468050c375d942ebb5ad8483a49b3558
spotify:track:16Ldvr8SKdenSlADkLsdYF,0f4f7275b1234127a43771293d707c5c,2026-08-19T19:54:33Z,0,I had a hard time thinking of something but wanted to go outside of the stomp clap genre ,468050c375d942ebb5ad8483a49b3558
spotify:track:0SiywuOBRcynK0uKGWdCnn,0f4f7275b1234127a43771293d707c5c,2026-08-19T19:54:33Z,0,Love this one ofc but it’s not exactly in the niche I was looking for (my made up theme in my head that’s within the original theme),468050c375d942ebb5ad8483a49b3558
spotify:track:0JvvNBMYm1GFlQ42U6EoKR,0f4f7275b1234127a43771293d707c5c,2026-08-19T19:54:33Z,0,Idk if I’ve ever heard this tbh. It’s p mid ,468050c375d942ebb5ad8483a49b3558
spotify:track:0SiywuOBRcynK0uKGWdCnn,699c7b228f3b436880363c6d92c3976f,2026-08-20T20:41:59Z,1,,468050c375d942ebb5ad8483a49b3558
spotify:track:0JvvNBMYm1GFlQ42U6EoKR,699c7b228f3b436880363c6d92c3976f,2026-08-20T20:41:59Z,1,,468050c375d942ebb5ad8483a49b3558
spotify:track:16Ldvr8SKdenSlADkLsdYF,699c7b228f3b436880363c6d92c3976f,2026-08-20T20:41:59Z,1,Hilariously banal.,468050c375d942ebb5ad8483a49b3558
spotify:track:1n8NKQRg8LVHy7oUhUgbFF,699c7b228f3b436880363c6d92c3976f,2026-08-20T20:41:59Z,0,I appreciate what you're going for but no upvote ,468050c375d942ebb5ad8483a49b3558
spotify:track:1YLJVmuzeM2YSUkCCaTNUB,699c7b228f3b436880363c6d92c3976f,2026-08-20T20:41:59Z,1,,468050c375d942ebb5ad8483a49b3558
spotify:track:2lwwrWVKdf3LR9lbbhnr6R,699c7b228f3b436880363c6d92c3976f,2026-08-20T20:41:59Z,-1,Something had to get the down vote ,468050c375d942ebb5ad8483a49b3558
spotify:track:5fp6m6Zo4LetiWaMMrPjy5,699c7b228f3b436880363c6d92c3976f,2026-08-20T20:41:59Z,0,"If it makes you happy joe, ok",468050c375d942ebb5ad8483a49b3558
spotify:track:6Xe9wT5xeZETPwtaP2ynUz,699c7b228f3b436880363c6d92c3976f,2026-08-20T20:41:59Z,0,This is the millennial equivalent of Bolero. Ravel would be proud ,468050c375d942ebb5ad8483a49b3558
spotify:track:0JvvNBMYm1GFlQ42U6EoKR,80a489147c544db5a53c5cede65c4617,2026-08-21T05:17:12Z,0,"I’m probably wrong, but this doesn’t hit me over the head as extremely millennial like some others",468050c375d942ebb5ad8483a49b3558
spotify:track:0fYVliAYKHuPmECRs1pbRf,80a489147c544db5a53c5cede65c4617,2026-08-21T05:17:12Z,1,Ouch. These lyrics embody a deeply millennial ethos,468050c375d942ebb5ad8483a49b3558
spotify:track:16Ldvr8SKdenSlADkLsdYF,80a489147c544db5a53c5cede65c4617,2026-08-21T05:17:12Z,1,"He did not, in fact, become a billionaire. ",468050c375d942ebb5ad8483a49b3558
spotify:track:1n8NKQRg8LVHy7oUhUgbFF,80a489147c544db5a53c5cede65c4617,2026-08-21T05:17:12Z,1,A clever read and although this means nothing to me I will reward it,468050c375d942ebb5ad8483a49b3558
spotify:track:1YLJVmuzeM2YSUkCCaTNUB,80a489147c544db5a53c5cede65c4617,2026-08-21T05:17:12Z,0,"Bland, tiresome melody bludgeoned to death. Obnoxious vocal delivery. Limpwristed instrumentation. And somehow everyone but me loves it",468050c375d942ebb5ad8483a49b3558
spotify:track:2lwwrWVKdf3LR9lbbhnr6R,80a489147c544db5a53c5cede65c4617,2026-08-21T05:17:12Z,0,Throwback to my Hillsdale sophomore year housemate Montie Montgomery choosing this song for the setlist of our band “gulf.” (Period included),468050c375d942ebb5ad8483a49b3558
spotify:track:2tznHmp70DxMyr2XhWLOW0,80a489147c544db5a53c5cede65c4617,2026-08-21T05:17:12Z,0,Lyrics do seem pretty millennial,468050c375d942ebb5ad8483a49b3558
spotify:track:5fp6m6Zo4LetiWaMMrPjy5,80a489147c544db5a53c5cede65c4617,2026-08-21T05:17:12Z,-1,,468050c375d942ebb5ad8483a49b3558
spotify:track:60wwxj6Dd9NJlirf84wr2c,80a489147c544db5a53c5cede65c4617,2026-08-21T05:17:12Z,1,,468050c375d942ebb5ad8483a49b3558
spotify:track:0SiywuOBRcynK0uKGWdCnn,6d8e32d102054531811ff5c8a625977c,2026-08-22T02:10:02Z,1,I forgot how hard this song bangs. 2009 Lady Gaga is an inspired shout for this list ,468050c375d942ebb5ad8483a49b3558
spotify:track:16Ldvr8SKdenSlADkLsdYF,6d8e32d102054531811ff5c8a625977c,2026-08-22T02:10:02Z,0,"Narrowly beat by others, would be my next upvote. What could be more millennialcore than a scathing indictment of the Bush admin’s handling of Katrina ",468050c375d942ebb5ad8483a49b3558
spotify:track:2lwwrWVKdf3LR9lbbhnr6R,6d8e32d102054531811ff5c8a625977c,2026-08-22T02:10:02Z,1,"This one, Cage the Elephant and Florence + The Machine all playing in the same space of indie millennialcore (and all certified bangers, let the record state) but I’m picking this one because it’s my favorite ",468050c375d942ebb5ad8483a49b3558
spotify:track:5fp6m6Zo4LetiWaMMrPjy5,6d8e32d102054531811ff5c8a625977c,2026-08-22T02:10:02Z,-1,Least resonant on the list for me. ,468050c375d942ebb5ad8483a49b3558
spotify:track:60wwxj6Dd9NJlirf84wr2c,6d8e32d102054531811ff5c8a625977c,2026-08-22T02:10:02Z,1,I have never liked this song but I think it’s my favorite pick on this list. There is something so weirdly specific to this time period about this song. I’ve heard it a million times. Instantly transports me to riding in the backseat of dad’s Buick in 2013 while my sister controls the music choice ,468050c375d942ebb5ad8483a49b3558
spotify:track:6Xe9wT5xeZETPwtaP2ynUz,6d8e32d102054531811ff5c8a625977c,2026-08-22T02:10:02Z,1,"Avicii is a diagnostic specimen of the millennialcore genre. Much like Clarity, this instantly transports me to a time and place ",468050c375d942ebb5ad8483a49b3558
spotify:track:5fp6m6Zo4LetiWaMMrPjy5,fa6235d130204772808d133e528b8ad7,2026-08-22T02:23:34Z,0,I like the different genre choice but this wasn’t quite hype enough to do it for me,468050c375d942ebb5ad8483a49b3558
spotify:track:0fYVliAYKHuPmECRs1pbRf,fa6235d130204772808d133e528b8ad7,2026-08-22T02:23:34Z,-1,"I feel bad downvoting because this is a perfectly fine submission, but of all the songs this time this was the one that just didn’t get me super excited musically and also wasn’t as interesting of a pick genre wise. I’m fine with it staying in 2015",468050c375d942ebb5ad8483a49b3558
spotify:track:6Xe9wT5xeZETPwtaP2ynUz,fa6235d130204772808d133e528b8ad7,2026-08-22T02:23:34Z,0,Maybe I’m a hater but the full version feels too long and kinda disunified to me. Still such an iconic melody,468050c375d942ebb5ad8483a49b3558
spotify:track:60wwxj6Dd9NJlirf84wr2c,fa6235d130204772808d133e528b8ad7,2026-08-22T02:23:34Z,0,Idk about you but this song activates me like a sleeper agent,468050c375d942ebb5ad8483a49b3558
spotify:track:0SiywuOBRcynK0uKGWdCnn,fa6235d130204772808d133e528b8ad7,2026-08-22T02:23:34Z,1,She is truly one of the best to ever do it,468050c375d942ebb5ad8483a49b3558
spotify:track:16Ldvr8SKdenSlADkLsdYF,fa6235d130204772808d133e528b8ad7,2026-08-22T02:23:34Z,1,It’s remarkable how many songs that we think of as Bruno’s iconic hits are features on another artist’s track. He too is one of the best to ever do it ,468050c375d942ebb5ad8483a49b3558
spotify:track:1n8NKQRg8LVHy7oUhUgbFF,fa6235d130204772808d133e528b8ad7,2026-08-22T02:23:34Z,0,Clever. But I’m out of votes ,468050c375d942ebb5ad8483a49b3558
spotify:track:2lwwrWVKdf3LR9lbbhnr6R,fa6235d130204772808d133e528b8ad7,2026-08-22T02:23:34Z,1,I particularly like this as a pull for this round bc it encapsulates a slightly earlier era of millennial music than most of the other submissions,468050c375d942ebb5ad8483a49b3558
spotify:track:2tznHmp70DxMyr2XhWLOW0,fa6235d130204772808d133e528b8ad7,2026-08-22T02:23:34Z,1,"Absolutely classic, this makes me think of driving down the 150 in the early days of college ",468050c375d942ebb5ad8483a49b3558
spotify:track:0JvvNBMYm1GFlQ42U6EoKR,9800e906592547f4ab0717aa56097b49,2026-08-22T13:13:28Z,0,"I like this one, and it’s an uncommon pick. But the move here was forgotten hits I think.",468050c375d942ebb5ad8483a49b3558
spotify:track:0SiywuOBRcynK0uKGWdCnn,9800e906592547f4ab0717aa56097b49,2026-08-22T13:13:28Z,0,Not the Lady Gaga song I would’ve gone with Alejandro or Telephone,468050c375d942ebb5ad8483a49b3558
spotify:track:16Ldvr8SKdenSlADkLsdYF,9800e906592547f4ab0717aa56097b49,2026-08-22T13:13:28Z,-1,"Again, absolutely atrocious. I also don’t think it fits the vibe as well as the others.",468050c375d942ebb5ad8483a49b3558
spotify:track:1n8NKQRg8LVHy7oUhUgbFF,9800e906592547f4ab0717aa56097b49,2026-08-22T13:13:28Z,1,This is such an absolutely brilliant pick in every way. Maybe the defining song of the millennial cultural mythos.￼,468050c375d942ebb5ad8483a49b3558
spotify:track:1YLJVmuzeM2YSUkCCaTNUB,9800e906592547f4ab0717aa56097b49,2026-08-22T13:13:28Z,1,Hard to describe the stranglehold this song had on millennial girls with mental health problems (~30%) in 2009 ,468050c375d942ebb5ad8483a49b3558
spotify:track:2lwwrWVKdf3LR9lbbhnr6R,9800e906592547f4ab0717aa56097b49,2026-08-22T13:13:28Z,0,"This is a great pick because it really is the bridge into the millennial sound from more of a Gen X perspective. I think this just misses out on beating Florence and the machine, because they are more of an actual millennial band. ",468050c375d942ebb5ad8483a49b3558
spotify:track:2tznHmp70DxMyr2XhWLOW0,9800e906592547f4ab0717aa56097b49,2026-08-22T13:13:28Z,1,"This is the millennial hopefulness mixed with the ennui of the Indie vibe of that time. Hard to describe, but really emblematic. Am I biased because I happen to be 20 years old at the time? No questions.",468050c375d942ebb5ad8483a49b3558
spotify:track:5fp6m6Zo4LetiWaMMrPjy5,9800e906592547f4ab0717aa56097b49,2026-08-22T13:13:28Z,0,Eh ,468050c375d942ebb5ad8483a49b3558
spotify:track:60wwxj6Dd9NJlirf84wr2c,9800e906592547f4ab0717aa56097b49,2026-08-22T13:13:28Z,1,"You just had to be there. 

This is the sound of college to me.",468050c375d942ebb5ad8483a49b3558
spotify:track:0fYVliAYKHuPmECRs1pbRf,9800e906592547f4ab0717aa56097b49,2026-08-22T13:13:28Z,0,"I don’t know if this is the millennial in me, but I expected this round to be bangers only. And this is absolute garbage.",468050c375d942ebb5ad8483a49b3558
spotify:track:6Xe9wT5xeZETPwtaP2ynUz,fc418ffeadb64c3f8e93a25fb942984f,2026-08-22T17:41:26Z,1,,468050c375d942ebb5ad8483a49b3558
spotify:track:0fYVliAYKHuPmECRs1pbRf,fc418ffeadb64c3f8e93a25fb942984f,2026-08-22T17:41:26Z,1,,468050c375d942ebb5ad8483a49b3558
spotify:track:0JvvNBMYm1GFlQ42U6EoKR,fc418ffeadb64c3f8e93a25fb942984f,2026-08-22T17:41:26Z,1,,468050c375d942ebb5ad8483a49b3558
spotify:track:2lwwrWVKdf3LR9lbbhnr6R,fc418ffeadb64c3f8e93a25fb942984f,2026-08-22T17:41:26Z,-1,,468050c375d942ebb5ad8483a49b3558
spotify:track:2tznHmp70DxMyr2XhWLOW0,fc418ffeadb64c3f8e93a25fb942984f,2026-08-22T17:41:26Z,1,,468050c375d942ebb5ad8483a49b3558
spotify:track:0SiywuOBRcynK0uKGWdCnn,42db3c63b69a4479bedfcc2d22a6b73a,2026-08-22T18:13:16Z,-1,,468050c375d942ebb5ad8483a49b3558
spotify:track:60wwxj6Dd9NJlirf84wr2c,42db3c63b69a4479bedfcc2d22a6b73a,2026-08-22T18:13:16Z,1,,468050c375d942ebb5ad8483a49b3558
spotify:track:2tznHmp70DxMyr2XhWLOW0,42db3c63b69a4479bedfcc2d22a6b73a,2026-08-22T18:13:16Z,1,,468050c375d942ebb5ad8483a49b3558
spotify:track:1YLJVmuzeM2YSUkCCaTNUB,42db3c63b69a4479bedfcc2d22a6b73a,2026-08-22T18:13:16Z,1,,468050c375d942ebb5ad8483a49b3558
spotify:track:16Ldvr8SKdenSlADkLsdYF,42db3c63b69a4479bedfcc2d22a6b73a,2026-08-22T18:13:16Z,1,,468050c375d942ebb5ad8483a49b3558
spotify:track:6Xe9wT5xeZETPwtaP2ynUz,b3c43885f6ce4e8b861545158a22b7a2,2026-08-22T19:50:26Z,1,,468050c375d942ebb5ad8483a49b3558
spotify:track:0fYVliAYKHuPmECRs1pbRf,b3c43885f6ce4e8b861545158a22b7a2,2026-08-22T19:50:26Z,1,,468050c375d942ebb5ad8483a49b3558
spotify:track:16Ldvr8SKdenSlADkLsdYF,b3c43885f6ce4e8b861545158a22b7a2,2026-08-22T19:50:26Z,1,,468050c375d942ebb5ad8483a49b3558
spotify:track:1YLJVmuzeM2YSUkCCaTNUB,b3c43885f6ce4e8b861545158a22b7a2,2026-08-22T19:50:26Z,1,,468050c375d942ebb5ad8483a49b3558
spotify:track:60wwxj6Dd9NJlirf84wr2c,b3c43885f6ce4e8b861545158a22b7a2,2026-08-22T19:50:26Z,-1,,468050c375d942ebb5ad8483a49b3558
spotify:track:00Mb3DuaIH1kjrwOku9CGU,c1b6888dec1e4113b65883ad590d3969,2026-08-25T01:14:05Z,1," ",b9e7263f08814116a0b29cb37bb95f38
spotify:track:0UREO3QWbXJW3gOUXpK1am,c1b6888dec1e4113b65883ad590d3969,2026-08-25T01:14:05Z,1,,b9e7263f08814116a0b29cb37bb95f38
spotify:track:1ACZpHI5vZ5Ea4xGlkdGWM,c1b6888dec1e4113b65883ad590d3969,2026-08-25T01:14:05Z,1,,b9e7263f08814116a0b29cb37bb95f38
spotify:track:1nHm8wpIxl4oUyW8WNIXkz,c1b6888dec1e4113b65883ad590d3969,2026-08-25T01:14:05Z,1,,b9e7263f08814116a0b29cb37bb95f38
spotify:track:40riOy7x9W7GXjyGp4pjAv,c1b6888dec1e4113b65883ad590d3969,2026-08-25T01:14:05Z,-1,,b9e7263f08814116a0b29cb37bb95f38
spotify:track:00Mb3DuaIH1kjrwOku9CGU,f53f0969b04049b5ba39a303ebb3e987,2026-08-27T12:00:17Z,1,,b9e7263f08814116a0b29cb37bb95f38
spotify:track:0UREO3QWbXJW3gOUXpK1am,f53f0969b04049b5ba39a303ebb3e987,2026-08-27T12:00:17Z,1,,b9e7263f08814116a0b29cb37bb95f38
spotify:track:1ACZpHI5vZ5Ea4xGlkdGWM,f53f0969b04049b5ba39a303ebb3e987,2026-08-27T12:00:17Z,-1,,b9e7263f08814116a0b29cb37bb95f38
spotify:track:1nHm8wpIxl4oUyW8WNIXkz,f53f0969b04049b5ba39a303ebb3e987,2026-08-27T12:00:17Z,1,,b9e7263f08814116a0b29cb37bb95f38
spotify:track:4dUKKNql0FZjn96jU6IjYB,f53f0969b04049b5ba39a303ebb3e987,2026-08-27T12:00:17Z,1,,b9e7263f08814116a0b29cb37bb95f38
spotify:track:00Mb3DuaIH1kjrwOku9CGU,699c7b228f3b436880363c6d92c3976f,2026-08-27T18:13:57Z,0,"The skaters were the gamers of their day, but never developed class consciousness. As such they faced discrimination without a coherent political movement to combat it. In this essay I will examine how the works of Lavigne display this class tensions while failing to address the inherent contradictions in the system that led to such heartless discrimination.",b9e7263f08814116a0b29cb37bb95f38
spotify:track:0P8opaGei1hqbdcSVZQcCG,699c7b228f3b436880363c6d92c3976f,2026-08-27T18:13:57Z,1,"I strongly dislike Irish nationalism, but this is a baller song.",b9e7263f08814116a0b29cb37bb95f38
spotify:track:1ACZpHI5vZ5Ea4xGlkdGWM,699c7b228f3b436880363c6d92c3976f,2026-08-27T18:13:57Z,0,"Earthy lad, that Afroman ",b9e7263f08814116a0b29cb37bb95f38
spotify:track:2yyUXQ4cyy3itbkJy1oi7x,699c7b228f3b436880363c6d92c3976f,2026-08-27T18:13:57Z,-1,"Down voting because they took a masterpiece and made it meh
 You don't do that to my habibi Richard Thompson ",b9e7263f08814116a0b29cb37bb95f38
spotify:track:40riOy7x9W7GXjyGp4pjAv,699c7b228f3b436880363c6d92c3976f,2026-08-27T18:13:57Z,1,The song of my people ,b9e7263f08814116a0b29cb37bb95f38
spotify:track:59TbbTEDx5kbwjYOEZ9IT5,699c7b228f3b436880363c6d92c3976f,2026-08-27T18:13:57Z,0,Kill it with fire ,b9e7263f08814116a0b29cb37bb95f38
spotify:track:7wdLhwuPaiDM6OdxuML9nv,699c7b228f3b436880363c6d92c3976f,2026-08-27T18:13:57Z,2,Thanks Joe,b9e7263f08814116a0b29cb37bb95f38
spotify:track:00Mb3DuaIH1kjrwOku9CGU,9800e906592547f4ab0717aa56097b49,2026-08-27T20:41:20Z,0,"Absolute classic, and would never have actually thought of it as a story, but mostly since I've been hearing it endlessly since I was a child. ",b9e7263f08814116a0b29cb37bb95f38
spotify:track:0P8opaGei1hqbdcSVZQcCG,9800e906592547f4ab0717aa56097b49,2026-08-27T20:41:20Z,0,Didn't really strike me tbh. I think the style just doesn't really stand out to me. ,b9e7263f08814116a0b29cb37bb95f38
spotify:track:0UREO3QWbXJW3gOUXpK1am,9800e906592547f4ab0717aa56097b49,2026-08-27T20:41:20Z,1,Not gonna lie this is a gimmicky pick and it totally got me. Used to watch this with my family in the mid 2000s and you caught me at the perfect moment to capitalize on that nostalgia. ,b9e7263f08814116a0b29cb37bb95f38
spotify:track:1ACZpHI5vZ5Ea4xGlkdGWM,9800e906592547f4ab0717aa56097b49,2026-08-27T20:41:20Z,0,"Absolutely insane move to submit this. Bonkers, raving mad. Can't downvote simply because of that audacity, even though it deserves it. 

I haven't heard this all the way through since high school when it was played in a van full of high school guys and I intend to never hear it fully again. The chorus is so insanely good though and I like to listen to that part from time to time.",b9e7263f08814116a0b29cb37bb95f38
spotify:track:1nHm8wpIxl4oUyW8WNIXkz,9800e906592547f4ab0717aa56097b49,2026-08-27T20:41:20Z,0,"I know this is Irish, but side note - Jake Xerxes Fussell is discovering/documenting forgotten American folk music in a way no one has done since the 70s, American gem",b9e7263f08814116a0b29cb37bb95f38
spotify:track:2yyUXQ4cyy3itbkJy1oi7x,9800e906592547f4ab0717aa56097b49,2026-08-27T20:41:20Z,0,Don't like these characters. ,b9e7263f08814116a0b29cb37bb95f38
spotify:track:40riOy7x9W7GXjyGp4pjAv,9800e906592547f4ab0717aa56097b49,2026-08-27T20:41:20Z,0,I hate Eagles man,b9e7263f08814116a0b29cb37bb95f38
spotify:track:4anc9CfiMhzwN9Y2YiPT1L,9800e906592547f4ab0717aa56097b49,2026-08-27T20:41:20Z,2,Thank you Peter Seeley. What a gem. How did this man create so many bangers in his short life? ,b9e7263f08814116a0b29cb37bb95f38
spotify:track:4dUKKNql0FZjn96jU6IjYB,9800e906592547f4ab0717aa56097b49,2026-08-27T20:41:20Z,1,I smile warmly at the idea of Joseph getting to this and then realizing with dawning horror that it's actually an 80s Bob Dylan song. ,b9e7263f08814116a0b29cb37bb95f38
spotify:track:59TbbTEDx5kbwjYOEZ9IT5,9800e906592547f4ab0717aa56097b49,2026-08-27T20:41:20Z,0,I liked this a lot but it's not narrative! ,b9e7263f08814116a0b29cb37bb95f38
spotify:track:7wdLhwuPaiDM6OdxuML9nv,9800e906592547f4ab0717aa56097b49,2026-08-27T20:41:20Z,-1,I didn't find this very narratively compelling...not really a story song. And I also thought it was just an alright song. ,b9e7263f08814116a0b29cb37bb95f38
spotify:track:00Mb3DuaIH1kjrwOku9CGU,fa6235d130204772808d133e528b8ad7,2026-08-28T04:08:50Z,0,"I wanted to go with this one because it has multiple levels of storytelling—the fictional character who’s supposedly singing the song is herself writing a song to tell a story, down to the opening line acknowledging the cliche framing",b9e7263f08814116a0b29cb37bb95f38
spotify:track:0P8opaGei1hqbdcSVZQcCG,fa6235d130204772808d133e528b8ad7,2026-08-28T04:08:50Z,-1,"I guess this technically tells a story in the sense that it talks about an event that happened but it just doesn’t feel like a *story.* idk quite how to articulate it. Not really a unified narrative with beginning, middle, end",b9e7263f08814116a0b29cb37bb95f38
spotify:track:0UREO3QWbXJW3gOUXpK1am,fa6235d130204772808d133e528b8ad7,2026-08-28T04:08:50Z,1,Okay this is clever and fun,b9e7263f08814116a0b29cb37bb95f38
spotify:track:1ACZpHI5vZ5Ea4xGlkdGWM,fa6235d130204772808d133e528b8ad7,2026-08-28T04:08:50Z,1,I wish I were brave enough to submit this absolute masterpiece ,b9e7263f08814116a0b29cb37bb95f38
spotify:track:1nHm8wpIxl4oUyW8WNIXkz,fa6235d130204772808d133e528b8ad7,2026-08-28T04:08:50Z,0,No shade to St Brendan but I find this one kinda corny,b9e7263f08814116a0b29cb37bb95f38
spotify:track:2yyUXQ4cyy3itbkJy1oi7x,fa6235d130204772808d133e528b8ad7,2026-08-28T04:08:50Z,0,Well this is sad ,b9e7263f08814116a0b29cb37bb95f38
spotify:track:40riOy7x9W7GXjyGp4pjAv,fa6235d130204772808d133e528b8ad7,2026-08-28T04:08:50Z,1,Classic story song. I didn’t initially want to vote for it bc it’s an obvious pick but in terms of telling a good story it does make the top 4 for me,b9e7263f08814116a0b29cb37bb95f38
spotify:track:4anc9CfiMhzwN9Y2YiPT1L,fa6235d130204772808d133e528b8ad7,2026-08-28T04:08:50Z,0,I love this song. But I’m gonna be really pedantic here and say that this feels more like a vignette than a story properly speaking ,b9e7263f08814116a0b29cb37bb95f38
spotify:track:4dUKKNql0FZjn96jU6IjYB,fa6235d130204772808d133e528b8ad7,2026-08-28T04:08:50Z,0,It’s fine. Didn’t knock my socks off. Sorry Bob,b9e7263f08814116a0b29cb37bb95f38
spotify:track:59TbbTEDx5kbwjYOEZ9IT5,fa6235d130204772808d133e528b8ad7,2026-08-28T04:08:50Z,1,One reason this is an interesting pick is that it gets a bit “meta” with the story bit—the song is not only telling a story in the sense of talking about a sequence of events but also self consciously framing itself as a story,b9e7263f08814116a0b29cb37bb95f38
spotify:track:7wdLhwuPaiDM6OdxuML9nv,fa6235d130204772808d133e528b8ad7,2026-08-28T04:08:50Z,0,Musically super cool song but to be honest the story is just okay,b9e7263f08814116a0b29cb37bb95f38
spotify:track:00Mb3DuaIH1kjrwOku9CGU,0f4f7275b1234127a43771293d707c5c,2026-08-28T18:09:46Z,1,Love ,b9e7263f08814116a0b29cb37bb95f38
spotify:track:0P8opaGei1hqbdcSVZQcCG,0f4f7275b1234127a43771293d707c5c,2026-08-28T18:09:46Z,1,Chieftains and sinead is the only licit version of this for me but I appreciate an Irish song being here ,b9e7263f08814116a0b29cb37bb95f38
spotify:track:0UREO3QWbXJW3gOUXpK1am,0f4f7275b1234127a43771293d707c5c,2026-08-28T18:09:46Z,0,Not into it ,b9e7263f08814116a0b29cb37bb95f38
spotify:track:1ACZpHI5vZ5Ea4xGlkdGWM,0f4f7275b1234127a43771293d707c5c,2026-08-28T18:09:46Z,-1,,b9e7263f08814116a0b29cb37bb95f38
spotify:track:2yyUXQ4cyy3itbkJy1oi7x,0f4f7275b1234127a43771293d707c5c,2026-08-28T18:09:46Z,0,"Ugh I just love this song. “Red hair and black leather, my favorite color scheme”",b9e7263f08814116a0b29cb37bb95f38
spotify:track:40riOy7x9W7GXjyGp4pjAv,0f4f7275b1234127a43771293d707c5c,2026-08-28T18:09:46Z,1,,b9e7263f08814116a0b29cb37bb95f38
spotify:track:4anc9CfiMhzwN9Y2YiPT1L,0f4f7275b1234127a43771293d707c5c,2026-08-28T18:09:46Z,1,I love Stan ,b9e7263f08814116a0b29cb37bb95f38
spotify:track:00Mb3DuaIH1kjrwOku9CGU,42db3c63b69a4479bedfcc2d22a6b73a,2026-08-28T18:30:33Z,-1,,b9e7263f08814116a0b29cb37bb95f38
spotify:track:0P8opaGei1hqbdcSVZQcCG,42db3c63b69a4479bedfcc2d22a6b73a,2026-08-28T18:30:33Z,1,,b9e7263f08814116a0b29cb37bb95f38
spotify:track:40riOy7x9W7GXjyGp4pjAv,42db3c63b69a4479bedfcc2d22a6b73a,2026-08-28T18:30:33Z,1,,b9e7263f08814116a0b29cb37bb95f38
spotify:track:4anc9CfiMhzwN9Y2YiPT1L,42db3c63b69a4479bedfcc2d22a6b73a,2026-08-28T18:30:33Z,1,,b9e7263f08814116a0b29cb37bb95f38
spotify:track:4dUKKNql0FZjn96jU6IjYB,42db3c63b69a4479bedfcc2d22a6b73a,2026-08-28T18:30:33Z,1,,b9e7263f08814116a0b29cb37bb95f38
spotify:track:0P8opaGei1hqbdcSVZQcCG,80a489147c544db5a53c5cede65c4617,2026-08-28T18:49:41Z,0,"Trying to do too much, no emotional punch. The delivery doesn’t help",b9e7263f08814116a0b29cb37bb95f38
spotify:track:0UREO3QWbXJW3gOUXpK1am,80a489147c544db5a53c5cede65c4617,2026-08-28T18:49:41Z,0,Couldn’t focus,b9e7263f08814116a0b29cb37bb95f38
spotify:track:1ACZpHI5vZ5Ea4xGlkdGWM,80a489147c544db5a53c5cede65c4617,2026-08-28T18:49:41Z,-1,Too explicit for me to consider,b9e7263f08814116a0b29cb37bb95f38
spotify:track:2yyUXQ4cyy3itbkJy1oi7x,80a489147c544db5a53c5cede65c4617,2026-08-28T18:49:41Z,1,"As one who understands the mysterious kinship between man and machine, this speaks to me ",b9e7263f08814116a0b29cb37bb95f38
spotify:track:40riOy7x9W7GXjyGp4pjAv,80a489147c544db5a53c5cede65c4617,2026-08-28T18:49:41Z,0,“We haven’t had that spirit here since 1969” is like us talking about 2019.,b9e7263f08814116a0b29cb37bb95f38
spotify:track:4anc9CfiMhzwN9Y2YiPT1L,80a489147c544db5a53c5cede65c4617,2026-08-28T18:49:41Z,2,Staggeringly beautiful,b9e7263f08814116a0b29cb37bb95f38
spotify:track:4dUKKNql0FZjn96jU6IjYB,80a489147c544db5a53c5cede65c4617,2026-08-28T18:49:41Z,0,This was hard to listen to after Stan,b9e7263f08814116a0b29cb37bb95f38
spotify:track:59TbbTEDx5kbwjYOEZ9IT5,80a489147c544db5a53c5cede65c4617,2026-08-28T18:49:41Z,1,Extremely creative and enjoyable listen,b9e7263f08814116a0b29cb37bb95f38
spotify:track:1ACZpHI5vZ5Ea4xGlkdGWM,6d8e32d102054531811ff5c8a625977c,2026-08-28T21:04:20Z,1,"Asked why he did not approve of the use of the n-word, The Poet once said: “A Hispanic guy said it to me once, and I didn’t like that.”",b9e7263f08814116a0b29cb37bb95f38
spotify:track:1nHm8wpIxl4oUyW8WNIXkz,6d8e32d102054531811ff5c8a625977c,2026-08-28T21:04:20Z,1,,b9e7263f08814116a0b29cb37bb95f38
spotify:track:2yyUXQ4cyy3itbkJy1oi7x,6d8e32d102054531811ff5c8a625977c,2026-08-28T21:04:20Z,1,"I really like this one as a submission and love this story song, although this is not my favorite version. This resurrected a memory for me of hearing this song in college and I’m kicking myself that I can’t remember which version it was that I heard then. ",b9e7263f08814116a0b29cb37bb95f38
spotify:track:4anc9CfiMhzwN9Y2YiPT1L,6d8e32d102054531811ff5c8a625977c,2026-08-28T21:04:20Z,-1,"Beautiful but it’s giving me, out of all those assembled here, the least impression of narrative ",b9e7263f08814116a0b29cb37bb95f38
spotify:track:4dUKKNql0FZjn96jU6IjYB,6d8e32d102054531811ff5c8a625977c,2026-08-28T21:04:20Z,1,Sick,b9e7263f08814116a0b29cb37bb95f38
spotify:track:00Mb3DuaIH1kjrwOku9CGU,b3c43885f6ce4e8b861545158a22b7a2,2026-08-28T21:08:11Z,1,,b9e7263f08814116a0b29cb37bb95f38
spotify:track:1ACZpHI5vZ5Ea4xGlkdGWM,b3c43885f6ce4e8b861545158a22b7a2,2026-08-28T21:08:11Z,-1,,b9e7263f08814116a0b29cb37bb95f38
spotify:track:2yyUXQ4cyy3itbkJy1oi7x,b3c43885f6ce4e8b861545158a22b7a2,2026-08-28T21:08:11Z,1,,b9e7263f08814116a0b29cb37bb95f38
spotify:track:4dUKKNql0FZjn96jU6IjYB,b3c43885f6ce4e8b861545158a22b7a2,2026-08-28T21:08:11Z,1,,b9e7263f08814116a0b29cb37bb95f38
spotify:track:59TbbTEDx5kbwjYOEZ9IT5,b3c43885f6ce4e8b861545158a22b7a2,2026-08-28T21:08:11Z,1,,b9e7263f08814116a0b29cb37bb95f38
spotify:track:0UREO3QWbXJW3gOUXpK1am,fc418ffeadb64c3f8e93a25fb942984f,2026-08-28T21:22:39Z,1,Iconic,b9e7263f08814116a0b29cb37bb95f38
spotify:track:1ACZpHI5vZ5Ea4xGlkdGWM,fc418ffeadb64c3f8e93a25fb942984f,2026-08-28T21:22:39Z,-1,I wish I had never read those lyrics ,b9e7263f08814116a0b29cb37bb95f38
spotify:track:2yyUXQ4cyy3itbkJy1oi7x,fc418ffeadb64c3f8e93a25fb942984f,2026-08-28T21:22:39Z,0,Freaking sad,b9e7263f08814116a0b29cb37bb95f38
spotify:track:40riOy7x9W7GXjyGp4pjAv,fc418ffeadb64c3f8e93a25fb942984f,2026-08-28T21:22:39Z,1,Classic,b9e7263f08814116a0b29cb37bb95f38
spotify:track:4anc9CfiMhzwN9Y2YiPT1L,fc418ffeadb64c3f8e93a25fb942984f,2026-08-28T21:22:39Z,1,,b9e7263f08814116a0b29cb37bb95f38
spotify:track:7wdLhwuPaiDM6OdxuML9nv,fc418ffeadb64c3f8e93a25fb942984f,2026-08-28T21:22:39Z,1,,b9e7263f08814116a0b29cb37bb95f38
spotify:track:1xNknVNOolLB4oQeEtNBX2,9800e906592547f4ab0717aa56097b49,2026-08-31T00:28:58Z,0,"I can see why you would pick this, but I don’t actually think it has the elements that make this type of music annoying to Joseph. I think he will be ambivalent to this, and will think the vocal talent is impressive.",ba41b6de9c2243879a4cace0d75ef20a
spotify:track:2zSb2Db4kNYH5qIs5V3BgG,9800e906592547f4ab0717aa56097b49,2026-08-31T00:28:58Z,0,"I feel like Joseph probably doesn’t like Metallica, and this was a very lackluster song, but did not stand out from the rest.",ba41b6de9c2243879a4cace0d75ef20a
spotify:track:3NU3GuVZPOmkbTAk006znp,9800e906592547f4ab0717aa56097b49,2026-08-31T00:28:58Z,0,"This is a good pick, it fits the millennial mumbo-jumbo category that Joseph can’t stand. ",ba41b6de9c2243879a4cace0d75ef20a
spotify:track:4H9jGVkfJkjc6pWFfn2KSN,9800e906592547f4ab0717aa56097b49,2026-08-31T00:28:58Z,1,"I would punish this for being a lazy pic since Joseph’s hatred of Sammy Rae is already known, but then the message of “whatever I feel, whatever I want to do” is also the most anti-Joseph thing I could ever imagine. So I will reward it.",ba41b6de9c2243879a4cace0d75ef20a
spotify:track:5JuidT91MdTPOEDHL4u3fp,9800e906592547f4ab0717aa56097b49,2026-08-31T00:28:58Z,-1,"This was kind of awesome. I don’t think Joseph will hate this, even if he doesn’t really prefer it. Seems wasted on this round instead of waiting for the next.",ba41b6de9c2243879a4cace0d75ef20a
spotify:track:6GIR35YzrQUqTYFGozpQ6m,9800e906592547f4ab0717aa56097b49,2026-08-31T00:28:58Z,0,"Amazing. I should have pulled out my Eddie does William Shatner doing rocket man ages ago. 
But it does seem like it would be relying entirely the gimmick to vote for this.",ba41b6de9c2243879a4cace0d75ef20a
spotify:track:0J7Zv3nJki2SBTvidhMDZy,9800e906592547f4ab0717aa56097b49,2026-08-31T00:28:58Z,0,"I recognize this album cover, I remember liking the song or two, but this was not good lol. Narrowly loses to a few others on the list.",ba41b6de9c2243879a4cace0d75ef20a
spotify:track:7aohwSiTDju51QmC54AUba,9800e906592547f4ab0717aa56097b49,2026-08-31T00:28:58Z,2,The apex of late 2000s ukulele twee slop. There are at least five distinct elements in this song that alone would warrant it being chosen. Incredible incorrect restraint Schoen to wait for this round instead of the millennial round. Bravo. ,ba41b6de9c2243879a4cace0d75ef20a
spotify:track:7DTlsMOQjGysXHpwwpHuPl,9800e906592547f4ab0717aa56097b49,2026-08-31T00:28:58Z,0,I don’t like submissions that rely entirely on content alone. Needs to be deeper than that. ,ba41b6de9c2243879a4cace0d75ef20a
spotify:track:7pwjpuIEaIAl4JYHUhJZoa,9800e906592547f4ab0717aa56097b49,2026-08-31T00:28:58Z,1,This is garbage. Incredible choice. How did you even find this?,ba41b6de9c2243879a4cace0d75ef20a
spotify:track:0J7Zv3nJki2SBTvidhMDZy,f53f0969b04049b5ba39a303ebb3e987,2026-08-31T04:04:16Z,1,,ba41b6de9c2243879a4cace0d75ef20a
spotify:track:2zSb2Db4kNYH5qIs5V3BgG,f53f0969b04049b5ba39a303ebb3e987,2026-08-31T04:04:16Z,0,Lazy we know he hates this ,ba41b6de9c2243879a4cace0d75ef20a
spotify:track:3NU3GuVZPOmkbTAk006znp,f53f0969b04049b5ba39a303ebb3e987,2026-08-31T04:04:16Z,-1,Lazy we know he hates this,ba41b6de9c2243879a4cace0d75ef20a
spotify:track:4H9jGVkfJkjc6pWFfn2KSN,f53f0969b04049b5ba39a303ebb3e987,2026-08-31T04:04:16Z,0,Lazy we know he hates this ,ba41b6de9c2243879a4cace0d75ef20a
spotify:track:6GIR35YzrQUqTYFGozpQ6m,f53f0969b04049b5ba39a303ebb3e987,2026-08-31T04:04:16Z,1,Songs Sammy would love,ba41b6de9c2243879a4cace0d75ef20a
spotify:track:7aohwSiTDju51QmC54AUba,f53f0969b04049b5ba39a303ebb3e987,2026-08-31T04:04:16Z,1,,ba41b6de9c2243879a4cace0d75ef20a
spotify:track:7DTlsMOQjGysXHpwwpHuPl,f53f0969b04049b5ba39a303ebb3e987,2026-08-31T04:04:16Z,0,Unmemorable,ba41b6de9c2243879a4cace0d75ef20a
spotify:track:7pwjpuIEaIAl4JYHUhJZoa,f53f0969b04049b5ba39a303ebb3e987,2026-08-31T04:04:16Z,1,I love this! It’s like baby weird Al ,ba41b6de9c2243879a4cace0d75ef20a
spotify:track:0J7Zv3nJki2SBTvidhMDZy,c1b6888dec1e4113b65883ad590d3969,2026-08-31T13:49:44Z,1,,ba41b6de9c2243879a4cace0d75ef20a
spotify:track:1xNknVNOolLB4oQeEtNBX2,c1b6888dec1e4113b65883ad590d3969,2026-08-31T13:49:44Z,1,,ba41b6de9c2243879a4cace0d75ef20a
spotify:track:3NU3GuVZPOmkbTAk006znp,c1b6888dec1e4113b65883ad590d3969,2026-08-31T13:49:44Z,2,,ba41b6de9c2243879a4cace0d75ef20a
spotify:track:6GIR35YzrQUqTYFGozpQ6m,c1b6888dec1e4113b65883ad590d3969,2026-08-31T13:49:44Z,-1,,ba41b6de9c2243879a4cace0d75ef20a
spotify:track:0J7Zv3nJki2SBTvidhMDZy,0f4f7275b1234127a43771293d707c5c,2026-09-01T02:36:34Z,0,A mild offense ,ba41b6de9c2243879a4cace0d75ef20a
spotify:track:0mflMxspEfB0VbI1kyLiAv,0f4f7275b1234127a43771293d707c5c,2026-09-01T02:36:34Z,0,Not egregious enough even for him. Also lol because I knew this was on the playlist but I was listening to Noah before I started this and then got confused when he came back on.,ba41b6de9c2243879a4cace0d75ef20a
spotify:track:1xNknVNOolLB4oQeEtNBX2,0f4f7275b1234127a43771293d707c5c,2026-09-01T02:36:34Z,0,This made me laugh. I would force him to bop to this if I played it in the car. But yeah it’s anti joseph fs. In the end got beat out by asscheek or whatever that band with the goats was.,ba41b6de9c2243879a4cace0d75ef20a
spotify:track:2zSb2Db4kNYH5qIs5V3BgG,0f4f7275b1234127a43771293d707c5c,2026-09-01T02:36:34Z,-1,Guitar riff is too cool for him to fully hate ,ba41b6de9c2243879a4cace0d75ef20a
spotify:track:3NU3GuVZPOmkbTAk006znp,0f4f7275b1234127a43771293d707c5c,2026-09-01T02:36:34Z,1,Yeah even I hated this ,ba41b6de9c2243879a4cace0d75ef20a
spotify:track:4H9jGVkfJkjc6pWFfn2KSN,0f4f7275b1234127a43771293d707c5c,2026-09-01T02:36:34Z,0,Ok past artist seems not allowed (in any case it’s not that bad to me),ba41b6de9c2243879a4cace0d75ef20a
spotify:track:5JuidT91MdTPOEDHL4u3fp,0f4f7275b1234127a43771293d707c5c,2026-09-01T02:36:34Z,0,My bro showed me this once and I was just like hmmm and it came to mind as something joseph would hate (sorry it’s in another language but hopefully that’s not going to disqualify me) but I’ll probs workout to this in Italy cuz when in Rome yktv but yeah just seemed like he would be like “this is everything wrong with rap”,ba41b6de9c2243879a4cace0d75ef20a
spotify:track:6GIR35YzrQUqTYFGozpQ6m,0f4f7275b1234127a43771293d707c5c,2026-09-01T02:36:34Z,0,Lol,ba41b6de9c2243879a4cace0d75ef20a
spotify:track:7aohwSiTDju51QmC54AUba,0f4f7275b1234127a43771293d707c5c,2026-09-01T02:36:34Z,1,"Knew this would suck from… well everything about it 

Made me laugh aloud ",ba41b6de9c2243879a4cace0d75ef20a
spotify:track:7DTlsMOQjGysXHpwwpHuPl,0f4f7275b1234127a43771293d707c5c,2026-09-01T02:36:34Z,1,Yeah this is bad ,ba41b6de9c2243879a4cace0d75ef20a
spotify:track:7pwjpuIEaIAl4JYHUhJZoa,0f4f7275b1234127a43771293d707c5c,2026-09-01T02:36:34Z,1,,ba41b6de9c2243879a4cace0d75ef20a
spotify:track:6GIR35YzrQUqTYFGozpQ6m,80a489147c544db5a53c5cede65c4617,2026-09-01T14:05:40Z,0,Isn’t this just ironically bad? Not hitting the mark,ba41b6de9c2243879a4cace0d75ef20a
spotify:track:0J7Zv3nJki2SBTvidhMDZy,80a489147c544db5a53c5cede65c4617,2026-09-01T14:05:40Z,0,Is it even worthy of my hatred,ba41b6de9c2243879a4cace0d75ef20a
spotify:track:0mflMxspEfB0VbI1kyLiAv,80a489147c544db5a53c5cede65c4617,2026-09-01T14:05:40Z,-1,"This is a nice, competently written song that hooked my attention and kept it. Nice attempts at ragebait with the weed and Covid references",ba41b6de9c2243879a4cace0d75ef20a
spotify:track:1xNknVNOolLB4oQeEtNBX2,80a489147c544db5a53c5cede65c4617,2026-09-01T14:05:40Z,1,Wow that’s an annoying chorus,ba41b6de9c2243879a4cace0d75ef20a
spotify:track:3NU3GuVZPOmkbTAk006znp,80a489147c544db5a53c5cede65c4617,2026-09-01T14:05:40Z,0,More inoffensively bland than hate-worthy. Not quite offensively bland. Also already a well known object of my derision ,ba41b6de9c2243879a4cace0d75ef20a
spotify:track:4H9jGVkfJkjc6pWFfn2KSN,80a489147c544db5a53c5cede65c4617,2026-09-01T14:05:40Z,1,"Finally, a worthy opponent. Questionable submission because my hatred of Sammy Rae is already known, but I can’t resist all the same. What drives me crazy is that she obviously has an amazing voice but chooses to use it in the most obnoxious way possible with the most grating lyrics",ba41b6de9c2243879a4cace0d75ef20a
spotify:track:5JuidT91MdTPOEDHL4u3fp,80a489147c544db5a53c5cede65c4617,2026-09-01T14:05:40Z,0,"Boring and terrible, but not especially remarkable",ba41b6de9c2243879a4cace0d75ef20a
spotify:track:7aohwSiTDju51QmC54AUba,80a489147c544db5a53c5cede65c4617,2026-09-01T14:05:40Z,1,"Ok, well done. Atrocious lyrics,  totally banal musically, annoyingly millennial. A civilization that can produce this deserves to be destroyed",ba41b6de9c2243879a4cace0d75ef20a
spotify:track:7DTlsMOQjGysXHpwwpHuPl,80a489147c544db5a53c5cede65c4617,2026-09-01T14:05:40Z,1,"Degenerate filth. Lord have mercy on me, a sinner",ba41b6de9c2243879a4cace0d75ef20a
spotify:track:7pwjpuIEaIAl4JYHUhJZoa,80a489147c544db5a53c5cede65c4617,2026-09-01T14:05:40Z,0,Annoying but unworthy of wrath. It is slightly clever,ba41b6de9c2243879a4cace0d75ef20a
spotify:track:2zSb2Db4kNYH5qIs5V3BgG,699c7b228f3b436880363c6d92c3976f,2026-09-02T02:11:08Z,-1,Somehow the least bad (probably because Joe submitted it),ba41b6de9c2243879a4cace0d75ef20a
spotify:track:5JuidT91MdTPOEDHL4u3fp,699c7b228f3b436880363c6d92c3976f,2026-09-02T02:11:08Z,2,"Finally, a song both Joseph and Alex can hate together.

I imagine this is what the Ghibbelines sounded like when they wanted to duss the Guelphs",ba41b6de9c2243879a4cace0d75ef20a
spotify:track:7pwjpuIEaIAl4JYHUhJZoa,699c7b228f3b436880363c6d92c3976f,2026-09-02T02:11:08Z,2,Deranged. This is what we're here for ,ba41b6de9c2243879a4cace0d75ef20a
spotify:track:0mflMxspEfB0VbI1kyLiAv,42db3c63b69a4479bedfcc2d22a6b73a,2026-09-02T22:20:17Z,1,,ba41b6de9c2243879a4cace0d75ef20a
spotify:track:1xNknVNOolLB4oQeEtNBX2,42db3c63b69a4479bedfcc2d22a6b73a,2026-09-02T22:20:17Z,1,,ba41b6de9c2243879a4cace0d75ef20a
spotify:track:4H9jGVkfJkjc6pWFfn2KSN,42db3c63b69a4479bedfcc2d22a6b73a,2026-09-02T22:20:17Z,1,,ba41b6de9c2243879a4cace0d75ef20a
spotify:track:6GIR35YzrQUqTYFGozpQ6m,42db3c63b69a4479bedfcc2d22a6b73a,2026-09-02T22:20:17Z,-1,,ba41b6de9c2243879a4cace0d75ef20a
spotify:track:7aohwSiTDju51QmC54AUba,42db3c63b69a4479bedfcc2d22a6b73a,2026-09-02T22:20:17Z,1,,ba41b6de9c2243879a4cace0d75ef20a
spotify:track:0J7Zv3nJki2SBTvidhMDZy,fa6235d130204772808d133e528b8ad7,2026-09-03T06:35:13Z,1,Yeah I think this works ,ba41b6de9c2243879a4cace0d75ef20a
spotify:track:0mflMxspEfB0VbI1kyLiAv,fa6235d130204772808d133e528b8ad7,2026-09-03T06:35:13Z,0,"Eh, I imagine it annoys him, but feels too mainstream",ba41b6de9c2243879a4cace0d75ef20a
spotify:track:1xNknVNOolLB4oQeEtNBX2,fa6235d130204772808d133e528b8ad7,2026-09-03T06:35:13Z,1,Upvote for vegetarian slander,ba41b6de9c2243879a4cace0d75ef20a
spotify:track:2zSb2Db4kNYH5qIs5V3BgG,fa6235d130204772808d133e528b8ad7,2026-09-03T06:35:13Z,0,Maybe he likes Metallica though? If he ever explicitly said he dislikes them then I missed it. (But if that were the case I also wouldn’t give it a vote on grounds of lack of originality),ba41b6de9c2243879a4cace0d75ef20a
spotify:track:3NU3GuVZPOmkbTAk006znp,fa6235d130204772808d133e528b8ad7,2026-09-03T06:35:13Z,0,"Another known Joseph dislike. But yeah, this is pretty annoying",ba41b6de9c2243879a4cace0d75ef20a
spotify:track:4H9jGVkfJkjc6pWFfn2KSN,fa6235d130204772808d133e528b8ad7,2026-09-03T06:35:13Z,-1,"An artist that Joseph explicitly said would win this round just is too easy of a submission, sorry",ba41b6de9c2243879a4cace0d75ef20a
spotify:track:5JuidT91MdTPOEDHL4u3fp,fa6235d130204772808d133e528b8ad7,2026-09-03T06:35:13Z,0,This wasn’t actually that musically offensive? Like yeah Joseph isn’t gonna *like* it but I’m not sure it will disgust him either,ba41b6de9c2243879a4cace0d75ef20a
spotify:track:6GIR35YzrQUqTYFGozpQ6m,fa6235d130204772808d133e528b8ad7,2026-09-03T06:35:13Z,0,Wait I actually kinda rock with this. Will Joseph? Idk ,ba41b6de9c2243879a4cace0d75ef20a
spotify:track:7aohwSiTDju51QmC54AUba,fa6235d130204772808d133e528b8ad7,2026-09-03T06:35:13Z,1,At first I thought “he’d find this saccharine and annoying but idk if he’d *hate* it.” But when they started to bring in the gang vocals and the stomp claps I was sold,ba41b6de9c2243879a4cace0d75ef20a
spotify:track:7DTlsMOQjGysXHpwwpHuPl,fa6235d130204772808d133e528b8ad7,2026-09-03T06:35:13Z,1,Yeah I can’t imagine him not grimacing at this,ba41b6de9c2243879a4cace0d75ef20a
spotify:track:4H9jGVkfJkjc6pWFfn2KSN,b3c43885f6ce4e8b861545158a22b7a2,2026-09-03T21:08:08Z,1,,ba41b6de9c2243879a4cace0d75ef20a
spotify:track:7DTlsMOQjGysXHpwwpHuPl,b3c43885f6ce4e8b861545158a22b7a2,2026-09-03T21:08:08Z,1,,ba41b6de9c2243879a4cace0d75ef20a
spotify:track:7aohwSiTDju51QmC54AUba,b3c43885f6ce4e8b861545158a22b7a2,2026-09-03T21:08:08Z,1,,ba41b6de9c2243879a4cace0d75ef20a
spotify:track:6GIR35YzrQUqTYFGozpQ6m,b3c43885f6ce4e8b861545158a22b7a2,2026-09-03T21:08:08Z,1,,ba41b6de9c2243879a4cace0d75ef20a
spotify:track:0mflMxspEfB0VbI1kyLiAv,b3c43885f6ce4e8b861545158a22b7a2,2026-09-03T21:08:08Z,-1,,ba41b6de9c2243879a4cace0d75ef20a
spotify:track:7pwjpuIEaIAl4JYHUhJZoa,fc418ffeadb64c3f8e93a25fb942984f,2026-09-03T21:39:59Z,0,Why did this feel like AI:(,ba41b6de9c2243879a4cace0d75ef20a
spotify:track:0mflMxspEfB0VbI1kyLiAv,fc418ffeadb64c3f8e93a25fb942984f,2026-09-03T21:39:59Z,1,,ba41b6de9c2243879a4cace0d75ef20a
spotify:track:1xNknVNOolLB4oQeEtNBX2,fc418ffeadb64c3f8e93a25fb942984f,2026-09-03T21:39:59Z,1,,ba41b6de9c2243879a4cace0d75ef20a
spotify:track:2zSb2Db4kNYH5qIs5V3BgG,fc418ffeadb64c3f8e93a25fb942984f,2026-09-03T21:39:59Z,-1,,ba41b6de9c2243879a4cace0d75ef20a
spotify:track:3NU3GuVZPOmkbTAk006znp,fc418ffeadb64c3f8e93a25fb942984f,2026-09-03T21:39:59Z,1,,ba41b6de9c2243879a4cace0d75ef20a
spotify:track:7DTlsMOQjGysXHpwwpHuPl,fc418ffeadb64c3f8e93a25fb942984f,2026-09-03T21:39:59Z,1,,ba41b6de9c2243879a4cace0d75ef20a
spotify:track:7DTlsMOQjGysXHpwwpHuPl,6d8e32d102054531811ff5c8a625977c,2026-09-03T21:49:33Z,-1,I think this is just crass without getting anything special about what makes a song “a song Joseph would hate.”,ba41b6de9c2243879a4cace0d75ef20a
spotify:track:7aohwSiTDju51QmC54AUba,6d8e32d102054531811ff5c8a625977c,2026-09-03T21:49:33Z,1,"Kind of lazy but I don’t care, this is exactly the kind of hot garbage I would expect to see here ",ba41b6de9c2243879a4cace0d75ef20a
spotify:track:6GIR35YzrQUqTYFGozpQ6m,6d8e32d102054531811ff5c8a625977c,2026-09-03T21:49:33Z,1,Upvoting this for being more creative than some other submissions without simply being nasty like some of the other submissions ,ba41b6de9c2243879a4cace0d75ef20a
spotify:track:5JuidT91MdTPOEDHL4u3fp,6d8e32d102054531811ff5c8a625977c,2026-09-03T21:49:33Z,1,Not Portuguese ,ba41b6de9c2243879a4cace0d75ef20a
spotify:track:3NU3GuVZPOmkbTAk006znp,6d8e32d102054531811ff5c8a625977c,2026-09-03T21:49:33Z,0,Almost got me until I clocked the call back to a previous submission,ba41b6de9c2243879a4cace0d75ef20a
spotify:track:1xNknVNOolLB4oQeEtNBX2,6d8e32d102054531811ff5c8a625977c,2026-09-03T21:49:33Z,1,"If this artist was already mentioned in a previous round then I confess I’ve forgotten, but I’m confident Joseph would hate this and I think it gets a lot of the particulars of anti-Josephcore right ",ba41b6de9c2243879a4cace0d75ef20a
spotify:track:0mflMxspEfB0VbI1kyLiAv,6d8e32d102054531811ff5c8a625977c,2026-09-03T21:49:33Z,0,Noah Kahan feels too easy,ba41b6de9c2243879a4cace0d75ef20a
spotify:track:0ll9JAIrM3NVBOMl45sxSX,c1b6888dec1e4113b65883ad590d3969,2026-09-06T11:56:16Z,2,,892ff655305742a480e4f3801fa2327b
spotify:track:3CZ9FQ1pLb0lIZfJshDH1W,c1b6888dec1e4113b65883ad590d3969,2026-09-06T11:56:16Z,1,,892ff655305742a480e4f3801fa2327b
spotify:track:3igp09h8uL0V3STzyZxx35,c1b6888dec1e4113b65883ad590d3969,2026-09-06T11:56:16Z,1,,892ff655305742a480e4f3801fa2327b
spotify:track:5TqgiD5hFfdzz405tFP9sZ,c1b6888dec1e4113b65883ad590d3969,2026-09-06T11:56:16Z,-1,,892ff655305742a480e4f3801fa2327b
spotify:track:02JIdsrod3BYucThfUFDUX,f53f0969b04049b5ba39a303ebb3e987,2026-09-06T16:55:39Z,1,,892ff655305742a480e4f3801fa2327b
spotify:track:2Zku5hueH90H3vLNlP93Js,f53f0969b04049b5ba39a303ebb3e987,2026-09-06T16:55:39Z,-1,,892ff655305742a480e4f3801fa2327b
spotify:track:3igp09h8uL0V3STzyZxx35,f53f0969b04049b5ba39a303ebb3e987,2026-09-06T16:55:39Z,1,,892ff655305742a480e4f3801fa2327b
spotify:track:4RqW6FZXZLUrndtWNaMGAf,f53f0969b04049b5ba39a303ebb3e987,2026-09-06T16:55:39Z,1,,892ff655305742a480e4f3801fa2327b
spotify:track:52Zr0sinhWTCRrQhRRY4EP,f53f0969b04049b5ba39a303ebb3e987,2026-09-06T16:55:39Z,1,,892ff655305742a480e4f3801fa2327b
spotify:track:02JIdsrod3BYucThfUFDUX,699c7b228f3b436880363c6d92c3976f,2026-09-06T18:44:04Z,0,"This song would be great if it weren't sung in a weirdly american way(despite the artist being French). Great tune, in French, but sung in a weirdly constricted way.",892ff655305742a480e4f3801fa2327b
spotify:track:0ll9JAIrM3NVBOMl45sxSX,699c7b228f3b436880363c6d92c3976f,2026-09-06T18:44:04Z,0,"Judd, this was fun, but not outstanding. Still I enjoyed it.",892ff655305742a480e4f3801fa2327b
spotify:track:2Zku5hueH90H3vLNlP93Js,699c7b228f3b436880363c6d92c3976f,2026-09-06T18:44:04Z,0,Beautiful singing ruined by the industrial machinery in the background. Sorry Joseph ,892ff655305742a480e4f3801fa2327b
spotify:track:3CZ9FQ1pLb0lIZfJshDH1W,699c7b228f3b436880363c6d92c3976f,2026-09-06T18:44:04Z,1,Very strange and original ,892ff655305742a480e4f3801fa2327b
spotify:track:3igp09h8uL0V3STzyZxx35,699c7b228f3b436880363c6d92c3976f,2026-09-06T18:44:04Z,0,Weird but enjoyable. Feels very Brad coded for some reason ,892ff655305742a480e4f3801fa2327b
spotify:track:4RqW6FZXZLUrndtWNaMGAf,699c7b228f3b436880363c6d92c3976f,2026-09-06T18:44:04Z,2,"I don't really like opera, and I loved this",892ff655305742a480e4f3801fa2327b
spotify:track:52Zr0sinhWTCRrQhRRY4EP,699c7b228f3b436880363c6d92c3976f,2026-09-06T18:44:04Z,1,"This was quite enjoyable. Turns out, pop can be quite fun",892ff655305742a480e4f3801fa2327b
spotify:track:6hpuesKPNa3WhV48O7Fa47,699c7b228f3b436880363c6d92c3976f,2026-09-06T18:44:04Z,-1,It sounds like an American pop song that happens to be in Spanish.,892ff655305742a480e4f3801fa2327b
spotify:track:6yvj6wuSV2knfaGt7HJBrz,699c7b228f3b436880363c6d92c3976f,2026-09-06T18:44:04Z,0,"Love me some African music. With that said, a slightly lethargic pick from that exuberant continent. Still, would have been my fifth vote.",892ff655305742a480e4f3801fa2327b
spotify:track:02JIdsrod3BYucThfUFDUX,0f4f7275b1234127a43771293d707c5c,2026-09-08T06:01:03Z,1,"Perhaps obvious but a classic for a reason. As I sit in the villa classroom working on some stuff with the windows open letting in the warm Tuscan air and natural light, it fit my vibe well",892ff655305742a480e4f3801fa2327b
spotify:track:0cItyj95uqYjvYGchMLzIh,0f4f7275b1234127a43771293d707c5c,2026-09-08T06:01:03Z,0,Kinda goes off -- something about Russian rap. In the end was won over ,892ff655305742a480e4f3801fa2327b
spotify:track:0ll9JAIrM3NVBOMl45sxSX,0f4f7275b1234127a43771293d707c5c,2026-09-08T06:01:03Z,0,I danced to this before I could walk and sang it before Spanish was more than syllables to me. The percussion is one of my fave parts. And the meaning is funny.,892ff655305742a480e4f3801fa2327b
spotify:track:2Zku5hueH90H3vLNlP93Js,0f4f7275b1234127a43771293d707c5c,2026-09-08T06:01:03Z,0,some of the background music was sorta unpleasant to my ears but I acknowledge this is very cool and skillful,892ff655305742a480e4f3801fa2327b
spotify:track:3CZ9FQ1pLb0lIZfJshDH1W,0f4f7275b1234127a43771293d707c5c,2026-09-08T06:01:03Z,-1,not for me at all,892ff655305742a480e4f3801fa2327b
spotify:track:3igp09h8uL0V3STzyZxx35,0f4f7275b1234127a43771293d707c5c,2026-09-08T06:01:03Z,1,no me gusta the intro/instrumentation but the kid's vocals went off (reminds me of the A Million Dreams kid in The Greatest Showman) and this won me over by the end bigtime,892ff655305742a480e4f3801fa2327b
spotify:track:4RqW6FZXZLUrndtWNaMGAf,0f4f7275b1234127a43771293d707c5c,2026-09-08T06:01:03Z,1,ofc ,892ff655305742a480e4f3801fa2327b
spotify:track:52Zr0sinhWTCRrQhRRY4EP,0f4f7275b1234127a43771293d707c5c,2026-09-08T06:01:03Z,1,Ugh a bop ofc. I can’t explain but this is also millennial core to me.,892ff655305742a480e4f3801fa2327b
spotify:track:5TqgiD5hFfdzz405tFP9sZ,0f4f7275b1234127a43771293d707c5c,2026-09-08T06:01:03Z,0,Not enough votes bro. Was sort of waiting for some instruments to come in and tempo to change but it didn’t really.,892ff655305742a480e4f3801fa2327b
spotify:track:6hpuesKPNa3WhV48O7Fa47,0f4f7275b1234127a43771293d707c5c,2026-09-08T06:01:03Z,0,Didn’t stand out a ton against the others ,892ff655305742a480e4f3801fa2327b
spotify:track:6yvj6wuSV2knfaGt7HJBrz,0f4f7275b1234127a43771293d707c5c,2026-09-08T06:01:03Z,0,Again not enough votes and this didn’t stick out quite enough ,892ff655305742a480e4f3801fa2327b
spotify:track:02JIdsrod3BYucThfUFDUX,9800e906592547f4ab0717aa56097b49,2026-09-08T13:01:43Z,0,Just don't really like the trad style French songs that much,892ff655305742a480e4f3801fa2327b
spotify:track:0cItyj95uqYjvYGchMLzIh,9800e906592547f4ab0717aa56097b49,2026-09-08T13:01:43Z,0,I hope these boys have made it through the Russian invasion alright,892ff655305742a480e4f3801fa2327b
spotify:track:0ll9JAIrM3NVBOMl45sxSX,9800e906592547f4ab0717aa56097b49,2026-09-08T13:01:43Z,-1,Found this generally uninspired ,892ff655305742a480e4f3801fa2327b
spotify:track:2Zku5hueH90H3vLNlP93Js,9800e906592547f4ab0717aa56097b49,2026-09-08T13:01:43Z,0,le juxtaposition! ,892ff655305742a480e4f3801fa2327b
spotify:track:3CZ9FQ1pLb0lIZfJshDH1W,9800e906592547f4ab0717aa56097b49,2026-09-08T13:01:43Z,0,Heck yeah,892ff655305742a480e4f3801fa2327b
spotify:track:3igp09h8uL0V3STzyZxx35,9800e906592547f4ab0717aa56097b49,2026-09-08T13:01:43Z,0,They got those 12 year olds singing for their lives,892ff655305742a480e4f3801fa2327b
spotify:track:4RqW6FZXZLUrndtWNaMGAf,9800e906592547f4ab0717aa56097b49,2026-09-08T13:01:43Z,0,I can't pretend I enjoy this. Incredibly talented of course but I'm not drawn to it. ,892ff655305742a480e4f3801fa2327b
spotify:track:52Zr0sinhWTCRrQhRRY4EP,9800e906592547f4ab0717aa56097b49,2026-09-08T13:01:43Z,1,Wow I forgot this is a whole song. This is probably the one I enjoyed the most. Very evocative of that specific early online era. ,892ff655305742a480e4f3801fa2327b
spotify:track:5TqgiD5hFfdzz405tFP9sZ,9800e906592547f4ab0717aa56097b49,2026-09-08T13:01:43Z,1,There's a level of vocal power that black choirs seem to be able to achieve that isn't replicated anywhere else. Beautiful.,892ff655305742a480e4f3801fa2327b
spotify:track:6hpuesKPNa3WhV48O7Fa47,9800e906592547f4ab0717aa56097b49,2026-09-08T13:01:43Z,2,This was my favorite of the bunch by far. What an amazing pop song. ,892ff655305742a480e4f3801fa2327b
spotify:track:6yvj6wuSV2knfaGt7HJBrz,9800e906592547f4ab0717aa56097b49,2026-09-08T13:01:43Z,0,I liked this a lot but it just didn't seem to be something I'd call out as exceptional. Great easy listening. ,892ff655305742a480e4f3801fa2327b
spotify:track:02JIdsrod3BYucThfUFDUX,6d8e32d102054531811ff5c8a625977c,2026-09-08T22:13:06Z,0,I,892ff655305742a480e4f3801fa2327b
spotify:track:0cItyj95uqYjvYGchMLzIh,6d8e32d102054531811ff5c8a625977c,2026-09-08T22:13:06Z,-1,"I just did not enjoy this at all, with apologies to the submitter",892ff655305742a480e4f3801fa2327b
spotify:track:0ll9JAIrM3NVBOMl45sxSX,6d8e32d102054531811ff5c8a625977c,2026-09-08T22:13:06Z,1,,892ff655305742a480e4f3801fa2327b
spotify:track:2Zku5hueH90H3vLNlP93Js,6d8e32d102054531811ff5c8a625977c,2026-09-08T22:13:06Z,1,Yeah I’d say this rocked,892ff655305742a480e4f3801fa2327b
spotify:track:5TqgiD5hFfdzz405tFP9sZ,6d8e32d102054531811ff5c8a625977c,2026-09-08T22:13:06Z,1,,892ff655305742a480e4f3801fa2327b
spotify:track:6hpuesKPNa3WhV48O7Fa47,6d8e32d102054531811ff5c8a625977c,2026-09-08T22:13:06Z,1,Probably my favorite on this list,892ff655305742a480e4f3801fa2327b
spotify:track:02JIdsrod3BYucThfUFDUX,fa6235d130204772808d133e528b8ad7,2026-09-09T06:26:40Z,-1,"Last time we did this round I did in fact mention this song as the superior Camille movie soundtrack song. Whether or not this player remembered said comment when they made this submission, it feels slightly unoriginal in light of the previous round, though it is a great song in itself",892ff655305742a480e4f3801fa2327b
spotify:track:0cItyj95uqYjvYGchMLzIh,fa6235d130204772808d133e528b8ad7,2026-09-09T06:26:40Z,0,Umm…interesting. Beat had me bobbing my head a little but I feel without knowing the lyrics I’m not really “getting” this song ,892ff655305742a480e4f3801fa2327b
spotify:track:0ll9JAIrM3NVBOMl45sxSX,fa6235d130204772808d133e528b8ad7,2026-09-09T06:26:40Z,0,This song has a chill vibe but started to feel kind of meh and repetitive after a bit ,892ff655305742a480e4f3801fa2327b
spotify:track:2Zku5hueH90H3vLNlP93Js,fa6235d130204772808d133e528b8ad7,2026-09-09T06:26:40Z,1,Joseph this is cool,892ff655305742a480e4f3801fa2327b
spotify:track:3CZ9FQ1pLb0lIZfJshDH1W,fa6235d130204772808d133e528b8ad7,2026-09-09T06:26:40Z,1,Feels wrong to vote for this but it’s a bop,892ff655305742a480e4f3801fa2327b
spotify:track:52Zr0sinhWTCRrQhRRY4EP,fa6235d130204772808d133e528b8ad7,2026-09-09T06:26:40Z,1,Thought about submitting this one. It really feels like a relic of a bygone era,892ff655305742a480e4f3801fa2327b
spotify:track:6hpuesKPNa3WhV48O7Fa47,fa6235d130204772808d133e528b8ad7,2026-09-09T06:26:40Z,0,I am definitely an enjoyer of girly pop but this was just okay as girly pop goes ,892ff655305742a480e4f3801fa2327b
spotify:track:6yvj6wuSV2knfaGt7HJBrz,fa6235d130204772808d133e528b8ad7,2026-09-09T06:26:40Z,1,This was cool. Enjoyed the guitar solo,892ff655305742a480e4f3801fa2327b
spotify:track:02JIdsrod3BYucThfUFDUX,fc418ffeadb64c3f8e93a25fb942984f,2026-09-09T13:38:40Z,1,,892ff655305742a480e4f3801fa2327b
spotify:track:3CZ9FQ1pLb0lIZfJshDH1W,fc418ffeadb64c3f8e93a25fb942984f,2026-09-09T13:38:40Z,-1,I can’t think about North Korea without getting weirded out,892ff655305742a480e4f3801fa2327b
spotify:track:52Zr0sinhWTCRrQhRRY4EP,fc418ffeadb64c3f8e93a25fb942984f,2026-09-09T13:38:40Z,0,Enjoyed experiencing the source of the meme,892ff655305742a480e4f3801fa2327b
spotify:track:5TqgiD5hFfdzz405tFP9sZ,fc418ffeadb64c3f8e93a25fb942984f,2026-09-09T13:38:40Z,1,,892ff655305742a480e4f3801fa2327b
spotify:track:6yvj6wuSV2knfaGt7HJBrz,fc418ffeadb64c3f8e93a25fb942984f,2026-09-09T13:38:40Z,2,,892ff655305742a480e4f3801fa2327b
spotify:track:02JIdsrod3BYucThfUFDUX,80a489147c544db5a53c5cede65c4617,2026-09-09T20:42:01Z,0,Cute but forgettable,892ff655305742a480e4f3801fa2327b
spotify:track:0cItyj95uqYjvYGchMLzIh,80a489147c544db5a53c5cede65c4617,2026-09-09T20:42:01Z,0,Can the Russians not sing in tune,892ff655305742a480e4f3801fa2327b
spotify:track:0ll9JAIrM3NVBOMl45sxSX,80a489147c544db5a53c5cede65c4617,2026-09-09T20:42:01Z,-1,,892ff655305742a480e4f3801fa2327b
spotify:track:3CZ9FQ1pLb0lIZfJshDH1W,80a489147c544db5a53c5cede65c4617,2026-09-09T20:42:01Z,2,"Chilling, surreal, whimsical. Something I could picture playing in an abandoned mall in a quirky dystopian sci fi movie I would love",892ff655305742a480e4f3801fa2327b
spotify:track:3igp09h8uL0V3STzyZxx35,80a489147c544db5a53c5cede65c4617,2026-09-09T20:42:01Z,2,Not expecting this to go this hard,892ff655305742a480e4f3801fa2327b
spotify:track:4RqW6FZXZLUrndtWNaMGAf,80a489147c544db5a53c5cede65c4617,2026-09-09T20:42:01Z,0,Hard to argue with but feels a little basic. This round is an opportunity to introduce others to the weird and wonderful unknown,892ff655305742a480e4f3801fa2327b
spotify:track:52Zr0sinhWTCRrQhRRY4EP,80a489147c544db5a53c5cede65c4617,2026-09-09T20:42:01Z,0,Europeans will start two world wars and then produce this,892ff655305742a480e4f3801fa2327b
spotify:track:5TqgiD5hFfdzz405tFP9sZ,80a489147c544db5a53c5cede65c4617,2026-09-09T20:42:01Z,0,I expect this will do numbers,892ff655305742a480e4f3801fa2327b
spotify:track:6hpuesKPNa3WhV48O7Fa47,80a489147c544db5a53c5cede65c4617,2026-09-09T20:42:01Z,0,It’s surreal hearing the occasional f word bubble up from this murky soup of unknown words,892ff655305742a480e4f3801fa2327b
spotify:track:0cItyj95uqYjvYGchMLzIh,b3c43885f6ce4e8b861545158a22b7a2,2026-09-09T21:02:18Z,1,,892ff655305742a480e4f3801fa2327b
spotify:track:0ll9JAIrM3NVBOMl45sxSX,b3c43885f6ce4e8b861545158a22b7a2,2026-09-09T21:02:18Z,1,,892ff655305742a480e4f3801fa2327b
spotify:track:2Zku5hueH90H3vLNlP93Js,b3c43885f6ce4e8b861545158a22b7a2,2026-09-09T21:02:18Z,-1,,892ff655305742a480e4f3801fa2327b
spotify:track:6hpuesKPNa3WhV48O7Fa47,b3c43885f6ce4e8b861545158a22b7a2,2026-09-09T21:02:18Z,1,,892ff655305742a480e4f3801fa2327b
spotify:track:6yvj6wuSV2knfaGt7HJBrz,b3c43885f6ce4e8b861545158a22b7a2,2026-09-09T21:02:18Z,1,,892ff655305742a480e4f3801fa2327b
spotify:track:0cItyj95uqYjvYGchMLzIh,42db3c63b69a4479bedfcc2d22a6b73a,2026-09-09T21:03:05Z,1,,892ff655305742a480e4f3801fa2327b
spotify:track:2Zku5hueH90H3vLNlP93Js,42db3c63b69a4479bedfcc2d22a6b73a,2026-09-09T21:03:05Z,1,,892ff655305742a480e4f3801fa2327b
spotify:track:3igp09h8uL0V3STzyZxx35,42db3c63b69a4479bedfcc2d22a6b73a,2026-09-09T21:03:05Z,1,,892ff655305742a480e4f3801fa2327b
spotify:track:4RqW6FZXZLUrndtWNaMGAf,42db3c63b69a4479bedfcc2d22a6b73a,2026-09-09T21:03:05Z,1,,892ff655305742a480e4f3801fa2327b
spotify:track:5TqgiD5hFfdzz405tFP9sZ,42db3c63b69a4479bedfcc2d22a6b73a,2026-09-09T21:03:05Z,-1,,892ff655305742a480e4f3801fa2327b
