Spotify URI,Voter ID,Created,Points Assigned,Comment,Round ID
spotify:track:66S14BkJDxgkYxLl5DCqOz,fc418ffeadb64c3f8e93a25fb942984f,2025-09-06T14:32:32Z,1,,9128dc108d0a4214b92f4b45f17a7db6
spotify:track:0gEyKnHvgkrkBM6fbeHdwK,fc418ffeadb64c3f8e93a25fb942984f,2025-09-06T14:32:32Z,-1,"Sorry, I just needed to downvote something",9128dc108d0a4214b92f4b45f17a7db6
spotify:track:1anccAjNKZNKlTbHGheeCA,fc418ffeadb64c3f8e93a25fb942984f,2025-09-06T14:32:32Z,1,,9128dc108d0a4214b92f4b45f17a7db6
spotify:track:5SmDmDwNvbelbBSbX0KnAv,fc418ffeadb64c3f8e93a25fb942984f,2025-09-06T14:32:32Z,1,,9128dc108d0a4214b92f4b45f17a7db6
spotify:track:6UBjSnyP1O5W5ndJoO9vUk,fc418ffeadb64c3f8e93a25fb942984f,2025-09-06T14:32:32Z,1,,9128dc108d0a4214b92f4b45f17a7db6
spotify:track:66S14BkJDxgkYxLl5DCqOz,c1b6888dec1e4113b65883ad590d3969,2025-09-06T16:03:44Z,1,,9128dc108d0a4214b92f4b45f17a7db6
spotify:track:1anccAjNKZNKlTbHGheeCA,c1b6888dec1e4113b65883ad590d3969,2025-09-06T16:03:44Z,1,,9128dc108d0a4214b92f4b45f17a7db6
spotify:track:1OFKUn2VLafrHj7ybnap0Q,c1b6888dec1e4113b65883ad590d3969,2025-09-06T16:03:44Z,1,,9128dc108d0a4214b92f4b45f17a7db6
spotify:track:2UKkLqST2xWpK8n1b0Xr5Z,c1b6888dec1e4113b65883ad590d3969,2025-09-06T16:03:44Z,-1,,9128dc108d0a4214b92f4b45f17a7db6
spotify:track:5SmDmDwNvbelbBSbX0KnAv,c1b6888dec1e4113b65883ad590d3969,2025-09-06T16:03:44Z,1,,9128dc108d0a4214b92f4b45f17a7db6
spotify:track:6jp5izbiEvSiXXJjtDQlkb,f53f0969b04049b5ba39a303ebb3e987,2025-09-06T20:11:52Z,0,"Sorry, folks, the park is closed. The moose out front shoulda told ya.",9128dc108d0a4214b92f4b45f17a7db6
spotify:track:6UBjSnyP1O5W5ndJoO9vUk,f53f0969b04049b5ba39a303ebb3e987,2025-09-06T20:11:52Z,1,"Classic and contemplative, premier night driving on the range",9128dc108d0a4214b92f4b45f17a7db6
spotify:track:4o7ZPI2fmEi3piRe0Hrfpy,f53f0969b04049b5ba39a303ebb3e987,2025-09-06T20:11:52Z,0,Dad should get better taste,9128dc108d0a4214b92f4b45f17a7db6
spotify:track:0gEyKnHvgkrkBM6fbeHdwK,f53f0969b04049b5ba39a303ebb3e987,2025-09-06T20:11:52Z,1,"Britta’s marrying, Britta’s marrying, Britta’s marrying Jeffrey Winger!",9128dc108d0a4214b92f4b45f17a7db6
spotify:track:1anccAjNKZNKlTbHGheeCA,f53f0969b04049b5ba39a303ebb3e987,2025-09-06T20:11:52Z,1,Getting out of city traffic and accelerating down the open interstate vibe. Thematically on point too,9128dc108d0a4214b92f4b45f17a7db6
spotify:track:1JuBxcEZ85pwvlwVX2Lmen,f53f0969b04049b5ba39a303ebb3e987,2025-09-06T20:11:52Z,0,"Lovely song, I like the idea of thinking about life on a road trip.",9128dc108d0a4214b92f4b45f17a7db6
spotify:track:1OFKUn2VLafrHj7ybnap0Q,f53f0969b04049b5ba39a303ebb3e987,2025-09-06T20:11:52Z,0,"Good, but others beat it. Sorry.",9128dc108d0a4214b92f4b45f17a7db6
spotify:track:2a1iMaoWQ5MnvLFBDv4qkf,f53f0969b04049b5ba39a303ebb3e987,2025-09-06T20:11:52Z,0,"Nice story, not a fan of the band.",9128dc108d0a4214b92f4b45f17a7db6
spotify:track:2UKkLqST2xWpK8n1b0Xr5Z,f53f0969b04049b5ba39a303ebb3e987,2025-09-06T20:11:52Z,1,"Fantastic, I’d absolutely listen to this during the sunset/night driving portions",9128dc108d0a4214b92f4b45f17a7db6
spotify:track:3fcGGP62sllcNEhuFJVYeC,f53f0969b04049b5ba39a303ebb3e987,2025-09-06T20:11:52Z,0,Brad?,9128dc108d0a4214b92f4b45f17a7db6
spotify:track:5SmDmDwNvbelbBSbX0KnAv,f53f0969b04049b5ba39a303ebb3e987,2025-09-06T20:11:52Z,-1,I like the absurdism of the pick but nothing else,9128dc108d0a4214b92f4b45f17a7db6
spotify:track:66S14BkJDxgkYxLl5DCqOz,f53f0969b04049b5ba39a303ebb3e987,2025-09-06T20:11:52Z,0,You’re lucky there was an anachronism to tank the downvote,9128dc108d0a4214b92f4b45f17a7db6
spotify:track:1anccAjNKZNKlTbHGheeCA,6d8e32d102054531811ff5c8a625977c,2025-09-06T23:56:49Z,-1,,9128dc108d0a4214b92f4b45f17a7db6
spotify:track:2a1iMaoWQ5MnvLFBDv4qkf,6d8e32d102054531811ff5c8a625977c,2025-09-06T23:56:49Z,1,,9128dc108d0a4214b92f4b45f17a7db6
spotify:track:3fcGGP62sllcNEhuFJVYeC,6d8e32d102054531811ff5c8a625977c,2025-09-06T23:56:49Z,1,,9128dc108d0a4214b92f4b45f17a7db6
spotify:track:4o7ZPI2fmEi3piRe0Hrfpy,6d8e32d102054531811ff5c8a625977c,2025-09-06T23:56:49Z,1,,9128dc108d0a4214b92f4b45f17a7db6
spotify:track:6UBjSnyP1O5W5ndJoO9vUk,6d8e32d102054531811ff5c8a625977c,2025-09-06T23:56:49Z,1,,9128dc108d0a4214b92f4b45f17a7db6
spotify:track:0gEyKnHvgkrkBM6fbeHdwK,98739434088f411e9e1918725eedb295,2025-09-07T02:38:30Z,-1,,9128dc108d0a4214b92f4b45f17a7db6
spotify:track:1anccAjNKZNKlTbHGheeCA,98739434088f411e9e1918725eedb295,2025-09-07T02:38:30Z,1,"This song deserves a boat because
1. I would definitely expect my dad to have put it on
2. I would listen to this even in the absence of my dad",9128dc108d0a4214b92f4b45f17a7db6
spotify:track:1JuBxcEZ85pwvlwVX2Lmen,98739434088f411e9e1918725eedb295,2025-09-07T02:38:30Z,0,What kind of sappy relationship do you expect me to have with my dad? Some kind of emotional connection?,9128dc108d0a4214b92f4b45f17a7db6
spotify:track:1OFKUn2VLafrHj7ybnap0Q,98739434088f411e9e1918725eedb295,2025-09-07T02:38:30Z,1,What a great driving song.,9128dc108d0a4214b92f4b45f17a7db6
spotify:track:2UKkLqST2xWpK8n1b0Xr5Z,98739434088f411e9e1918725eedb295,2025-09-07T02:38:30Z,0,This would be a great cruising song.  Tempting.,9128dc108d0a4214b92f4b45f17a7db6
spotify:track:4o7ZPI2fmEi3piRe0Hrfpy,98739434088f411e9e1918725eedb295,2025-09-07T02:38:30Z,1,,9128dc108d0a4214b92f4b45f17a7db6
spotify:track:66S14BkJDxgkYxLl5DCqOz,98739434088f411e9e1918725eedb295,2025-09-07T02:38:30Z,0,"I used to blast this and shout DAH-DAH-DAH-DAH at the chorus as loud as I could during my first year of teaching.

Plus it's actually a pretty heartfelt song.",9128dc108d0a4214b92f4b45f17a7db6
spotify:track:6UBjSnyP1O5W5ndJoO9vUk,98739434088f411e9e1918725eedb295,2025-09-07T02:38:30Z,1,,9128dc108d0a4214b92f4b45f17a7db6
spotify:track:4o7ZPI2fmEi3piRe0Hrfpy,0f4f7275b1234127a43771293d707c5c,2025-09-08T03:19:20Z,1,And he cooked ,9128dc108d0a4214b92f4b45f17a7db6
spotify:track:0gEyKnHvgkrkBM6fbeHdwK,0f4f7275b1234127a43771293d707c5c,2025-09-08T03:19:20Z,0,I really went a different direction. Should have asked my dad. But this is road-trip to me and the right era. But not American so my b? But maybe it’s the Irish coasts hehe my parents were in Ireland in September 1995,9128dc108d0a4214b92f4b45f17a7db6
spotify:track:1anccAjNKZNKlTbHGheeCA,0f4f7275b1234127a43771293d707c5c,2025-09-08T03:19:20Z,0,"I had never heard this. It seems to fit the vibe pretty well. I will say, however, that I wished it were at least a minute shorter.",9128dc108d0a4214b92f4b45f17a7db6
spotify:track:1JuBxcEZ85pwvlwVX2Lmen,0f4f7275b1234127a43771293d707c5c,2025-09-08T03:19:20Z,0,This is cute and it’s the sort of country song my family listens to from this era,9128dc108d0a4214b92f4b45f17a7db6
spotify:track:1OFKUn2VLafrHj7ybnap0Q,0f4f7275b1234127a43771293d707c5c,2025-09-08T03:19:20Z,2,No notes.,9128dc108d0a4214b92f4b45f17a7db6
spotify:track:2a1iMaoWQ5MnvLFBDv4qkf,0f4f7275b1234127a43771293d707c5c,2025-09-08T03:19:20Z,1,Compelling story here but Radiohead just isn’t a thing for my fam until more recently.,9128dc108d0a4214b92f4b45f17a7db6
spotify:track:2UKkLqST2xWpK8n1b0Xr5Z,0f4f7275b1234127a43771293d707c5c,2025-09-08T03:19:20Z,-1,No me gusta and toooo long ,9128dc108d0a4214b92f4b45f17a7db6
spotify:track:3fcGGP62sllcNEhuFJVYeC,0f4f7275b1234127a43771293d707c5c,2025-09-08T03:19:20Z,0,This was OK and then it got worse and I got annoyed by it,9128dc108d0a4214b92f4b45f17a7db6
spotify:track:5SmDmDwNvbelbBSbX0KnAv,0f4f7275b1234127a43771293d707c5c,2025-09-08T03:19:20Z,0,Not from the 90s so I’m confused but it isn’t a terrible fit.,9128dc108d0a4214b92f4b45f17a7db6
spotify:track:66S14BkJDxgkYxLl5DCqOz,0f4f7275b1234127a43771293d707c5c,2025-09-08T03:19:20Z,0,I just hate it too much. But I dont downvote because I acknowledge this fits ,9128dc108d0a4214b92f4b45f17a7db6
spotify:track:6jp5izbiEvSiXXJjtDQlkb,0f4f7275b1234127a43771293d707c5c,2025-09-08T03:19:20Z,0,Ok so you submitted the 2024 remaster? SMH. Jk but would love to hear all these on cassette 😔🤌🏽,9128dc108d0a4214b92f4b45f17a7db6
spotify:track:6UBjSnyP1O5W5ndJoO9vUk,0f4f7275b1234127a43771293d707c5c,2025-09-08T03:19:20Z,0,I think most people clocked that it should be 90s even tho it doesn’t have to be that late… so I’m gonna defer to the majority here ,9128dc108d0a4214b92f4b45f17a7db6
spotify:track:1anccAjNKZNKlTbHGheeCA,80a489147c544db5a53c5cede65c4617,2025-09-08T14:56:02Z,1,,9128dc108d0a4214b92f4b45f17a7db6
spotify:track:1JuBxcEZ85pwvlwVX2Lmen,80a489147c544db5a53c5cede65c4617,2025-09-08T14:56:02Z,0,Loved the subversion of expectations in this,9128dc108d0a4214b92f4b45f17a7db6
spotify:track:1OFKUn2VLafrHj7ybnap0Q,80a489147c544db5a53c5cede65c4617,2025-09-08T14:56:02Z,1,,9128dc108d0a4214b92f4b45f17a7db6
spotify:track:2UKkLqST2xWpK8n1b0Xr5Z,80a489147c544db5a53c5cede65c4617,2025-09-08T14:56:02Z,0,"I don’t know it’s a great fit, but it’s a vibe",9128dc108d0a4214b92f4b45f17a7db6
spotify:track:5SmDmDwNvbelbBSbX0KnAv,80a489147c544db5a53c5cede65c4617,2025-09-08T14:56:02Z,1,,9128dc108d0a4214b92f4b45f17a7db6
spotify:track:0gEyKnHvgkrkBM6fbeHdwK,80a489147c544db5a53c5cede65c4617,2025-09-08T14:56:02Z,1,Classic,9128dc108d0a4214b92f4b45f17a7db6
spotify:track:66S14BkJDxgkYxLl5DCqOz,80a489147c544db5a53c5cede65c4617,2025-09-08T14:56:02Z,0,Imagine going on a coast to coast roadtrip and this is the only song you can play ,9128dc108d0a4214b92f4b45f17a7db6
spotify:track:6jp5izbiEvSiXXJjtDQlkb,80a489147c544db5a53c5cede65c4617,2025-09-08T14:56:02Z,0,Unmemorable,9128dc108d0a4214b92f4b45f17a7db6
spotify:track:6UBjSnyP1O5W5ndJoO9vUk,80a489147c544db5a53c5cede65c4617,2025-09-08T14:56:02Z,-1,,9128dc108d0a4214b92f4b45f17a7db6
spotify:track:0gEyKnHvgkrkBM6fbeHdwK,fa6235d130204772808d133e528b8ad7,2025-09-08T17:53:41Z,1,"It’s just a perfect song in general. But also perfect for driving with the windows down, reveling in the freedom of the open road, which to me was really the litmus test this round",9128dc108d0a4214b92f4b45f17a7db6
spotify:track:2a1iMaoWQ5MnvLFBDv4qkf,fa6235d130204772808d133e528b8ad7,2025-09-08T17:53:41Z,1,Is it really a road trip if you don’t sink into a melancholy reverie at some point?,9128dc108d0a4214b92f4b45f17a7db6
spotify:track:4o7ZPI2fmEi3piRe0Hrfpy,fa6235d130204772808d133e528b8ad7,2025-09-08T17:53:41Z,1,Your dad cooked with this one. Perfect vibe for driving through the CA mountains,9128dc108d0a4214b92f4b45f17a7db6
spotify:track:5SmDmDwNvbelbBSbX0KnAv,fa6235d130204772808d133e528b8ad7,2025-09-08T17:53:41Z,-1,I like the song well enough but downvote on grounds of anachronism,9128dc108d0a4214b92f4b45f17a7db6
spotify:track:66S14BkJDxgkYxLl5DCqOz,fa6235d130204772808d133e528b8ad7,2025-09-08T17:53:41Z,1,"This is of course the canonical road trip song on how I met your mother and that’s all I can really think of when listening to this song in this round. I feel like it could be moderately annoying as a road trip song but if it’s late enough in the day and you’re the perfect amount of cracked/slap happy, it could absolutely hit",9128dc108d0a4214b92f4b45f17a7db6
spotify:track:4o7ZPI2fmEi3piRe0Hrfpy,9800e906592547f4ab0717aa56097b49,2025-09-09T02:06:18Z,0,"I’ve just never really liked this song. Can’t describe exactly why, since by all accounts it’s very good ",9128dc108d0a4214b92f4b45f17a7db6
spotify:track:0gEyKnHvgkrkBM6fbeHdwK,9800e906592547f4ab0717aa56097b49,2025-09-09T02:06:18Z,0,"Yes, of course, but also not the vibe I was imagining. If you downvoted this, know that Joe Torma knows it was you and he felt it personally ",9128dc108d0a4214b92f4b45f17a7db6
spotify:track:1JuBxcEZ85pwvlwVX2Lmen,9800e906592547f4ab0717aa56097b49,2025-09-09T02:06:18Z,1,"I have to assume this is Sammy’s return to music league, and he understands what no one else in this group does. And that’s that in 1995 if you were road tripping across America, you were listening to Garth Brooks.",9128dc108d0a4214b92f4b45f17a7db6
spotify:track:1OFKUn2VLafrHj7ybnap0Q,9800e906592547f4ab0717aa56097b49,2025-09-09T02:06:18Z,1,"100% yes. This is exactly how this theme sits in my mind. Also, this song is the GOAT for literally having an entire verse that’s just the opening of “Idiot Wind” by Bob Dylan. That makes 2 songs in this playlist that prove the theory that every musician since 1965 is just trying to be Bob Dylan.  ",9128dc108d0a4214b92f4b45f17a7db6
spotify:track:2a1iMaoWQ5MnvLFBDv4qkf,9800e906592547f4ab0717aa56097b49,2025-09-09T02:06:18Z,0,"This was actually good, which I was sad to learn. Never been a big Radiohead guy, but props to Thom Yorke and whatnot ",9128dc108d0a4214b92f4b45f17a7db6
spotify:track:3fcGGP62sllcNEhuFJVYeC,9800e906592547f4ab0717aa56097b49,2025-09-09T02:06:18Z,1,"Heck yeah. Absolutely. This to me is such a road trip vibe. Also the 2nd Bob Dylan shoutout, props for that. ",9128dc108d0a4214b92f4b45f17a7db6
spotify:track:5SmDmDwNvbelbBSbX0KnAv,9800e906592547f4ab0717aa56097b49,2025-09-09T02:06:18Z,-1,This song came out in 2013 ,9128dc108d0a4214b92f4b45f17a7db6
spotify:track:66S14BkJDxgkYxLl5DCqOz,9800e906592547f4ab0717aa56097b49,2025-09-09T02:06:18Z,0,"Sorry Brad, but no",9128dc108d0a4214b92f4b45f17a7db6
spotify:track:6jp5izbiEvSiXXJjtDQlkb,9800e906592547f4ab0717aa56097b49,2025-09-09T02:06:18Z,0,"This is a banger, especially for being barely 2 min long. But not the vibe for me. ",9128dc108d0a4214b92f4b45f17a7db6
spotify:track:6UBjSnyP1O5W5ndJoO9vUk,9800e906592547f4ab0717aa56097b49,2025-09-09T02:06:18Z,1,"I was not going to vote for this, but it just hits right especially when you think about driving through the western desert at night ",9128dc108d0a4214b92f4b45f17a7db6
spotify:track:5SmDmDwNvbelbBSbX0KnAv,b3c43885f6ce4e8b861545158a22b7a2,2025-09-09T02:32:05Z,-1,"Hahah, I love everything absolutely about this song, but gotta downvote it for the sake of historical accuracy (released 2013)",9128dc108d0a4214b92f4b45f17a7db6
spotify:track:6UBjSnyP1O5W5ndJoO9vUk,b3c43885f6ce4e8b861545158a22b7a2,2025-09-09T02:32:05Z,1,An immaculate vibe. I want to come along for the ride!,9128dc108d0a4214b92f4b45f17a7db6
spotify:track:66S14BkJDxgkYxLl5DCqOz,b3c43885f6ce4e8b861545158a22b7a2,2025-09-09T02:32:05Z,1,,9128dc108d0a4214b92f4b45f17a7db6
spotify:track:0gEyKnHvgkrkBM6fbeHdwK,b3c43885f6ce4e8b861545158a22b7a2,2025-09-09T02:32:05Z,1,,9128dc108d0a4214b92f4b45f17a7db6
spotify:track:1JuBxcEZ85pwvlwVX2Lmen,b3c43885f6ce4e8b861545158a22b7a2,2025-09-09T02:32:05Z,0,It's a me problem! I'm sorry! ,9128dc108d0a4214b92f4b45f17a7db6
spotify:track:2a1iMaoWQ5MnvLFBDv4qkf,b3c43885f6ce4e8b861545158a22b7a2,2025-09-09T02:32:05Z,1,This is everything hahaha,9128dc108d0a4214b92f4b45f17a7db6
spotify:track:6UBjSnyP1O5W5ndJoO9vUk,42db3c63b69a4479bedfcc2d22a6b73a,2025-09-09T03:42:18Z,1,,9128dc108d0a4214b92f4b45f17a7db6
spotify:track:2a1iMaoWQ5MnvLFBDv4qkf,42db3c63b69a4479bedfcc2d22a6b73a,2025-09-09T03:42:18Z,1,,9128dc108d0a4214b92f4b45f17a7db6
spotify:track:5SmDmDwNvbelbBSbX0KnAv,42db3c63b69a4479bedfcc2d22a6b73a,2025-09-09T03:42:18Z,-1,,9128dc108d0a4214b92f4b45f17a7db6
spotify:track:6jp5izbiEvSiXXJjtDQlkb,42db3c63b69a4479bedfcc2d22a6b73a,2025-09-09T03:42:18Z,1,,9128dc108d0a4214b92f4b45f17a7db6
spotify:track:1OFKUn2VLafrHj7ybnap0Q,42db3c63b69a4479bedfcc2d22a6b73a,2025-09-09T03:42:18Z,1,,9128dc108d0a4214b92f4b45f17a7db6
spotify:track:6UBjSnyP1O5W5ndJoO9vUk,3bea30b04eab480b8390ba55a4397ba0,2025-09-09T04:07:25Z,1,,9128dc108d0a4214b92f4b45f17a7db6
spotify:track:66S14BkJDxgkYxLl5DCqOz,3bea30b04eab480b8390ba55a4397ba0,2025-09-09T04:07:25Z,3,It's quite literally perfect.,9128dc108d0a4214b92f4b45f17a7db6
spotify:track:2a1iMaoWQ5MnvLFBDv4qkf,3bea30b04eab480b8390ba55a4397ba0,2025-09-09T04:07:25Z,-1,"This may just be me, but when I hear Radiohead, I think more of a cold urban hallway than a road trip.",9128dc108d0a4214b92f4b45f17a7db6
spotify:track:04aAxqtGp5pv12UXAg4pkq,c1b6888dec1e4113b65883ad590d3969,2025-09-12T16:56:36Z,0,"
",872c35325f1d4755af2a8275727cca78
spotify:track:2ov8L95QD25TLpZAZPYWXL,c1b6888dec1e4113b65883ad590d3969,2025-09-12T16:56:36Z,2,,872c35325f1d4755af2a8275727cca78
spotify:track:2scagq6TX4bKXQ5tXPXiqR,c1b6888dec1e4113b65883ad590d3969,2025-09-12T16:56:36Z,1,,872c35325f1d4755af2a8275727cca78
spotify:track:5wIsMza7FUlMq5Q9JM56kq,c1b6888dec1e4113b65883ad590d3969,2025-09-12T16:56:36Z,-1,,872c35325f1d4755af2a8275727cca78
spotify:track:6s0NHplywwr1IjnQpUpWJk,c1b6888dec1e4113b65883ad590d3969,2025-09-12T16:56:36Z,1,,872c35325f1d4755af2a8275727cca78
spotify:track:04aAxqtGp5pv12UXAg4pkq,f53f0969b04049b5ba39a303ebb3e987,2025-09-12T20:05:18Z,-1,"Revivals rarely work; King of the Hill is the exception, not the rule. This album was a mistake, and the members of FOB know this in their hearts. Sugar, We’re Goin Down here was the proper play here for them.",872c35325f1d4755af2a8275727cca78
spotify:track:15JINEqzVMv3SvJTAXAKED,f53f0969b04049b5ba39a303ebb3e987,2025-09-12T20:05:18Z,0,Anakin and Padme-core,872c35325f1d4755af2a8275727cca78
spotify:track:1xwAWUI6Dj0WGC3KiUPN0O,f53f0969b04049b5ba39a303ebb3e987,2025-09-12T20:05:18Z,1,"Of the ""nail polish"" options, this was my favorite. What a great song.",872c35325f1d4755af2a8275727cca78
spotify:track:2Fxmhks0bxGSBdJ92vM42m,f53f0969b04049b5ba39a303ebb3e987,2025-09-12T20:05:18Z,0,"Good, but she can and has done better.",872c35325f1d4755af2a8275727cca78
spotify:track:2ov8L95QD25TLpZAZPYWXL,f53f0969b04049b5ba39a303ebb3e987,2025-09-12T20:05:18Z,1,"In loving memory. You're a self-appointed villain when you call yourself the prince of darkness. Also, what an amazing opening this has. ",872c35325f1d4755af2a8275727cca78
spotify:track:2scagq6TX4bKXQ5tXPXiqR,f53f0969b04049b5ba39a303ebb3e987,2025-09-12T20:05:18Z,1,"This song best captures the spirit of ""villain era."" I daresay it is a perfect villain song.",872c35325f1d4755af2a8275727cca78
spotify:track:4tcpsbxLmpPZahGGUMAVMK,f53f0969b04049b5ba39a303ebb3e987,2025-09-12T20:05:18Z,0,Jolly men cannot be villains.,872c35325f1d4755af2a8275727cca78
spotify:track:5wIsMza7FUlMq5Q9JM56kq,f53f0969b04049b5ba39a303ebb3e987,2025-09-12T20:05:18Z,0,This band is strangely obscure.,872c35325f1d4755af2a8275727cca78
spotify:track:6nzXkCBOhb2mxctNihOqbb,f53f0969b04049b5ba39a303ebb3e987,2025-09-12T20:05:18Z,0,See above on nail polish,872c35325f1d4755af2a8275727cca78
spotify:track:6s0NHplywwr1IjnQpUpWJk,f53f0969b04049b5ba39a303ebb3e987,2025-09-12T20:05:18Z,1,hell yeah,872c35325f1d4755af2a8275727cca78
spotify:track:1xwAWUI6Dj0WGC3KiUPN0O,42db3c63b69a4479bedfcc2d22a6b73a,2025-09-12T21:16:59Z,-1,,872c35325f1d4755af2a8275727cca78
spotify:track:2scagq6TX4bKXQ5tXPXiqR,42db3c63b69a4479bedfcc2d22a6b73a,2025-09-12T21:16:59Z,1,,872c35325f1d4755af2a8275727cca78
spotify:track:3OHfY25tqY28d16oZczHc8,42db3c63b69a4479bedfcc2d22a6b73a,2025-09-12T21:16:59Z,1,,872c35325f1d4755af2a8275727cca78
spotify:track:6s0NHplywwr1IjnQpUpWJk,42db3c63b69a4479bedfcc2d22a6b73a,2025-09-12T21:16:59Z,1,,872c35325f1d4755af2a8275727cca78
spotify:track:73ZTWCuwudUVvvWipRnQnQ,42db3c63b69a4479bedfcc2d22a6b73a,2025-09-12T21:16:59Z,1,,872c35325f1d4755af2a8275727cca78
spotify:track:04aAxqtGp5pv12UXAg4pkq,0f4f7275b1234127a43771293d707c5c,2025-09-13T15:22:13Z,-1,Exceedingly unpleasant (if this is Claire ily),872c35325f1d4755af2a8275727cca78
spotify:track:15JINEqzVMv3SvJTAXAKED,0f4f7275b1234127a43771293d707c5c,2025-09-13T15:22:13Z,1,Good example of male gaslighting here.,872c35325f1d4755af2a8275727cca78
spotify:track:1xwAWUI6Dj0WGC3KiUPN0O,0f4f7275b1234127a43771293d707c5c,2025-09-13T15:22:13Z,1,"It’s just a bop plain and simple, not sure who did this but I approve ofc since I submitted it a few leagues ago.",872c35325f1d4755af2a8275727cca78
spotify:track:2Fxmhks0bxGSBdJ92vM42m,0f4f7275b1234127a43771293d707c5c,2025-09-13T15:22:13Z,0,😈 should have been the emoji subtitle but this song fits 💅🏼as well ,872c35325f1d4755af2a8275727cca78
spotify:track:2ov8L95QD25TLpZAZPYWXL,0f4f7275b1234127a43771293d707c5c,2025-09-13T15:22:13Z,0,I liked this too ,872c35325f1d4755af2a8275727cca78
spotify:track:3OHfY25tqY28d16oZczHc8,0f4f7275b1234127a43771293d707c5c,2025-09-13T15:22:13Z,1,,872c35325f1d4755af2a8275727cca78
spotify:track:4tcpsbxLmpPZahGGUMAVMK,0f4f7275b1234127a43771293d707c5c,2025-09-13T15:22:13Z,1,This one wasn’t the vibe I wanted but is the best outlaw song which is not the exact same thing as a villain. But it was great I enjoyed it and the fact that I didn’t have to go back and read the lyrics to check if it fit.,872c35325f1d4755af2a8275727cca78
spotify:track:6nzXkCBOhb2mxctNihOqbb,0f4f7275b1234127a43771293d707c5c,2025-09-13T15:22:13Z,0,No,872c35325f1d4755af2a8275727cca78
spotify:track:6s0NHplywwr1IjnQpUpWJk,0f4f7275b1234127a43771293d707c5c,2025-09-13T15:22:13Z,0,Honorable mention ,872c35325f1d4755af2a8275727cca78
spotify:track:04aAxqtGp5pv12UXAg4pkq,9800e906592547f4ab0717aa56097b49,2025-09-13T20:46:56Z,0,"I just really don’t like this song, and it also strikes me as too cringe for the villain category",872c35325f1d4755af2a8275727cca78
spotify:track:15JINEqzVMv3SvJTAXAKED,9800e906592547f4ab0717aa56097b49,2025-09-13T20:46:56Z,0,"I’ve always been ambivalent on this song, but paying closer attention to it made me really dislike it. The lyric “looking at you leaving out the window that’s why they call it window pain” is maybe the worst lyric I have ever heard",872c35325f1d4755af2a8275727cca78
spotify:track:1xwAWUI6Dj0WGC3KiUPN0O,9800e906592547f4ab0717aa56097b49,2025-09-13T20:46:56Z,0,"This one is very on brand for the category, but at the same time, I can’t imagine Taylor Swift singing this without forcing it. Just can’t take you seriously when you put this out after 10+ years of girl pop.",872c35325f1d4755af2a8275727cca78
spotify:track:2Fxmhks0bxGSBdJ92vM42m,9800e906592547f4ab0717aa56097b49,2025-09-13T20:46:56Z,2,"This is the only one of the villain era 💅 style submissions I actually liked. Especially since this is so early in her career, it doesn’t come off as forced also love the idea of the guy thinking he’s the villain, but he’s not. It gets a second up vote because I think it was most on theme",872c35325f1d4755af2a8275727cca78
spotify:track:2ov8L95QD25TLpZAZPYWXL,9800e906592547f4ab0717aa56097b49,2025-09-13T20:46:56Z,1,A Prog rock song about a vaudeville style occultist magician. Easy upvote.,872c35325f1d4755af2a8275727cca78
spotify:track:3OHfY25tqY28d16oZczHc8,9800e906592547f4ab0717aa56097b49,2025-09-13T20:46:56Z,0,"To me, this is too mopey to be villain era. I know she’s talking about being evil, but there’s too much simping. ",872c35325f1d4755af2a8275727cca78
spotify:track:4tcpsbxLmpPZahGGUMAVMK,9800e906592547f4ab0717aa56097b49,2025-09-13T20:46:56Z,1,"I enjoyed this a good deal, but I didn’t see it as a great fit for the category. However, I disliked most of the songs, so it comes out with an upvote.",872c35325f1d4755af2a8275727cca78
spotify:track:5wIsMza7FUlMq5Q9JM56kq,9800e906592547f4ab0717aa56097b49,2025-09-13T20:46:56Z,0,This is the most Gen X slop song I have ever heard.,872c35325f1d4755af2a8275727cca78
spotify:track:6nzXkCBOhb2mxctNihOqbb,9800e906592547f4ab0717aa56097b49,2025-09-13T20:46:56Z,-1,￼ there are parts of this song that are so awkward and listless I was genuinely in awe,872c35325f1d4755af2a8275727cca78
spotify:track:6s0NHplywwr1IjnQpUpWJk,9800e906592547f4ab0717aa56097b49,2025-09-13T20:46:56Z,0,I want to make sure I am fair. I trashed a few of the girl villain era songs because I said they were cringe and insincere. This is the male version of that. Never liked this song.,872c35325f1d4755af2a8275727cca78
spotify:track:73ZTWCuwudUVvvWipRnQnQ,9800e906592547f4ab0717aa56097b49,2025-09-13T20:46:56Z,0,"I don’t actually think this is a good pull for the category, but it’s a great song",872c35325f1d4755af2a8275727cca78
spotify:track:04aAxqtGp5pv12UXAg4pkq,fa6235d130204772808d133e528b8ad7,2025-09-14T06:11:05Z,-1,Fall out boy is one of the bands I love most in the world and it causes me actual pain to downvote but this just does not feel villainous to me,872c35325f1d4755af2a8275727cca78
spotify:track:15JINEqzVMv3SvJTAXAKED,fa6235d130204772808d133e528b8ad7,2025-09-14T06:11:05Z,0,Another song that I really love but that doesn’t feel like it fits the theme. I feel like villainy isn’t the right way to describe the (admittedly dark and fraught) kind of relationship that’s depicted here ,872c35325f1d4755af2a8275727cca78
spotify:track:1xwAWUI6Dj0WGC3KiUPN0O,fa6235d130204772808d133e528b8ad7,2025-09-14T06:11:05Z,1,I feel like I can’t not vote for this one. Girly villain era fr,872c35325f1d4755af2a8275727cca78
spotify:track:2Fxmhks0bxGSBdJ92vM42m,fa6235d130204772808d133e528b8ad7,2025-09-14T06:11:05Z,0,"Maybe this is a me problem but I’ve simply never liked this song, even thought I think some of her music is really cool. It’s pretty on theme but I simply am not moved to vote",872c35325f1d4755af2a8275727cca78
spotify:track:6nzXkCBOhb2mxctNihOqbb,fa6235d130204772808d133e528b8ad7,2025-09-14T06:11:05Z,1,I can’t say this is my favorite musically but I think it suits the theme well ,872c35325f1d4755af2a8275727cca78
spotify:track:6s0NHplywwr1IjnQpUpWJk,fa6235d130204772808d133e528b8ad7,2025-09-14T06:11:05Z,1,"He’ll make a rich woman beg and make a good woman steal. Maybe not intended by the person who submitted, but when I heard that line I realized this song does in its own way speak to (my particular read of) the theme.",872c35325f1d4755af2a8275727cca78
spotify:track:73ZTWCuwudUVvvWipRnQnQ,fa6235d130204772808d133e528b8ad7,2025-09-14T06:11:05Z,1,"This is surely Sammy. And yet I’m voting for it anyway—why, you ask? Because it’s sassy, and in that sense, it captures the spirit of the 💅",872c35325f1d4755af2a8275727cca78
spotify:track:04aAxqtGp5pv12UXAg4pkq,fc418ffeadb64c3f8e93a25fb942984f,2025-09-15T15:14:04Z,1,,872c35325f1d4755af2a8275727cca78
spotify:track:1xwAWUI6Dj0WGC3KiUPN0O,fc418ffeadb64c3f8e93a25fb942984f,2025-09-15T15:14:04Z,1,,872c35325f1d4755af2a8275727cca78
spotify:track:2Fxmhks0bxGSBdJ92vM42m,fc418ffeadb64c3f8e93a25fb942984f,2025-09-15T15:14:04Z,1,,872c35325f1d4755af2a8275727cca78
spotify:track:2scagq6TX4bKXQ5tXPXiqR,fc418ffeadb64c3f8e93a25fb942984f,2025-09-15T15:14:04Z,0,Sammy?,872c35325f1d4755af2a8275727cca78
spotify:track:4tcpsbxLmpPZahGGUMAVMK,fc418ffeadb64c3f8e93a25fb942984f,2025-09-15T15:14:04Z,0,Brad?,872c35325f1d4755af2a8275727cca78
spotify:track:6nzXkCBOhb2mxctNihOqbb,fc418ffeadb64c3f8e93a25fb942984f,2025-09-15T15:14:04Z,-1,,872c35325f1d4755af2a8275727cca78
spotify:track:6s0NHplywwr1IjnQpUpWJk,fc418ffeadb64c3f8e93a25fb942984f,2025-09-15T15:14:04Z,1,You took my 🤬 song,872c35325f1d4755af2a8275727cca78
spotify:track:15JINEqzVMv3SvJTAXAKED,80a489147c544db5a53c5cede65c4617,2025-09-16T00:18:46Z,-1,This is a breakup song with reunification at the end,872c35325f1d4755af2a8275727cca78
spotify:track:2Fxmhks0bxGSBdJ92vM42m,80a489147c544db5a53c5cede65c4617,2025-09-16T00:18:46Z,1,Man this is a cool song. So understated and creepy,872c35325f1d4755af2a8275727cca78
spotify:track:2ov8L95QD25TLpZAZPYWXL,80a489147c544db5a53c5cede65c4617,2025-09-16T00:18:46Z,0,😴,872c35325f1d4755af2a8275727cca78
spotify:track:2scagq6TX4bKXQ5tXPXiqR,80a489147c544db5a53c5cede65c4617,2025-09-16T00:18:46Z,1,He sounds like RFK Jr. singing through a mouthful of scrap metal. Incredible vibe,872c35325f1d4755af2a8275727cca78
spotify:track:3OHfY25tqY28d16oZczHc8,80a489147c544db5a53c5cede65c4617,2025-09-16T00:18:46Z,1,Yes,872c35325f1d4755af2a8275727cca78
spotify:track:4tcpsbxLmpPZahGGUMAVMK,80a489147c544db5a53c5cede65c4617,2025-09-16T00:18:46Z,0,Close enough but others were more fun,872c35325f1d4755af2a8275727cca78
spotify:track:6nzXkCBOhb2mxctNihOqbb,80a489147c544db5a53c5cede65c4617,2025-09-16T00:18:46Z,1,,872c35325f1d4755af2a8275727cca78
spotify:track:73ZTWCuwudUVvvWipRnQnQ,80a489147c544db5a53c5cede65c4617,2025-09-16T00:18:46Z,0,I’m assuming this was Sammy. Very fun song,872c35325f1d4755af2a8275727cca78
spotify:track:1xwAWUI6Dj0WGC3KiUPN0O,3bea30b04eab480b8390ba55a4397ba0,2025-09-16T00:40:44Z,-1,"Perhaps this is my bias speaking, but I just can't take Swift seriously on this subject.",872c35325f1d4755af2a8275727cca78
spotify:track:6s0NHplywwr1IjnQpUpWJk,3bea30b04eab480b8390ba55a4397ba0,2025-09-16T00:40:44Z,3,I gotta give it to the iconic no good son of a gun anthem.,872c35325f1d4755af2a8275727cca78
spotify:track:73ZTWCuwudUVvvWipRnQnQ,3bea30b04eab480b8390ba55a4397ba0,2025-09-16T00:40:44Z,1,,872c35325f1d4755af2a8275727cca78
spotify:track:15JINEqzVMv3SvJTAXAKED,98739434088f411e9e1918725eedb295,2025-09-16T17:12:51Z,0,"Eh, I don't think this is villain era, because it's quite clear that he's a really bad dude, and we're not supposed to be okay with it.  Great music",872c35325f1d4755af2a8275727cca78
spotify:track:1xwAWUI6Dj0WGC3KiUPN0O,98739434088f411e9e1918725eedb295,2025-09-16T17:12:51Z,0,Petty and vindictive.,872c35325f1d4755af2a8275727cca78
spotify:track:2Fxmhks0bxGSBdJ92vM42m,98739434088f411e9e1918725eedb295,2025-09-16T17:12:51Z,1,I think this really captures the vibe of the playlist.,872c35325f1d4755af2a8275727cca78
spotify:track:2ov8L95QD25TLpZAZPYWXL,98739434088f411e9e1918725eedb295,2025-09-16T17:12:51Z,0,"I'm not sure this quite fits the vibe, as he's just wondering about Mr. Crowley and never particularly endorses or idolizes someone... even though that someone is about as evil as it gets.",872c35325f1d4755af2a8275727cca78
spotify:track:2scagq6TX4bKXQ5tXPXiqR,98739434088f411e9e1918725eedb295,2025-09-16T17:12:51Z,1,Perfect song for this category IMO.,872c35325f1d4755af2a8275727cca78
spotify:track:3OHfY25tqY28d16oZczHc8,98739434088f411e9e1918725eedb295,2025-09-16T17:12:51Z,0,Love the melody in this one.,872c35325f1d4755af2a8275727cca78
spotify:track:4tcpsbxLmpPZahGGUMAVMK,98739434088f411e9e1918725eedb295,2025-09-16T17:12:51Z,1,YES! Love it.,872c35325f1d4755af2a8275727cca78
spotify:track:5wIsMza7FUlMq5Q9JM56kq,98739434088f411e9e1918725eedb295,2025-09-16T17:12:51Z,-1,"Sorry, a little to schmaltzy for this category.",872c35325f1d4755af2a8275727cca78
spotify:track:6nzXkCBOhb2mxctNihOqbb,98739434088f411e9e1918725eedb295,2025-09-16T17:12:51Z,1,A song about saudi women driving is honestly an amazing pick for this category.  Well done.,872c35325f1d4755af2a8275727cca78
spotify:track:1xwAWUI6Dj0WGC3KiUPN0O,6d8e32d102054531811ff5c8a625977c,2025-09-16T22:13:20Z,1,,872c35325f1d4755af2a8275727cca78
spotify:track:2Fxmhks0bxGSBdJ92vM42m,6d8e32d102054531811ff5c8a625977c,2025-09-16T22:13:20Z,-1,,872c35325f1d4755af2a8275727cca78
spotify:track:2scagq6TX4bKXQ5tXPXiqR,6d8e32d102054531811ff5c8a625977c,2025-09-16T22:13:20Z,1,,872c35325f1d4755af2a8275727cca78
spotify:track:73ZTWCuwudUVvvWipRnQnQ,6d8e32d102054531811ff5c8a625977c,2025-09-16T22:13:20Z,2,,872c35325f1d4755af2a8275727cca78
spotify:track:1xwAWUI6Dj0WGC3KiUPN0O,b3c43885f6ce4e8b861545158a22b7a2,2025-09-17T00:32:21Z,1,,872c35325f1d4755af2a8275727cca78
spotify:track:2Fxmhks0bxGSBdJ92vM42m,b3c43885f6ce4e8b861545158a22b7a2,2025-09-17T00:32:21Z,1,,872c35325f1d4755af2a8275727cca78
spotify:track:2ov8L95QD25TLpZAZPYWXL,b3c43885f6ce4e8b861545158a22b7a2,2025-09-17T00:32:21Z,1,,872c35325f1d4755af2a8275727cca78
spotify:track:3OHfY25tqY28d16oZczHc8,b3c43885f6ce4e8b861545158a22b7a2,2025-09-17T00:32:21Z,1,,872c35325f1d4755af2a8275727cca78
spotify:track:73ZTWCuwudUVvvWipRnQnQ,b3c43885f6ce4e8b861545158a22b7a2,2025-09-17T00:32:21Z,-1,,872c35325f1d4755af2a8275727cca78
spotify:track:5J9sCTakcfbaO3Ez4ykjQJ,f53f0969b04049b5ba39a303ebb3e987,2025-09-20T02:20:14Z,0,Nah,1c368dd2aa8248c290a4ed06f9327cc9
spotify:track:5hrY9Ezelstlmzie0kR99k,f53f0969b04049b5ba39a303ebb3e987,2025-09-20T02:20:14Z,1,"This works, yeah.",1c368dd2aa8248c290a4ed06f9327cc9
spotify:track:4w1lzcaoZ1IC2K5TwjalRP,f53f0969b04049b5ba39a303ebb3e987,2025-09-20T02:20:14Z,0,"Alex quite possibly submitted this. He certainly loves this, but it's ""would"", not ""does.""",1c368dd2aa8248c290a4ed06f9327cc9
spotify:track:4GS68CE8nKLIKjjapiSm2I,f53f0969b04049b5ba39a303ebb3e987,2025-09-20T02:20:14Z,0,"I loved this but I checked the receipts, and Alex has never upvoted Taylor. Idk if this will change that.",1c368dd2aa8248c290a4ed06f9327cc9
spotify:track:3Xd39NB1rifow2RDNVgSFp,f53f0969b04049b5ba39a303ebb3e987,2025-09-20T02:20:14Z,1,"Good beat, he reminds me of Steve Goodman",1c368dd2aa8248c290a4ed06f9327cc9
spotify:track:21hbZ0yllYOoXEbiFDYMSI,f53f0969b04049b5ba39a303ebb3e987,2025-09-20T02:20:14Z,0,"I liked this but just a touch too late for Alex, I think. Mid-2000s would've been safer.",1c368dd2aa8248c290a4ed06f9327cc9
spotify:track:0dGfpnQtf1yw0ktC7yFl8b,f53f0969b04049b5ba39a303ebb3e987,2025-09-20T02:20:14Z,0,"Utterly forgettable, Joseph. ",1c368dd2aa8248c290a4ed06f9327cc9
spotify:track:5NERbS7923kF471NLKDZkB,f53f0969b04049b5ba39a303ebb3e987,2025-09-20T02:20:14Z,1,Fantastic song. Idk what Alex's feelings are on Elton John exactly but we'll give it a spin.,1c368dd2aa8248c290a4ed06f9327cc9
spotify:track:06xkqQuJzl1ddeK48jG6qa,f53f0969b04049b5ba39a303ebb3e987,2025-09-20T02:20:14Z,1,"Funky beat, blaxploitation, Ohio: what more could Alex ask for.",1c368dd2aa8248c290a4ed06f9327cc9
spotify:track:6qLEOZvf5gI7kWE63JE7p3,f53f0969b04049b5ba39a303ebb3e987,2025-09-20T02:20:14Z,-1,"The most painful downvote I've ever given, but Alex has told me he doesn't care for Stone Temple Pilots. Amazing song.",1c368dd2aa8248c290a4ed06f9327cc9
spotify:track:7czDlyNEoVpFzh8A4bNSdS,f53f0969b04049b5ba39a303ebb3e987,2025-09-20T02:20:14Z,0,"Alex probably would love this song as an Ohioan, but Kentuckians own Bluegrass, and a truly great Bluegrass song can never be about....Boston.",1c368dd2aa8248c290a4ed06f9327cc9
spotify:track:0dGfpnQtf1yw0ktC7yFl8b,98739434088f411e9e1918725eedb295,2025-09-20T13:45:57Z,0,"I love this song a lot, so catchy.  Would have been a great submission for ""Songs Brad would Love""",1c368dd2aa8248c290a4ed06f9327cc9
spotify:track:3Xd39NB1rifow2RDNVgSFp,98739434088f411e9e1918725eedb295,2025-09-20T13:45:57Z,1,,1c368dd2aa8248c290a4ed06f9327cc9
spotify:track:4GS68CE8nKLIKjjapiSm2I,98739434088f411e9e1918725eedb295,2025-09-20T13:45:57Z,1,,1c368dd2aa8248c290a4ed06f9327cc9
spotify:track:5hrY9Ezelstlmzie0kR99k,98739434088f411e9e1918725eedb295,2025-09-20T13:45:57Z,1,,1c368dd2aa8248c290a4ed06f9327cc9
spotify:track:6cJ774Tgu2j8cQItxV9v5m,98739434088f411e9e1918725eedb295,2025-09-20T13:45:57Z,-1,,1c368dd2aa8248c290a4ed06f9327cc9
spotify:track:6qLEOZvf5gI7kWE63JE7p3,98739434088f411e9e1918725eedb295,2025-09-20T13:45:57Z,1,,1c368dd2aa8248c290a4ed06f9327cc9
spotify:track:7czDlyNEoVpFzh8A4bNSdS,98739434088f411e9e1918725eedb295,2025-09-20T13:45:57Z,0,I picked a song my dad loved and loved showing people.,1c368dd2aa8248c290a4ed06f9327cc9
spotify:track:3Xd39NB1rifow2RDNVgSFp,9800e906592547f4ab0717aa56097b49,2025-09-20T17:27:48Z,1,"I feel like this is a direct hit. Good tune, good vocals, just solid",1c368dd2aa8248c290a4ed06f9327cc9
spotify:track:7czDlyNEoVpFzh8A4bNSdS,9800e906592547f4ab0717aa56097b49,2025-09-20T17:27:48Z,1,"I was back-and-forth on this one. In the end, I think it deserves a vote because it’s the musical style that I think really works, and even if Alex doesn’t agree with every part of the message, I think he would greatly enjoy the political themes.",1c368dd2aa8248c290a4ed06f9327cc9
spotify:track:6qLEOZvf5gI7kWE63JE7p3,9800e906592547f4ab0717aa56097b49,2025-09-20T17:27:48Z,0,Gotta dig deep for one that you know people haven’t heard,1c368dd2aa8248c290a4ed06f9327cc9
spotify:track:6cJ774Tgu2j8cQItxV9v5m,9800e906592547f4ab0717aa56097b49,2025-09-20T17:27:48Z,1,YES,1c368dd2aa8248c290a4ed06f9327cc9
spotify:track:5J9sCTakcfbaO3Ez4ykjQJ,9800e906592547f4ab0717aa56097b49,2025-09-20T17:27:48Z,0,"I really like this song, and I like going for a vaguely classic rock angle, but I think this just misses the leaderboard",1c368dd2aa8248c290a4ed06f9327cc9
spotify:track:5hrY9Ezelstlmzie0kR99k,9800e906592547f4ab0717aa56097b49,2025-09-20T17:27:48Z,0,"This is a runner-up for me. Like the sound, I think Alex would like it too, but it’s a little bit too whiny in the vocals imo ",1c368dd2aa8248c290a4ed06f9327cc9
spotify:track:4w1lzcaoZ1IC2K5TwjalRP,9800e906592547f4ab0717aa56097b49,2025-09-20T17:27:48Z,0,"This is SUCH a good pick tbh. Would never have thought about it, but the millennial vibe fits. But there is LITERALLY no one in these united states who has not heard this song. Cannot reward ",1c368dd2aa8248c290a4ed06f9327cc9
spotify:track:4GS68CE8nKLIKjjapiSm2I,9800e906592547f4ab0717aa56097b49,2025-09-20T17:27:48Z,1,I LOVED this so much. I forget often that Taylor really deserves her fame and adulation. What a story and exactly in the vein of musical storytelling I think Alex likes ,1c368dd2aa8248c290a4ed06f9327cc9
spotify:track:21hbZ0yllYOoXEbiFDYMSI,9800e906592547f4ab0717aa56097b49,2025-09-20T17:27:48Z,0,"This was so good, but I feel like Alex is pop-punk adjacent. Would have been a ringer for Claire round ",1c368dd2aa8248c290a4ed06f9327cc9
spotify:track:0dGfpnQtf1yw0ktC7yFl8b,9800e906592547f4ab0717aa56097b49,2025-09-20T17:27:48Z,0,"This is a good pick but I feel like Alex goes in more for the gravelly, melancholic folk (overall). A good choice but not a leaderboard choice for me ",1c368dd2aa8248c290a4ed06f9327cc9
spotify:track:06xkqQuJzl1ddeK48jG6qa,9800e906592547f4ab0717aa56097b49,2025-09-20T17:27:48Z,-1,"Risqué…..bopping……

not exactly Alex’s top words 

Good tune but idk about the fit ",1c368dd2aa8248c290a4ed06f9327cc9
spotify:track:4GS68CE8nKLIKjjapiSm2I,0f4f7275b1234127a43771293d707c5c,2025-09-20T21:23:49Z,1,"Spectacular pick 
Haters will downvote 
Shea or Claire?",1c368dd2aa8248c290a4ed06f9327cc9
spotify:track:4w1lzcaoZ1IC2K5TwjalRP,0f4f7275b1234127a43771293d707c5c,2025-09-20T21:23:49Z,-1,Stupid since he has defs heard this. The rules of this round are simple. But I was indeed bopping around to it. Sam?,1c368dd2aa8248c290a4ed06f9327cc9
spotify:track:5hrY9Ezelstlmzie0kR99k,0f4f7275b1234127a43771293d707c5c,2025-09-20T21:23:49Z,2,"Perf 
Eddie you can Google Dionysus if you’re confused 
Brad? No clue

Drums remind me of Still Rock n Roll to Me by Billy Joel",1c368dd2aa8248c290a4ed06f9327cc9
spotify:track:5J9sCTakcfbaO3Ez4ykjQJ,0f4f7275b1234127a43771293d707c5c,2025-09-20T21:23:49Z,0,"I bet yall have heard this but didn’t know the title 
Just such a damn bop ",1c368dd2aa8248c290a4ed06f9327cc9
spotify:track:5NERbS7923kF471NLKDZkB,0f4f7275b1234127a43771293d707c5c,2025-09-20T21:23:49Z,0,"This was great, I enjoyed 
Shea?",1c368dd2aa8248c290a4ed06f9327cc9
spotify:track:6cJ774Tgu2j8cQItxV9v5m,0f4f7275b1234127a43771293d707c5c,2025-09-20T21:23:49Z,0,"Ugh why am I vibing so hard with all of these songs 😭 I loved this and the description sounds alex vibes but I just don’t see him listening to this stuff 
Regeen?",1c368dd2aa8248c290a4ed06f9327cc9
spotify:track:6qLEOZvf5gI7kWE63JE7p3,0f4f7275b1234127a43771293d707c5c,2025-09-20T21:23:49Z,0,Cool. Perhaps joseph or maybe Eddie. Fallujahcore voice ,1c368dd2aa8248c290a4ed06f9327cc9
spotify:track:7czDlyNEoVpFzh8A4bNSdS,0f4f7275b1234127a43771293d707c5c,2025-09-20T21:23:49Z,0,Okay I didn’t consent to this podcast. Jk but not feeling it. Sammy? Or Edward…?,1c368dd2aa8248c290a4ed06f9327cc9
spotify:track:06xkqQuJzl1ddeK48jG6qa,0f4f7275b1234127a43771293d707c5c,2025-09-20T21:23:49Z,0,Latina vibes 💃🏽 Corey?,1c368dd2aa8248c290a4ed06f9327cc9
spotify:track:0dGfpnQtf1yw0ktC7yFl8b,0f4f7275b1234127a43771293d707c5c,2025-09-20T21:23:49Z,0,Cute. Irish ish 🇮🇪 Judd? I forget if it was you or Joseph who showed me a song by this artist in the past.,1c368dd2aa8248c290a4ed06f9327cc9
spotify:track:21hbZ0yllYOoXEbiFDYMSI,0f4f7275b1234127a43771293d707c5c,2025-09-20T21:23:49Z,1,"BNL coded but not BNL so good to me 
Claire? Judd?",1c368dd2aa8248c290a4ed06f9327cc9
spotify:track:3Xd39NB1rifow2RDNVgSFp,0f4f7275b1234127a43771293d707c5c,2025-09-20T21:23:49Z,0,"My dad chimed in from the other room so that’s on brand 
Shea? Idk at this point ",1c368dd2aa8248c290a4ed06f9327cc9
spotify:track:06xkqQuJzl1ddeK48jG6qa,3bea30b04eab480b8390ba55a4397ba0,2025-09-21T15:36:01Z,1,,1c368dd2aa8248c290a4ed06f9327cc9
spotify:track:6cJ774Tgu2j8cQItxV9v5m,3bea30b04eab480b8390ba55a4397ba0,2025-09-21T15:36:01Z,2,"I didn't know I needed this in my life. Although the question is, does Alex?
We may never know, but as the self appointed steward, I'm casting my vote.",1c368dd2aa8248c290a4ed06f9327cc9
spotify:track:6qLEOZvf5gI7kWE63JE7p3,3bea30b04eab480b8390ba55a4397ba0,2025-09-21T15:36:01Z,1,,1c368dd2aa8248c290a4ed06f9327cc9
spotify:track:4GS68CE8nKLIKjjapiSm2I,3bea30b04eab480b8390ba55a4397ba0,2025-09-21T15:36:01Z,-1,,1c368dd2aa8248c290a4ed06f9327cc9
spotify:track:7czDlyNEoVpFzh8A4bNSdS,42db3c63b69a4479bedfcc2d22a6b73a,2025-09-22T22:22:39Z,1,,1c368dd2aa8248c290a4ed06f9327cc9
spotify:track:5J9sCTakcfbaO3Ez4ykjQJ,42db3c63b69a4479bedfcc2d22a6b73a,2025-09-22T22:22:39Z,1,,1c368dd2aa8248c290a4ed06f9327cc9
spotify:track:06xkqQuJzl1ddeK48jG6qa,42db3c63b69a4479bedfcc2d22a6b73a,2025-09-22T22:22:39Z,1,,1c368dd2aa8248c290a4ed06f9327cc9
spotify:track:4GS68CE8nKLIKjjapiSm2I,42db3c63b69a4479bedfcc2d22a6b73a,2025-09-22T22:22:39Z,-1,,1c368dd2aa8248c290a4ed06f9327cc9
spotify:track:5hrY9Ezelstlmzie0kR99k,42db3c63b69a4479bedfcc2d22a6b73a,2025-09-22T22:22:39Z,1,,1c368dd2aa8248c290a4ed06f9327cc9
spotify:track:4w1lzcaoZ1IC2K5TwjalRP,fa6235d130204772808d133e528b8ad7,2025-09-23T04:24:04Z,-1,There’s absolutely zero way he hasn’t heard this one,1c368dd2aa8248c290a4ed06f9327cc9
spotify:track:06xkqQuJzl1ddeK48jG6qa,fa6235d130204772808d133e528b8ad7,2025-09-23T04:24:04Z,1,Cool song. I’d guess he rocks with it,1c368dd2aa8248c290a4ed06f9327cc9
spotify:track:0dGfpnQtf1yw0ktC7yFl8b,fa6235d130204772808d133e528b8ad7,2025-09-23T04:24:04Z,0,"Not a boomer rock caricature but idk, this feels kind of like the slightly less popular but still well known bluegrass Alex caricature to me. (Apologies if this was your song Alex)",1c368dd2aa8248c290a4ed06f9327cc9
spotify:track:21hbZ0yllYOoXEbiFDYMSI,fa6235d130204772808d133e528b8ad7,2025-09-23T04:24:04Z,0,Love this song SO much. Not sure Alex would tho. But a little part of me is holding out hope that maybe this was a sneaky Alex submission,1c368dd2aa8248c290a4ed06f9327cc9
spotify:track:4GS68CE8nKLIKjjapiSm2I,fa6235d130204772808d133e528b8ad7,2025-09-23T04:24:04Z,0,The pg version of this song cracks me up lowkey. As Taylor songs go this does seem like the sort of song he’d like but I didn’t know if he’d like it enough to make the podium,1c368dd2aa8248c290a4ed06f9327cc9
spotify:track:5hrY9Ezelstlmzie0kR99k,fa6235d130204772808d133e528b8ad7,2025-09-23T04:24:04Z,1,"I thought about submitting a Houndmouth song for this round and great minds think alike, therefore etc",1c368dd2aa8248c290a4ed06f9327cc9
spotify:track:5J9sCTakcfbaO3Ez4ykjQJ,fa6235d130204772808d133e528b8ad7,2025-09-23T04:24:04Z,0,"I see why one would pick this vibe wise, but idk it just didn’t stand out to me",1c368dd2aa8248c290a4ed06f9327cc9
spotify:track:5NERbS7923kF471NLKDZkB,fa6235d130204772808d133e528b8ad7,2025-09-23T04:24:04Z,1,I think he’d rock with this simple as. Never heard this song before but it’s a cool pull,1c368dd2aa8248c290a4ed06f9327cc9
spotify:track:6cJ774Tgu2j8cQItxV9v5m,fa6235d130204772808d133e528b8ad7,2025-09-23T04:24:04Z,1,I feel like thematically he’d be super down. Musically I could see it going either way. We’re gonna hope he digs it,1c368dd2aa8248c290a4ed06f9327cc9
spotify:track:6qLEOZvf5gI7kWE63JE7p3,fa6235d130204772808d133e528b8ad7,2025-09-23T04:24:04Z,0,He must have heard of this. So good tho,1c368dd2aa8248c290a4ed06f9327cc9
spotify:track:7czDlyNEoVpFzh8A4bNSdS,fa6235d130204772808d133e528b8ad7,2025-09-23T04:24:04Z,0,"A classic, it takes me back to playing and singing this around the bonfire at the annual homeschool family picnic. Maybe Alex really loves Boston and this is just a fact I don’t know about him. But I think it’s equally if not more likely that he has beef with the city of Boston for some reason ",1c368dd2aa8248c290a4ed06f9327cc9
spotify:track:21hbZ0yllYOoXEbiFDYMSI,fc418ffeadb64c3f8e93a25fb942984f,2025-09-23T12:28:43Z,1,,1c368dd2aa8248c290a4ed06f9327cc9
spotify:track:5NERbS7923kF471NLKDZkB,fc418ffeadb64c3f8e93a25fb942984f,2025-09-23T12:28:43Z,1,Freaking loved this,1c368dd2aa8248c290a4ed06f9327cc9
spotify:track:4GS68CE8nKLIKjjapiSm2I,fc418ffeadb64c3f8e93a25fb942984f,2025-09-23T12:28:43Z,-1,,1c368dd2aa8248c290a4ed06f9327cc9
spotify:track:4w1lzcaoZ1IC2K5TwjalRP,fc418ffeadb64c3f8e93a25fb942984f,2025-09-23T12:28:43Z,0,I can’t not think of Terry Crews when I hear this song,1c368dd2aa8248c290a4ed06f9327cc9
spotify:track:5J9sCTakcfbaO3Ez4ykjQJ,fc418ffeadb64c3f8e93a25fb942984f,2025-09-23T12:28:43Z,1,,1c368dd2aa8248c290a4ed06f9327cc9
spotify:track:6cJ774Tgu2j8cQItxV9v5m,fc418ffeadb64c3f8e93a25fb942984f,2025-09-23T12:28:43Z,0,Iconic,1c368dd2aa8248c290a4ed06f9327cc9
spotify:track:7czDlyNEoVpFzh8A4bNSdS,fc418ffeadb64c3f8e93a25fb942984f,2025-09-23T12:28:43Z,1,,1c368dd2aa8248c290a4ed06f9327cc9
spotify:track:5hrY9Ezelstlmzie0kR99k,80a489147c544db5a53c5cede65c4617,2025-09-23T22:12:41Z,-1,Sounds like a Great Value rippoff of the “I’m leaving on a jet plane” song. Alex would like this but I still hate it ,1c368dd2aa8248c290a4ed06f9327cc9
spotify:track:4GS68CE8nKLIKjjapiSm2I,80a489147c544db5a53c5cede65c4617,2025-09-23T22:12:41Z,0,Dang I really enjoyed this but I don’t think it will land for Alex,1c368dd2aa8248c290a4ed06f9327cc9
spotify:track:3Xd39NB1rifow2RDNVgSFp,80a489147c544db5a53c5cede65c4617,2025-09-23T22:12:41Z,0,Left zero impression ,1c368dd2aa8248c290a4ed06f9327cc9
spotify:track:21hbZ0yllYOoXEbiFDYMSI,80a489147c544db5a53c5cede65c4617,2025-09-23T22:12:41Z,0,Not an Alex vibe at all but I enjoyed!,1c368dd2aa8248c290a4ed06f9327cc9
spotify:track:06xkqQuJzl1ddeK48jG6qa,80a489147c544db5a53c5cede65c4617,2025-09-23T22:12:41Z,0,I did not enjoy but Alex would probably. Down with Ohio ,1c368dd2aa8248c290a4ed06f9327cc9
spotify:track:6qLEOZvf5gI7kWE63JE7p3,80a489147c544db5a53c5cede65c4617,2025-09-23T22:12:41Z,1,This is really great! This is something Alex and I both enjoy if I had to guess ,1c368dd2aa8248c290a4ed06f9327cc9
spotify:track:6cJ774Tgu2j8cQItxV9v5m,80a489147c544db5a53c5cede65c4617,2025-09-23T22:12:41Z,1,Doesn’t get any more Alex. Perfect submission,1c368dd2aa8248c290a4ed06f9327cc9
spotify:track:5NERbS7923kF471NLKDZkB,80a489147c544db5a53c5cede65c4617,2025-09-23T22:12:41Z,0,😴,1c368dd2aa8248c290a4ed06f9327cc9
spotify:track:5J9sCTakcfbaO3Ez4ykjQJ,80a489147c544db5a53c5cede65c4617,2025-09-23T22:12:41Z,1,This is painful to listen to so I bet Alex likes it. Any “The _ Band” I am very unlikely to enjoy and Alex is very likely to enjoy it seems,1c368dd2aa8248c290a4ed06f9327cc9
spotify:track:4w1lzcaoZ1IC2K5TwjalRP,80a489147c544db5a53c5cede65c4617,2025-09-23T22:12:41Z,0,"Great, but not Alex in particular enough",1c368dd2aa8248c290a4ed06f9327cc9
spotify:track:7czDlyNEoVpFzh8A4bNSdS,80a489147c544db5a53c5cede65c4617,2025-09-23T22:12:41Z,1,Doesn’t get any more Alex. Perfect submission,1c368dd2aa8248c290a4ed06f9327cc9
spotify:track:7czDlyNEoVpFzh8A4bNSdS,b3c43885f6ce4e8b861545158a22b7a2,2025-09-23T23:05:06Z,1,WOW-- Kingston Trio! I vibed!!,1c368dd2aa8248c290a4ed06f9327cc9
spotify:track:6cJ774Tgu2j8cQItxV9v5m,b3c43885f6ce4e8b861545158a22b7a2,2025-09-23T23:05:06Z,-1,I love this!!! But it didn't make me think of Alex! I want to be wrong tho!,1c368dd2aa8248c290a4ed06f9327cc9
spotify:track:5J9sCTakcfbaO3Ez4ykjQJ,b3c43885f6ce4e8b861545158a22b7a2,2025-09-23T23:05:06Z,1,,1c368dd2aa8248c290a4ed06f9327cc9
spotify:track:4GS68CE8nKLIKjjapiSm2I,b3c43885f6ce4e8b861545158a22b7a2,2025-09-23T23:05:06Z,1,Brilliant submission. Loved.,1c368dd2aa8248c290a4ed06f9327cc9
spotify:track:3Xd39NB1rifow2RDNVgSFp,b3c43885f6ce4e8b861545158a22b7a2,2025-09-23T23:05:06Z,1,I love this song. Thank you for this!,1c368dd2aa8248c290a4ed06f9327cc9
spotify:track:0dGfpnQtf1yw0ktC7yFl8b,6d8e32d102054531811ff5c8a625977c,2025-09-24T02:20:24Z,0,Joseph knows I am a Nickel Creek fan but unless I am mistaken I’m not seeing this as sufficiently Redlepilled,1c368dd2aa8248c290a4ed06f9327cc9
spotify:track:7czDlyNEoVpFzh8A4bNSdS,6d8e32d102054531811ff5c8a625977c,2025-09-24T02:20:24Z,0,Really enjoyed,1c368dd2aa8248c290a4ed06f9327cc9
spotify:track:6cJ774Tgu2j8cQItxV9v5m,6d8e32d102054531811ff5c8a625977c,2025-09-24T02:20:24Z,-1,I don’t think I get it. Maybe I don’t understand Alex (or opera) enough. ,1c368dd2aa8248c290a4ed06f9327cc9
spotify:track:5NERbS7923kF471NLKDZkB,6d8e32d102054531811ff5c8a625977c,2025-09-24T02:20:24Z,1,Wow this goes so hard,1c368dd2aa8248c290a4ed06f9327cc9
spotify:track:5hrY9Ezelstlmzie0kR99k,6d8e32d102054531811ff5c8a625977c,2025-09-24T02:20:24Z,0,I liked this song a lot. I don’t think it is absolutely Alexcore but I really like it. ,1c368dd2aa8248c290a4ed06f9327cc9
spotify:track:4w1lzcaoZ1IC2K5TwjalRP,6d8e32d102054531811ff5c8a625977c,2025-09-24T02:20:24Z,1,Absolutely correct. Fabulous,1c368dd2aa8248c290a4ed06f9327cc9
spotify:track:4GS68CE8nKLIKjjapiSm2I,6d8e32d102054531811ff5c8a625977c,2025-09-24T02:20:24Z,0,I liked other submissions more but I felt this to be a pretty inspired choice ,1c368dd2aa8248c290a4ed06f9327cc9
spotify:track:3Xd39NB1rifow2RDNVgSFp,6d8e32d102054531811ff5c8a625977c,2025-09-24T02:20:24Z,0,Loved this and a good submission but beat out by others. ,1c368dd2aa8248c290a4ed06f9327cc9
spotify:track:21hbZ0yllYOoXEbiFDYMSI,6d8e32d102054531811ff5c8a625977c,2025-09-24T02:20:24Z,1,"Enjoyed very much, and I think in a (maybe?) slightly niche way it’s a good Alexcore fit. ",1c368dd2aa8248c290a4ed06f9327cc9
spotify:track:06xkqQuJzl1ddeK48jG6qa,6d8e32d102054531811ff5c8a625977c,2025-09-24T02:20:24Z,1,Awesome,1c368dd2aa8248c290a4ed06f9327cc9
spotify:track:0dGfpnQtf1yw0ktC7yFl8b,c1b6888dec1e4113b65883ad590d3969,2025-09-24T02:41:40Z,0,"Oh man, I really do like this one. My favorite version is the We Banjo 3 version. You should check it out! 4 (Eddie)",1c368dd2aa8248c290a4ed06f9327cc9
spotify:track:06xkqQuJzl1ddeK48jG6qa,c1b6888dec1e4113b65883ad590d3969,2025-09-24T02:41:40Z,1,"Yes. For some reason, I have heard this beat but had never put two and two together. Well done. 1 (Corey?)",1c368dd2aa8248c290a4ed06f9327cc9
spotify:track:7czDlyNEoVpFzh8A4bNSdS,c1b6888dec1e4113b65883ad590d3969,2025-09-24T02:41:40Z,-1,All my homies hate Boston sports teams. Bizzar-Al (the evil version of me) is a known Boston sports fan. You were on point with the folk nature and might have gotten a vote with any other city. But alas. 11 (Judd),1c368dd2aa8248c290a4ed06f9327cc9
spotify:track:6qLEOZvf5gI7kWE63JE7p3,c1b6888dec1e4113b65883ad590d3969,2025-09-24T02:41:40Z,0,I know this and enjoy it. A wonderful driving or grilling song. Well done. 8 (Claire),1c368dd2aa8248c290a4ed06f9327cc9
spotify:track:6cJ774Tgu2j8cQItxV9v5m,c1b6888dec1e4113b65883ad590d3969,2025-09-24T02:41:40Z,0,"Sami, I’m sorry. Not a big opera guy. 9",1c368dd2aa8248c290a4ed06f9327cc9
spotify:track:5NERbS7923kF471NLKDZkB,c1b6888dec1e4113b65883ad590d3969,2025-09-24T02:41:40Z,0,"10 minutes. You really want to start this game with me? I will rain hellfire upon you. Luckily, there was a different option this time around. A man who listens to commercials doesn’t have this kind of time. 10 (Regina?)",1c368dd2aa8248c290a4ed06f9327cc9
spotify:track:5J9sCTakcfbaO3Ez4ykjQJ,c1b6888dec1e4113b65883ad590d3969,2025-09-24T02:41:40Z,0,I’ve always enjoyed this song! 7 (Brad),1c368dd2aa8248c290a4ed06f9327cc9
spotify:track:5hrY9Ezelstlmzie0kR99k,c1b6888dec1e4113b65883ad590d3969,2025-09-24T02:41:40Z,1,I have recently been on a Sedona kick so this fit nicely. 3 (Shea),1c368dd2aa8248c290a4ed06f9327cc9
spotify:track:4w1lzcaoZ1IC2K5TwjalRP,c1b6888dec1e4113b65883ad590d3969,2025-09-24T02:41:40Z,1,"Love this song, but well known. Notably also on the Redle Sibling Dishes playlist (which requires 66% of the vote to be approved with each sibling getting a full veto if they desire) 5. After careful deliberation, giving this a vote because I imagine it has received too many votes and I don’t think of the ones I didn’t know that there was another I wanted to vote for. (Sam Ary)",1c368dd2aa8248c290a4ed06f9327cc9
spotify:track:4GS68CE8nKLIKjjapiSm2I,c1b6888dec1e4113b65883ad590d3969,2025-09-24T02:41:40Z,0,"I love this song, specifically this version. Of all of her music I’m very impressed by the anxiety inducing nature of this song. The fear building up to a serious talk marked by the acoustic crescendo, whether it be apologizing, breaking up with someone, or even asking someone out, I just think it captures that so well.",1c368dd2aa8248c290a4ed06f9327cc9
spotify:track:3Xd39NB1rifow2RDNVgSFp,c1b6888dec1e4113b65883ad590d3969,2025-09-24T02:41:40Z,0,This is such a fun song. 6 (Fiona?),1c368dd2aa8248c290a4ed06f9327cc9
spotify:track:21hbZ0yllYOoXEbiFDYMSI,c1b6888dec1e4113b65883ad590d3969,2025-09-24T02:41:40Z,1,Well done Joseph. 2,1c368dd2aa8248c290a4ed06f9327cc9
spotify:track:14e46mURUUwB3i2vTe1gFz,0f4f7275b1234127a43771293d707c5c,2025-09-27T04:39:19Z,0,"👀 I could hear you saying this caption, Shea. I like your caption as a guide to the hear me out. Jamie Taberna made a funny Instagram comment once using a quote from this song and inserting my brother’s name lol. “Here comes Johnny Mulholland in an Astrovan” the Viking won stole your vote away in the end.",ebfcb610fbe24b9880cec6887c441f21
spotify:track:0T9nGr2vBMrFJ6BbYobcKs,0f4f7275b1234127a43771293d707c5c,2025-09-27T04:39:19Z,0,"Points for using the word “replete”
Not making a huge impression but the vocals are talented and the melody is good. I like the word Nocturne tho. The end is too long. I was ready for it to be done. AI generated lyrics.",ebfcb610fbe24b9880cec6887c441f21
spotify:track:0oFQj8BMWP3F0TQflN7QIJ,0f4f7275b1234127a43771293d707c5c,2025-09-27T04:39:19Z,0,"This story was lowkey beautiful. Joseph, ever our muse and protagonist lol. But this song didn’t make an impression. I think this is Brad but idk. Could be Sammy but he seemed to suggest he submitted pop so I think he’s cascada ? Or maybe that’s Eddie ",ebfcb610fbe24b9880cec6887c441f21
spotify:track:1HOlb9rdNOmy9b1Fakicjo,0f4f7275b1234127a43771293d707c5c,2025-09-27T04:39:19Z,1,I’m going to a concert in Boulder next weekend with an ex roommate of mine who has my old mattress so I’ve been in the chainsmokers mood. Also she’s so relatable. “Oh no ugh I feel like I’m gonna throw up. Oh wait never mind I’m fine. Let’s go dance.” This is me emotionally all the time. Also the line “I guess I took a good selfie” iconic. #Spaghettibraincore,ebfcb610fbe24b9880cec6887c441f21
spotify:track:1pKIAVQB87sNjHtC4oLexv,0f4f7275b1234127a43771293d707c5c,2025-09-27T04:39:19Z,0,Was ok. Mexico conquered Japan core or something.,ebfcb610fbe24b9880cec6887c441f21
spotify:track:0OlsaXgh2Fn6FokylfXyXQ,0f4f7275b1234127a43771293d707c5c,2025-09-27T04:39:19Z,1,A banger. The sort of submission that I should have thought of. Makes me wanna sing along full heartedly but also whip and naenae. I do think you could have found a more full hearted version tho. This guy and this choir are giving 40% effort. Sam?? Regina? A fuller version would have earned more points.,ebfcb610fbe24b9880cec6887c441f21
spotify:track:3FYbqh8NmoLC8c1mMJ05mM,0f4f7275b1234127a43771293d707c5c,2025-09-27T04:39:19Z,0,This is just so beautiful I can’t. It’s magic.🥺🥹,ebfcb610fbe24b9880cec6887c441f21
spotify:track:3qeXCVaC4tO4gS2aPdlRmc,0f4f7275b1234127a43771293d707c5c,2025-09-27T04:39:19Z,0,😌 Sam? Regina? My brain feels like it’s smoothing out ,ebfcb610fbe24b9880cec6887c441f21
spotify:track:5YJtMNWKe55yr49cyJgxva,0f4f7275b1234127a43771293d707c5c,2025-09-27T04:39:19Z,-1,,ebfcb610fbe24b9880cec6887c441f21
spotify:track:6eou298JmAGYShrwYuLxJ2,0f4f7275b1234127a43771293d707c5c,2025-09-27T04:39:19Z,1,"Alex? I actually smiled to myself about this one. BNL comeback. Nice mashup.
Jesus the barenaked baby boy was born to save even Barenaked Ladies. I think the inclusion of a Christmas song was important in this playlist thanks. Pop off Sarah McLachlan.",ebfcb610fbe24b9880cec6887c441f21
spotify:track:6iBFDGfsd1d96N97TdQHjh,0f4f7275b1234127a43771293d707c5c,2025-09-27T04:39:19Z,1,🙏🏼🌞 I liked this better than the tesseract one. More like to the Son I pray amirite. Feels like Scottish/Viking vibes and I’m effin with it. Won me over.,ebfcb610fbe24b9880cec6887c441f21
spotify:track:0oFQj8BMWP3F0TQflN7QIJ,f53f0969b04049b5ba39a303ebb3e987,2025-09-27T17:49:31Z,0,"The accordion reminds me of a Studio Ghibli film, like Kiki's Delivery Service or Something",ebfcb610fbe24b9880cec6887c441f21
spotify:track:0OlsaXgh2Fn6FokylfXyXQ,f53f0969b04049b5ba39a303ebb3e987,2025-09-27T17:49:31Z,0,"This is an amazing example of how more is less. ""the meadows of faithfulness and love ... the quiet waters of peace"" is so much weaker than the original ""He maketh me to lie down in green pastures: he leadeth me beside the still waters""; let the images stand on their own!",ebfcb610fbe24b9880cec6887c441f21
spotify:track:0T9nGr2vBMrFJ6BbYobcKs,f53f0969b04049b5ba39a303ebb3e987,2025-09-27T17:49:31Z,1,Really thought I'd dislike it and ended up being fine with it. Nothing special but listenable for sure. Sufficient Josephslop.,ebfcb610fbe24b9880cec6887c441f21
spotify:track:14e46mURUUwB3i2vTe1gFz,f53f0969b04049b5ba39a303ebb3e987,2025-09-27T17:49:31Z,-1,"I hear what you're saying, but his voice is so, so, so annoying to me. ",ebfcb610fbe24b9880cec6887c441f21
spotify:track:1HOlb9rdNOmy9b1Fakicjo,f53f0969b04049b5ba39a303ebb3e987,2025-09-27T17:49:31Z,1,"The only one on here that I thought I would hate initially but grew to really love over the course of the song. Perfectly captures the vapid, impulsive mindset of the modern secular girl, I imagine this is what plays in their head on loop.",ebfcb610fbe24b9880cec6887c441f21
spotify:track:1pKIAVQB87sNjHtC4oLexv,f53f0969b04049b5ba39a303ebb3e987,2025-09-27T17:49:31Z,1,Tejano Japanese? Slap that into my DeWalt.,ebfcb610fbe24b9880cec6887c441f21
spotify:track:3FYbqh8NmoLC8c1mMJ05mM,f53f0969b04049b5ba39a303ebb3e987,2025-09-27T17:49:31Z,0,"Sorry, Fiona, if it's a famous artist, not really starting point for ""hear me out."" Already assume it will be decent.",ebfcb610fbe24b9880cec6887c441f21
spotify:track:3qeXCVaC4tO4gS2aPdlRmc,f53f0969b04049b5ba39a303ebb3e987,2025-09-27T17:49:31Z,0,No,ebfcb610fbe24b9880cec6887c441f21
spotify:track:4JMfYTk99jp8ala3WKD98r,f53f0969b04049b5ba39a303ebb3e987,2025-09-27T17:49:31Z,1,Lol this was fantastic. Mickey Mouse ass voice at Kitchenette ,ebfcb610fbe24b9880cec6887c441f21
spotify:track:6eou298JmAGYShrwYuLxJ2,f53f0969b04049b5ba39a303ebb3e987,2025-09-27T17:49:31Z,0,"Same as the Bruce song. I went to see BNL voluntarily, why would I need to be convinced to stick around and listen to them?",ebfcb610fbe24b9880cec6887c441f21
spotify:track:3qeXCVaC4tO4gS2aPdlRmc,80a489147c544db5a53c5cede65c4617,2025-09-27T18:41:38Z,1,As an ambient music appreciator this was great! Very cool textures,ebfcb610fbe24b9880cec6887c441f21
spotify:track:0oFQj8BMWP3F0TQflN7QIJ,80a489147c544db5a53c5cede65c4617,2025-09-27T18:41:38Z,1,Incredible bit and the song is the cherry on top ,ebfcb610fbe24b9880cec6887c441f21
spotify:track:0OlsaXgh2Fn6FokylfXyXQ,80a489147c544db5a53c5cede65c4617,2025-09-27T18:41:38Z,1,Wow. Straight banger. Major musical theater energy ,ebfcb610fbe24b9880cec6887c441f21
spotify:track:14e46mURUUwB3i2vTe1gFz,80a489147c544db5a53c5cede65c4617,2025-09-27T18:41:38Z,-1,No ,ebfcb610fbe24b9880cec6887c441f21
spotify:track:1HOlb9rdNOmy9b1Fakicjo,80a489147c544db5a53c5cede65c4617,2025-09-27T18:41:38Z,0,Oh dear goodness,ebfcb610fbe24b9880cec6887c441f21
spotify:track:3FYbqh8NmoLC8c1mMJ05mM,80a489147c544db5a53c5cede65c4617,2025-09-27T18:41:38Z,0,"Ok… this has some merit to it. Can’t stand the vocal delivery and it doesn’t have to be that long, but it’s fine",ebfcb610fbe24b9880cec6887c441f21
spotify:track:4JMfYTk99jp8ala3WKD98r,80a489147c544db5a53c5cede65c4617,2025-09-27T18:41:38Z,0,This is kind of normal. Very groovy though ,ebfcb610fbe24b9880cec6887c441f21
spotify:track:5YJtMNWKe55yr49cyJgxva,80a489147c544db5a53c5cede65c4617,2025-09-27T18:41:38Z,0,So ubiquitous that it’s hard to say this is hear me out ,ebfcb610fbe24b9880cec6887c441f21
spotify:track:6eou298JmAGYShrwYuLxJ2,80a489147c544db5a53c5cede65c4617,2025-09-27T18:41:38Z,0,"My thoughts on BNL are known. With that said, it got me singing along and harmonizing and the swing is a playful addition",ebfcb610fbe24b9880cec6887c441f21
spotify:track:6iBFDGfsd1d96N97TdQHjh,80a489147c544db5a53c5cede65c4617,2025-09-27T18:41:38Z,1,"Wow, very cool! Very doomy and sounds a bit like Tool. Major pagan vibes which works well for this. Well done Corey",ebfcb610fbe24b9880cec6887c441f21
spotify:track:4JMfYTk99jp8ala3WKD98r,9800e906592547f4ab0717aa56097b49,2025-09-27T22:51:21Z,0,"Absolutely incredible. This is probably my favorite song with the bunch, but to me, it’s not a “hear me out” song. ",ebfcb610fbe24b9880cec6887c441f21
spotify:track:6iBFDGfsd1d96N97TdQHjh,9800e906592547f4ab0717aa56097b49,2025-09-27T22:51:21Z,0,THIS IS JUST A NORMAL SONG,ebfcb610fbe24b9880cec6887c441f21
spotify:track:6eou298JmAGYShrwYuLxJ2,9800e906592547f4ab0717aa56097b49,2025-09-27T22:51:21Z,1,Proper use of the category ,ebfcb610fbe24b9880cec6887c441f21
spotify:track:5YJtMNWKe55yr49cyJgxva,9800e906592547f4ab0717aa56097b49,2025-09-27T22:51:21Z,-1,THIS IS JUST A NORMAL SONG. ￼ and also the most popular of the normal songs posted hence the downvote.,ebfcb610fbe24b9880cec6887c441f21
spotify:track:0oFQj8BMWP3F0TQflN7QIJ,9800e906592547f4ab0717aa56097b49,2025-09-27T22:51:21Z,0,THIS IS JUST A NORMAL SONG IN MONGOLIAN ,ebfcb610fbe24b9880cec6887c441f21
spotify:track:0OlsaXgh2Fn6FokylfXyXQ,9800e906592547f4ab0717aa56097b49,2025-09-27T22:51:21Z,1,"Don’t need to hear you out, already a banger. But a good choice for the category, hence its vote over the jelly one",ebfcb610fbe24b9880cec6887c441f21
spotify:track:0T9nGr2vBMrFJ6BbYobcKs,9800e906592547f4ab0717aa56097b49,2025-09-27T22:51:21Z,0,THIS IS JUST A NORMAL SONG,ebfcb610fbe24b9880cec6887c441f21
spotify:track:14e46mURUUwB3i2vTe1gFz,9800e906592547f4ab0717aa56097b49,2025-09-27T22:51:21Z,1,"The fact that this made me vaguely uncomfortable, despite its positive message overall about hope for the downtrodden and , means you understood the category and therefore you get upvotes. ",ebfcb610fbe24b9880cec6887c441f21
spotify:track:1pKIAVQB87sNjHtC4oLexv,9800e906592547f4ab0717aa56097b49,2025-09-27T22:51:21Z,0,THIS IS JUST A NORMAL SONG,ebfcb610fbe24b9880cec6887c441f21
spotify:track:3FYbqh8NmoLC8c1mMJ05mM,9800e906592547f4ab0717aa56097b49,2025-09-27T22:51:21Z,0,THIS IS JUST A NORMAL SONG,ebfcb610fbe24b9880cec6887c441f21
spotify:track:3qeXCVaC4tO4gS2aPdlRmc,9800e906592547f4ab0717aa56097b49,2025-09-27T22:51:21Z,1,Heck yeah ,ebfcb610fbe24b9880cec6887c441f21
spotify:track:3FYbqh8NmoLC8c1mMJ05mM,c1b6888dec1e4113b65883ad590d3969,2025-09-27T23:06:33Z,1,,ebfcb610fbe24b9880cec6887c441f21
spotify:track:0OlsaXgh2Fn6FokylfXyXQ,c1b6888dec1e4113b65883ad590d3969,2025-09-27T23:06:33Z,1,,ebfcb610fbe24b9880cec6887c441f21
spotify:track:5YJtMNWKe55yr49cyJgxva,c1b6888dec1e4113b65883ad590d3969,2025-09-27T23:06:33Z,2,,ebfcb610fbe24b9880cec6887c441f21
spotify:track:6iBFDGfsd1d96N97TdQHjh,c1b6888dec1e4113b65883ad590d3969,2025-09-27T23:06:33Z,-1,,ebfcb610fbe24b9880cec6887c441f21
spotify:track:0oFQj8BMWP3F0TQflN7QIJ,98739434088f411e9e1918725eedb295,2025-09-28T14:26:52Z,1,"Folk-sounding Mongolian acoustic music?  Definitely hearing you out here.

Sammy.  Caption is a dead giveaway.",ebfcb610fbe24b9880cec6887c441f21
spotify:track:0OlsaXgh2Fn6FokylfXyXQ,98739434088f411e9e1918725eedb295,2025-09-28T14:26:52Z,0,"On my listen through of the playlist, I was confirmed in my pick of this song.  Not sure if it's appropriate for the liturgy... but it is a certifiable banger.",ebfcb610fbe24b9880cec6887c441f21
spotify:track:0T9nGr2vBMrFJ6BbYobcKs,98739434088f411e9e1918725eedb295,2025-09-28T14:26:52Z,0,"This band is basically just a worse version of Evanescence.  So I'm probably not going to hear you out here.
(note: this comment was crafted specifically to troll Joseph).

Joseph.",ebfcb610fbe24b9880cec6887c441f21
spotify:track:14e46mURUUwB3i2vTe1gFz,98739434088f411e9e1918725eedb295,2025-09-28T14:26:52Z,0,"I guess I'm supposed to hear you out because of the lyrical content?

Claire.",ebfcb610fbe24b9880cec6887c441f21
spotify:track:1HOlb9rdNOmy9b1Fakicjo,98739434088f411e9e1918725eedb295,2025-09-28T14:26:52Z,0,"I heard you out... but all I heard was unoriginal EDM background behind an unbearable voice track.  The only way I could unironically tolerate this song is if I were intoxicated out of my mind.

But I have to admit, it did make me laugh.

Sam",ebfcb610fbe24b9880cec6887c441f21
spotify:track:1pKIAVQB87sNjHtC4oLexv,98739434088f411e9e1918725eedb295,2025-09-28T14:26:52Z,1,"A Japanese jazz band playing South American beats with synth?  Definitely hearing you out here.  

Corey.",ebfcb610fbe24b9880cec6887c441f21
spotify:track:3FYbqh8NmoLC8c1mMJ05mM,98739434088f411e9e1918725eedb295,2025-09-28T14:26:52Z,0,"I guess I need to hear you out because of the length?  Anyway, this song didn't blow me away.  Was waiting for an amazing drop, but it never came.

Fiona",ebfcb610fbe24b9880cec6887c441f21
spotify:track:3qeXCVaC4tO4gS2aPdlRmc,98739434088f411e9e1918725eedb295,2025-09-28T14:26:52Z,0,Regina,ebfcb610fbe24b9880cec6887c441f21
spotify:track:4JMfYTk99jp8ala3WKD98r,98739434088f411e9e1918725eedb295,2025-09-28T14:26:52Z,1,"Loving these funky beats + bass lines in a song about toast.  I'll definitely hear you out here.

Alex",ebfcb610fbe24b9880cec6887c441f21
spotify:track:5YJtMNWKe55yr49cyJgxva,98739434088f411e9e1918725eedb295,2025-09-28T14:26:52Z,0,"A certain dormant part of me (my middle school persona) came to life in the first few seconds of this song.

Shea",ebfcb610fbe24b9880cec6887c441f21
spotify:track:6eou298JmAGYShrwYuLxJ2,98739434088f411e9e1918725eedb295,2025-09-28T14:26:52Z,-1,"Don't know what needed to be heard out about this one.  A great band and an incredible vocalist singing a classic Christmas song.

Eddie",ebfcb610fbe24b9880cec6887c441f21
spotify:track:6iBFDGfsd1d96N97TdQHjh,98739434088f411e9e1918725eedb295,2025-09-28T14:26:52Z,1,"I think the bagpipes were a nice touch. (if that's what they were).  And then the saxophone came in and I was like ""yeah.""  The interesting instrumentation is why I will hear you out.

Judd",ebfcb610fbe24b9880cec6887c441f21
spotify:track:0OlsaXgh2Fn6FokylfXyXQ,b3c43885f6ce4e8b861545158a22b7a2,2025-09-30T01:15:12Z,2,,ebfcb610fbe24b9880cec6887c441f21
spotify:track:1pKIAVQB87sNjHtC4oLexv,b3c43885f6ce4e8b861545158a22b7a2,2025-09-30T01:15:12Z,1,,ebfcb610fbe24b9880cec6887c441f21
spotify:track:3FYbqh8NmoLC8c1mMJ05mM,b3c43885f6ce4e8b861545158a22b7a2,2025-09-30T01:15:12Z,1,,ebfcb610fbe24b9880cec6887c441f21
spotify:track:3qeXCVaC4tO4gS2aPdlRmc,b3c43885f6ce4e8b861545158a22b7a2,2025-09-30T01:15:12Z,-1,,ebfcb610fbe24b9880cec6887c441f21
spotify:track:0OlsaXgh2Fn6FokylfXyXQ,fc418ffeadb64c3f8e93a25fb942984f,2025-09-30T12:17:07Z,-1,"Sorry, I just can’t",ebfcb610fbe24b9880cec6887c441f21
spotify:track:0T9nGr2vBMrFJ6BbYobcKs,fc418ffeadb64c3f8e93a25fb942984f,2025-09-30T12:17:07Z,1,,ebfcb610fbe24b9880cec6887c441f21
spotify:track:14e46mURUUwB3i2vTe1gFz,fc418ffeadb64c3f8e93a25fb942984f,2025-09-30T12:17:07Z,0,I love you Shea😭,ebfcb610fbe24b9880cec6887c441f21
spotify:track:3FYbqh8NmoLC8c1mMJ05mM,fc418ffeadb64c3f8e93a25fb942984f,2025-09-30T12:17:07Z,1,,ebfcb610fbe24b9880cec6887c441f21
spotify:track:5YJtMNWKe55yr49cyJgxva,fc418ffeadb64c3f8e93a25fb942984f,2025-09-30T12:17:07Z,1,Actually here for the high school vibes,ebfcb610fbe24b9880cec6887c441f21
spotify:track:6eou298JmAGYShrwYuLxJ2,fc418ffeadb64c3f8e93a25fb942984f,2025-09-30T12:17:07Z,1,"I didn’t hate it, so I suppose that’s the definition of hear me out",ebfcb610fbe24b9880cec6887c441f21
spotify:track:0OlsaXgh2Fn6FokylfXyXQ,42db3c63b69a4479bedfcc2d22a6b73a,2025-09-30T18:42:09Z,-1,,ebfcb610fbe24b9880cec6887c441f21
spotify:track:14e46mURUUwB3i2vTe1gFz,42db3c63b69a4479bedfcc2d22a6b73a,2025-09-30T18:42:09Z,1,,ebfcb610fbe24b9880cec6887c441f21
spotify:track:1pKIAVQB87sNjHtC4oLexv,42db3c63b69a4479bedfcc2d22a6b73a,2025-09-30T18:42:09Z,1,,ebfcb610fbe24b9880cec6887c441f21
spotify:track:3qeXCVaC4tO4gS2aPdlRmc,42db3c63b69a4479bedfcc2d22a6b73a,2025-09-30T18:42:09Z,1,,ebfcb610fbe24b9880cec6887c441f21
spotify:track:6eou298JmAGYShrwYuLxJ2,42db3c63b69a4479bedfcc2d22a6b73a,2025-09-30T18:42:09Z,1,,ebfcb610fbe24b9880cec6887c441f21
spotify:track:0oFQj8BMWP3F0TQflN7QIJ,3bea30b04eab480b8390ba55a4397ba0,2025-09-30T20:13:33Z,1,"Hanggai is a band I continually forget until I hear them, and remember what's there to like.",ebfcb610fbe24b9880cec6887c441f21
spotify:track:0T9nGr2vBMrFJ6BbYobcKs,3bea30b04eab480b8390ba55a4397ba0,2025-09-30T20:13:33Z,1,As my guitar djently weeps.,ebfcb610fbe24b9880cec6887c441f21
spotify:track:1pKIAVQB87sNjHtC4oLexv,3bea30b04eab480b8390ba55a4397ba0,2025-09-30T20:13:33Z,2,BUSHI BUSHI BUSHI,ebfcb610fbe24b9880cec6887c441f21
spotify:track:5YJtMNWKe55yr49cyJgxva,3bea30b04eab480b8390ba55a4397ba0,2025-09-30T20:13:33Z,-1,"I hate to hit Cascada with the arrow like Boromir, but in this category it feels like bringing a PB&J to a potluck. It's welcome, but it's shockingly vanilla.",ebfcb610fbe24b9880cec6887c441f21
spotify:track:0OlsaXgh2Fn6FokylfXyXQ,fa6235d130204772808d133e528b8ad7,2025-10-01T04:55:53Z,-1,I feel like what makes this song a “banger” in the estimation of many—whether they think so earnestly or with a hint of shame or irony—is the sentimentality of both the melody and the lyrics. I hate to be a snob but I think that the song profits off of cheap thrills rather than real spiritual or emotional depth. I will sing this at someone’s funeral if they requested it (though it really should not be in the place of the responsorial psalm).  That’s about the only time I’m not annoyed ,ebfcb610fbe24b9880cec6887c441f21
spotify:track:0T9nGr2vBMrFJ6BbYobcKs,fa6235d130204772808d133e528b8ad7,2025-10-01T04:55:53Z,1,Okay Joseph I hear you,ebfcb610fbe24b9880cec6887c441f21
spotify:track:14e46mURUUwB3i2vTe1gFz,fa6235d130204772808d133e528b8ad7,2025-10-01T04:55:53Z,0,I don’t find really find this either profound or scandalous—it strikes me as kind of a milquetoast attempt at making an edgy/deep point but I don’t think it lands. Maybe I just don’t see the vision ,ebfcb610fbe24b9880cec6887c441f21
spotify:track:1HOlb9rdNOmy9b1Fakicjo,fa6235d130204772808d133e528b8ad7,2025-10-01T04:55:53Z,1,It’s kind of insane how hard this goes,ebfcb610fbe24b9880cec6887c441f21
spotify:track:3FYbqh8NmoLC8c1mMJ05mM,fa6235d130204772808d133e528b8ad7,2025-10-01T04:55:53Z,1,This is really cool. I can’t say I was paying 100% attention for the full duration of the song but I did hear it out. I wonder if it’s meant to be sorta ambient at times,ebfcb610fbe24b9880cec6887c441f21
spotify:track:3qeXCVaC4tO4gS2aPdlRmc,fa6235d130204772808d133e528b8ad7,2025-10-01T04:55:53Z,1,Okay wait I see (hear) the vision,ebfcb610fbe24b9880cec6887c441f21
spotify:track:5YJtMNWKe55yr49cyJgxva,fa6235d130204772808d133e528b8ad7,2025-10-01T04:55:53Z,0,Truly a banger. Maybe I’m unfairly projecting my own opinions but I feel like enough people earnestly recognize it as such that it isn’t quite a “hear me out”,ebfcb610fbe24b9880cec6887c441f21
spotify:track:5Fl7K6enaM7IDuOkmdbdXg,0f4f7275b1234127a43771293d707c5c,2025-10-05T13:36:24Z,-1,I just think the title was looking for more than angry nasty promiscuous liberal woman. ,47d2d61eb45a44eeb0c5434f233e689a
spotify:track:5mFYtqhN4T2D9IPSaZnVDw,0f4f7275b1234127a43771293d707c5c,2025-10-05T13:36:24Z,0,"Hope a couple people enjoyed. I wanted to do a bit of a classier spin on the category (Tate McRae was another option but I didn’t want to scandalize Joseph) 

I own this album on CD and it would make an Amish teenager feel sorta excited and edgy. Other songs on this playlist would send an Amish teenager into a coma.",47d2d61eb45a44eeb0c5434f233e689a
spotify:track:6SpLc7EXZIPpy0sVko0aoU,0f4f7275b1234127a43771293d707c5c,2025-10-05T13:36:24Z,1,Voting mainly because I like the song more than most other submissions and it made me think about the lyrics for the first time haha.,47d2d61eb45a44eeb0c5434f233e689a
spotify:track:7yV3poLov8f1L50kA1ciwe,0f4f7275b1234127a43771293d707c5c,2025-10-05T13:36:24Z,0,"I’m overall disappointed in yall like I think there could have been some more subtlety to these submissions. I’m saying this in this comment since it’s the last song.

 This felt like slightly heavier fallout boy and I just didn’t like the song very much.",47d2d61eb45a44eeb0c5434f233e689a
spotify:track:1vLqigPHwiFnXsfrLMehV1,0f4f7275b1234127a43771293d707c5c,2025-10-05T13:36:24Z,0,She is. But this song isn’t the one for this category.,47d2d61eb45a44eeb0c5434f233e689a
spotify:track:3OtMnyUaiipcAT23A8liyi,0f4f7275b1234127a43771293d707c5c,2025-10-05T13:36:24Z,0,This fits enough but I don’t like it ,47d2d61eb45a44eeb0c5434f233e689a
spotify:track:45hOioMDJktr86iKDHC8gr,0f4f7275b1234127a43771293d707c5c,2025-10-05T13:36:24Z,2,Yeah. I think this is the best submission maybe including mine too but I wish we had done better as a group.,47d2d61eb45a44eeb0c5434f233e689a
spotify:track:4svaKoxMMP7ImmKrD5hfQu,0f4f7275b1234127a43771293d707c5c,2025-10-05T13:36:24Z,0,This song annoys me so much and it’s also not really toxic at all since it’s trying to be positive. Girlboss but not the other 2,47d2d61eb45a44eeb0c5434f233e689a
spotify:track:5G2f63n7IPVPPjfNIGih7Q,0f4f7275b1234127a43771293d707c5c,2025-10-05T13:36:24Z,1,Not being a girls girl is definitely part of the toxic feminine realm. Oh Sabrina. I like her less and less. This was a better choice than espresso.,47d2d61eb45a44eeb0c5434f233e689a
spotify:track:07P8B284lM8QWO2AnSFFMq,0f4f7275b1234127a43771293d707c5c,2025-10-05T13:36:24Z,0,The overall sound just isn’t right for this and other elements weren’t enough to strengthen it as a submission imo ,47d2d61eb45a44eeb0c5434f233e689a
spotify:track:0ieqq1wbtso2UjJWPqJ5Xc,0f4f7275b1234127a43771293d707c5c,2025-10-05T13:36:24Z,0,Similar to how I feel about the Hell is a Teenage Girl one,47d2d61eb45a44eeb0c5434f233e689a
spotify:track:0pdfN7nOHMYmKykzu1cyfm,0f4f7275b1234127a43771293d707c5c,2025-10-05T13:36:24Z,0,this is toxic femininity vibes enough. And girlboss. The song “that’s love” by Brad paisley is a cuter healthier version of this vibe.,47d2d61eb45a44eeb0c5434f233e689a
spotify:track:1P17dC1amhFzptugyAO7Il,0f4f7275b1234127a43771293d707c5c,2025-10-05T13:36:24Z,0,Sure. Taylor doesn’t really makes a convincing bad bitch as she herself admits in the new album. The “ooh” in the chorus annoys me.,47d2d61eb45a44eeb0c5434f233e689a
spotify:track:07P8B284lM8QWO2AnSFFMq,c1b6888dec1e4113b65883ad590d3969,2025-10-05T21:09:35Z,1,,47d2d61eb45a44eeb0c5434f233e689a
spotify:track:3OtMnyUaiipcAT23A8liyi,c1b6888dec1e4113b65883ad590d3969,2025-10-05T21:09:35Z,1,,47d2d61eb45a44eeb0c5434f233e689a
spotify:track:4svaKoxMMP7ImmKrD5hfQu,c1b6888dec1e4113b65883ad590d3969,2025-10-05T21:09:35Z,-1,,47d2d61eb45a44eeb0c5434f233e689a
spotify:track:5G2f63n7IPVPPjfNIGih7Q,c1b6888dec1e4113b65883ad590d3969,2025-10-05T21:09:35Z,1,,47d2d61eb45a44eeb0c5434f233e689a
spotify:track:6SpLc7EXZIPpy0sVko0aoU,c1b6888dec1e4113b65883ad590d3969,2025-10-05T21:09:35Z,1,,47d2d61eb45a44eeb0c5434f233e689a
spotify:track:07P8B284lM8QWO2AnSFFMq,80a489147c544db5a53c5cede65c4617,2025-10-06T16:46:43Z,0,"This is fitting in a vague way, but I want more specificity ",47d2d61eb45a44eeb0c5434f233e689a
spotify:track:6SpLc7EXZIPpy0sVko0aoU,80a489147c544db5a53c5cede65c4617,2025-10-06T16:46:43Z,1,"Yes, petty vindictive spite! Rejoicing in the plight of enemies! Obsession not with the guy you’re with but the girl you’re waging psychological war against. This is everything I was hoping for",47d2d61eb45a44eeb0c5434f233e689a
spotify:track:5mFYtqhN4T2D9IPSaZnVDw,80a489147c544db5a53c5cede65c4617,2025-10-06T16:46:43Z,0,This is an artful song. I love the subtlety. Swine is just so terrible that it needs two votes,47d2d61eb45a44eeb0c5434f233e689a
spotify:track:5Fl7K6enaM7IDuOkmdbdXg,80a489147c544db5a53c5cede65c4617,2025-10-06T16:46:43Z,2,"This is absolutely sick and atrocious. My stomach was turned, I cringed and offered a prayer. Well done ",47d2d61eb45a44eeb0c5434f233e689a
spotify:track:45hOioMDJktr86iKDHC8gr,80a489147c544db5a53c5cede65c4617,2025-10-06T16:46:43Z,0,Close,47d2d61eb45a44eeb0c5434f233e689a
spotify:track:3OtMnyUaiipcAT23A8liyi,80a489147c544db5a53c5cede65c4617,2025-10-06T16:46:43Z,0,The basketball metaphor just throws me off. Also too vague,47d2d61eb45a44eeb0c5434f233e689a
spotify:track:1vLqigPHwiFnXsfrLMehV1,80a489147c544db5a53c5cede65c4617,2025-10-06T16:46:43Z,0,"This would win in a “feminine wiles” round, but toxic femininity it is not. ",47d2d61eb45a44eeb0c5434f233e689a
spotify:track:1P17dC1amhFzptugyAO7Il,80a489147c544db5a53c5cede65c4617,2025-10-06T16:46:43Z,0,This has the attitude but there’s no specificity. She wants us to think she’s a bad girl but has offered no evidence. What exactly did I make you do?,47d2d61eb45a44eeb0c5434f233e689a
spotify:track:0pdfN7nOHMYmKykzu1cyfm,80a489147c544db5a53c5cede65c4617,2025-10-06T16:46:43Z,1,This is incredibly toxic. “Happy wife happy life” energy,47d2d61eb45a44eeb0c5434f233e689a
spotify:track:0ieqq1wbtso2UjJWPqJ5Xc,80a489147c544db5a53c5cede65c4617,2025-10-06T16:46:43Z,-1,Doesn’t really fit and is annoying,47d2d61eb45a44eeb0c5434f233e689a
spotify:track:07P8B284lM8QWO2AnSFFMq,9800e906592547f4ab0717aa56097b49,2025-10-06T17:31:09Z,0,This is a good pick but it didn't stand out to me,47d2d61eb45a44eeb0c5434f233e689a
spotify:track:0ieqq1wbtso2UjJWPqJ5Xc,9800e906592547f4ab0717aa56097b49,2025-10-06T17:31:09Z,0,Don't really see the themes in this one. Seems to just be a normal breakup song.,47d2d61eb45a44eeb0c5434f233e689a
spotify:track:0pdfN7nOHMYmKykzu1cyfm,9800e906592547f4ab0717aa56097b49,2025-10-06T17:31:09Z,0,IMO one of the most insidiously evil songs ever. Probably the only song I can think of where a woman objectifies a man in such a uniquely feminine way. And the only song I could think of that hits all three themes. ,47d2d61eb45a44eeb0c5434f233e689a
spotify:track:1P17dC1amhFzptugyAO7Il,9800e906592547f4ab0717aa56097b49,2025-10-06T17:31:09Z,0,"Taylor Swift will never escape her origins for me. Imagine how ridiculous it would be to hear Joseph this song, it's just as ridiculous coming from her. The only person she's gaslighting is herself. ",47d2d61eb45a44eeb0c5434f233e689a
spotify:track:1vLqigPHwiFnXsfrLMehV1,9800e906592547f4ab0717aa56097b49,2025-10-06T17:31:09Z,0,I don't see it in this song. She's girlbossing but it's benign compared to the others. ,47d2d61eb45a44eeb0c5434f233e689a
spotify:track:3OtMnyUaiipcAT23A8liyi,9800e906592547f4ab0717aa56097b49,2025-10-06T17:31:09Z,-1,"This song is just not good. The Nicki Minaj part was the best part by far, only further proving my first point. Girlboss, yes, but not a standout. ",47d2d61eb45a44eeb0c5434f233e689a
spotify:track:45hOioMDJktr86iKDHC8gr,9800e906592547f4ab0717aa56097b49,2025-10-06T17:31:09Z,0,"Great choice, and a great millennialcore song. But it was narrowly beat out by others for me.",47d2d61eb45a44eeb0c5434f233e689a
spotify:track:4svaKoxMMP7ImmKrD5hfQu,9800e906592547f4ab0717aa56097b49,2025-10-06T17:31:09Z,0,"Sorry, this is not the category for empowerment. This is a girlboss song, but the category ""gaslit, gatekept, girlbossed"" implies some negativity/toxicity in some way. It could be a unique read i.e. it's responding to toxic femininity, I guess. But I can't square a positive song with the category and the way it was described. ",47d2d61eb45a44eeb0c5434f233e689a
spotify:track:5Fl7K6enaM7IDuOkmdbdXg,9800e906592547f4ab0717aa56097b49,2025-10-06T17:31:09Z,1,"The ultimate anthem of gaslit, gatekept, girlbossed. Don't think like me? Guess you're not feminine, guess you're not a woman. Love the meta conception of the theme as women gaslighting, gatekeeping, and girlbossing the very concept of womanhood away from other women. Inspired read, and wins a vote despite the song actually sucking so bad. ",47d2d61eb45a44eeb0c5434f233e689a
spotify:track:5G2f63n7IPVPPjfNIGih7Q,9800e906592547f4ab0717aa56097b49,2025-10-06T17:31:09Z,1,"Of the pop hits, this is the only one for me that really gets the theme fully. Narrowly beats out two others to get my ""4th place"" vote. ",47d2d61eb45a44eeb0c5434f233e689a
spotify:track:5mFYtqhN4T2D9IPSaZnVDw,9800e906592547f4ab0717aa56097b49,2025-10-06T17:31:09Z,1,I LOVE COUNTRY SONGS ABOUT DOMESTIC VIOLENCE,47d2d61eb45a44eeb0c5434f233e689a
spotify:track:6SpLc7EXZIPpy0sVko0aoU,9800e906592547f4ab0717aa56097b49,2025-10-06T17:31:09Z,1,"It is comical how enormously this clear every single song in this playlist. I wouldn't say a single one even comes close to it. It's perfect in every way, musically and categorically. I would have given it 2 votes if there weren't other songs here I thought deserved recognition. ",47d2d61eb45a44eeb0c5434f233e689a
spotify:track:7yV3poLov8f1L50kA1ciwe,9800e906592547f4ab0717aa56097b49,2025-10-06T17:31:09Z,0,"VERY NARROWLY beat out by my 4 votes. Loved this musically a lot more than 2 of my votes, but their themes were just so spot on that I had to vote for them. ",47d2d61eb45a44eeb0c5434f233e689a
spotify:track:7yV3poLov8f1L50kA1ciwe,f53f0969b04049b5ba39a303ebb3e987,2025-10-07T23:34:45Z,0,Better than most on this list,47d2d61eb45a44eeb0c5434f233e689a
spotify:track:0pdfN7nOHMYmKykzu1cyfm,f53f0969b04049b5ba39a303ebb3e987,2025-10-07T23:34:45Z,0,Shania is usually a Sammy vote cheat code but not this round sorry ,47d2d61eb45a44eeb0c5434f233e689a
spotify:track:1P17dC1amhFzptugyAO7Il,f53f0969b04049b5ba39a303ebb3e987,2025-10-07T23:34:45Z,1,This works undeniably but should’ve submitted something from her new trailer trash album ,47d2d61eb45a44eeb0c5434f233e689a
spotify:track:1vLqigPHwiFnXsfrLMehV1,f53f0969b04049b5ba39a303ebb3e987,2025-10-07T23:34:45Z,0,Also unlistenable ,47d2d61eb45a44eeb0c5434f233e689a
spotify:track:3OtMnyUaiipcAT23A8liyi,f53f0969b04049b5ba39a303ebb3e987,2025-10-07T23:34:45Z,0,Yawn ,47d2d61eb45a44eeb0c5434f233e689a
spotify:track:45hOioMDJktr86iKDHC8gr,f53f0969b04049b5ba39a303ebb3e987,2025-10-07T23:34:45Z,1,Best song on the listen. Glad Olivia Rodrigo has taken us back to rock pop.,47d2d61eb45a44eeb0c5434f233e689a
spotify:track:4svaKoxMMP7ImmKrD5hfQu,f53f0969b04049b5ba39a303ebb3e987,2025-10-07T23:34:45Z,-1,,47d2d61eb45a44eeb0c5434f233e689a
spotify:track:5G2f63n7IPVPPjfNIGih7Q,f53f0969b04049b5ba39a303ebb3e987,2025-10-07T23:34:45Z,0,Why do people like her,47d2d61eb45a44eeb0c5434f233e689a
spotify:track:5mFYtqhN4T2D9IPSaZnVDw,f53f0969b04049b5ba39a303ebb3e987,2025-10-07T23:34:45Z,1,,47d2d61eb45a44eeb0c5434f233e689a
spotify:track:6SpLc7EXZIPpy0sVko0aoU,f53f0969b04049b5ba39a303ebb3e987,2025-10-07T23:34:45Z,0,Good song,47d2d61eb45a44eeb0c5434f233e689a
spotify:track:07P8B284lM8QWO2AnSFFMq,f53f0969b04049b5ba39a303ebb3e987,2025-10-07T23:34:45Z,1,"This song was awesome, and on a list like this, I’m handing out votes for songs I actually like. ",47d2d61eb45a44eeb0c5434f233e689a
spotify:track:0ieqq1wbtso2UjJWPqJ5Xc,f53f0969b04049b5ba39a303ebb3e987,2025-10-07T23:34:45Z,0,Unlistenable ,47d2d61eb45a44eeb0c5434f233e689a
spotify:track:45hOioMDJktr86iKDHC8gr,42db3c63b69a4479bedfcc2d22a6b73a,2025-10-08T00:19:18Z,2,,47d2d61eb45a44eeb0c5434f233e689a
spotify:track:6SpLc7EXZIPpy0sVko0aoU,42db3c63b69a4479bedfcc2d22a6b73a,2025-10-08T00:19:18Z,2,,47d2d61eb45a44eeb0c5434f233e689a
spotify:track:1P17dC1amhFzptugyAO7Il,42db3c63b69a4479bedfcc2d22a6b73a,2025-10-08T00:19:18Z,-1,,47d2d61eb45a44eeb0c5434f233e689a
spotify:track:0ieqq1wbtso2UjJWPqJ5Xc,fc418ffeadb64c3f8e93a25fb942984f,2025-10-08T01:27:45Z,-1,It’s not explicit to me that this is toxic femininity…,47d2d61eb45a44eeb0c5434f233e689a
spotify:track:0pdfN7nOHMYmKykzu1cyfm,fc418ffeadb64c3f8e93a25fb942984f,2025-10-08T01:27:45Z,0,Not toxic enough for me,47d2d61eb45a44eeb0c5434f233e689a
spotify:track:45hOioMDJktr86iKDHC8gr,fc418ffeadb64c3f8e93a25fb942984f,2025-10-08T01:27:45Z,1,,47d2d61eb45a44eeb0c5434f233e689a
spotify:track:5Fl7K6enaM7IDuOkmdbdXg,fc418ffeadb64c3f8e93a25fb942984f,2025-10-08T01:27:45Z,1,,47d2d61eb45a44eeb0c5434f233e689a
spotify:track:5mFYtqhN4T2D9IPSaZnVDw,fc418ffeadb64c3f8e93a25fb942984f,2025-10-08T01:27:45Z,1,,47d2d61eb45a44eeb0c5434f233e689a
spotify:track:07P8B284lM8QWO2AnSFFMq,fc418ffeadb64c3f8e93a25fb942984f,2025-10-08T01:27:45Z,1,,47d2d61eb45a44eeb0c5434f233e689a
spotify:track:07P8B284lM8QWO2AnSFFMq,fa6235d130204772808d133e528b8ad7,2025-10-09T17:19:38Z,0,This was lyrically on theme for sure but idk musically it just didn’t do it for me. Kinda felt like they recycled and stitched together old my chemical romance backing tracks  ,47d2d61eb45a44eeb0c5434f233e689a
spotify:track:0pdfN7nOHMYmKykzu1cyfm,fa6235d130204772808d133e528b8ad7,2025-10-09T17:19:38Z,0,"Maybe I’m crazy but I see no problem here, it is good and fitting for a man to be a little bit obsessed with the woman he loves and that’s what she’s asking for ",47d2d61eb45a44eeb0c5434f233e689a
spotify:track:5mFYtqhN4T2D9IPSaZnVDw,fa6235d130204772808d133e528b8ad7,2025-10-09T17:19:38Z,1,Excellent read of the theme. What a story,47d2d61eb45a44eeb0c5434f233e689a
spotify:track:5G2f63n7IPVPPjfNIGih7Q,fa6235d130204772808d133e528b8ad7,2025-10-09T17:19:38Z,1,I remember hitting play on this album when it came out and immediately thinking this was just a perfect pop song. Hate to say it but Jack Antonoff has the formula. Subverts the “gatekeep” element of the theme in a fun way,47d2d61eb45a44eeb0c5434f233e689a
spotify:track:5Fl7K6enaM7IDuOkmdbdXg,fa6235d130204772808d133e528b8ad7,2025-10-09T17:19:38Z,0,Idk this doesn’t land for me bc it feels like it’s just trying way too hard,47d2d61eb45a44eeb0c5434f233e689a
spotify:track:45hOioMDJktr86iKDHC8gr,fa6235d130204772808d133e528b8ad7,2025-10-09T17:19:38Z,1,"I almost hate how much I love this song, but Avril just does girly “rebellious” 2000s pop so perfectly that I can’t really be mad. Excels even if what she excels at is slightly cringe. The fact that she somehow can pull off “hell yeah I’m the mf princess” is incredible",47d2d61eb45a44eeb0c5434f233e689a
spotify:track:3OtMnyUaiipcAT23A8liyi,fa6235d130204772808d133e528b8ad7,2025-10-09T17:19:38Z,0,"Definitely on theme, just annoys me musically, sorry. And I love other songs by both artists. This one just doesn’t do it for me",47d2d61eb45a44eeb0c5434f233e689a
spotify:track:1vLqigPHwiFnXsfrLMehV1,fa6235d130204772808d133e528b8ad7,2025-10-09T17:19:38Z,0,I get where this submission is coming from but (to a lesser degree than Shania) I’m like…yeah it’s reasonable to want a guy that’s a little bit obsessed with you and this song may be a bit hyperbolic but in a playful tongue in cheek way,47d2d61eb45a44eeb0c5434f233e689a
spotify:track:1P17dC1amhFzptugyAO7Il,fa6235d130204772808d133e528b8ad7,2025-10-09T17:19:38Z,1,,47d2d61eb45a44eeb0c5434f233e689a
spotify:track:0ieqq1wbtso2UjJWPqJ5Xc,fa6235d130204772808d133e528b8ad7,2025-10-09T17:19:38Z,-1,This was one of the more pleasant songs to listen to on this list but thematically didn’t hit for me,47d2d61eb45a44eeb0c5434f233e689a
spotify:track:0pdfN7nOHMYmKykzu1cyfm,98739434088f411e9e1918725eedb295,2025-10-09T23:42:05Z,0,"Really enjoyed this song.  And it's a *kind* of toxic femininity, but not the ""gaslit gatekept girlbossed"" version",47d2d61eb45a44eeb0c5434f233e689a
spotify:track:6SpLc7EXZIPpy0sVko0aoU,98739434088f411e9e1918725eedb295,2025-10-09T23:42:05Z,1,yes,47d2d61eb45a44eeb0c5434f233e689a
spotify:track:07P8B284lM8QWO2AnSFFMq,98739434088f411e9e1918725eedb295,2025-10-09T23:42:05Z,1,"Really enjoyed this one musically.  The drop was unexpected and had a huge payoff.  The toxic feminity is an immature one, but toxic nonetheless.",47d2d61eb45a44eeb0c5434f233e689a
spotify:track:0ieqq1wbtso2UjJWPqJ5Xc,98739434088f411e9e1918725eedb295,2025-10-09T23:42:05Z,0,"""I'm better off without you"" isn't really the vibe of this playlist.",47d2d61eb45a44eeb0c5434f233e689a
spotify:track:5mFYtqhN4T2D9IPSaZnVDw,98739434088f411e9e1918725eedb295,2025-10-09T23:42:05Z,-1,what's toxic feminity about this lamentation of cheating?,47d2d61eb45a44eeb0c5434f233e689a
spotify:track:1P17dC1amhFzptugyAO7Il,98739434088f411e9e1918725eedb295,2025-10-09T23:42:05Z,0,Couldn't stand this song.,47d2d61eb45a44eeb0c5434f233e689a
spotify:track:1vLqigPHwiFnXsfrLMehV1,98739434088f411e9e1918725eedb295,2025-10-09T23:42:05Z,0,"Can't stand the girl in this song, but I'm not sure it qualifies as ""gaslit, gatekeep, or girlboss""",47d2d61eb45a44eeb0c5434f233e689a
spotify:track:45hOioMDJktr86iKDHC8gr,98739434088f411e9e1918725eedb295,2025-10-09T23:42:05Z,1,Gotta love avril.,47d2d61eb45a44eeb0c5434f233e689a
spotify:track:4svaKoxMMP7ImmKrD5hfQu,98739434088f411e9e1918725eedb295,2025-10-09T23:42:05Z,0,"Not sure this is ""toxic femininity"" so much as combating body image issues.  Different things.",47d2d61eb45a44eeb0c5434f233e689a
spotify:track:5Fl7K6enaM7IDuOkmdbdXg,98739434088f411e9e1918725eedb295,2025-10-09T23:42:05Z,1,Great song (I hated it),47d2d61eb45a44eeb0c5434f233e689a
spotify:track:4svaKoxMMP7ImmKrD5hfQu,6d8e32d102054531811ff5c8a625977c,2025-10-10T01:47:45Z,-1,Song is not bad but this isn’t toxic at all,47d2d61eb45a44eeb0c5434f233e689a
spotify:track:7yV3poLov8f1L50kA1ciwe,6d8e32d102054531811ff5c8a625977c,2025-10-10T01:47:45Z,0,Lyrically perfect but listening to this was painful,47d2d61eb45a44eeb0c5434f233e689a
spotify:track:6SpLc7EXZIPpy0sVko0aoU,6d8e32d102054531811ff5c8a625977c,2025-10-10T01:47:45Z,1,I’m a simple man. I’m always going to upvote Paramore ,47d2d61eb45a44eeb0c5434f233e689a
spotify:track:5mFYtqhN4T2D9IPSaZnVDw,6d8e32d102054531811ff5c8a625977c,2025-10-10T01:47:45Z,0,Clever,47d2d61eb45a44eeb0c5434f233e689a
spotify:track:07P8B284lM8QWO2AnSFFMq,6d8e32d102054531811ff5c8a625977c,2025-10-10T01:47:45Z,1,I enjoyed this more than I expected ,47d2d61eb45a44eeb0c5434f233e689a
spotify:track:0pdfN7nOHMYmKykzu1cyfm,6d8e32d102054531811ff5c8a625977c,2025-10-10T01:47:45Z,2,Grand slam of a pick.,47d2d61eb45a44eeb0c5434f233e689a
spotify:track:45hOioMDJktr86iKDHC8gr,6d8e32d102054531811ff5c8a625977c,2025-10-10T01:47:45Z,0,This kinda feels too innocent,47d2d61eb45a44eeb0c5434f233e689a
spotify:track:6SpLc7EXZIPpy0sVko0aoU,b3c43885f6ce4e8b861545158a22b7a2,2025-10-10T03:37:49Z,1,,47d2d61eb45a44eeb0c5434f233e689a
spotify:track:45hOioMDJktr86iKDHC8gr,b3c43885f6ce4e8b861545158a22b7a2,2025-10-10T03:37:49Z,1,,47d2d61eb45a44eeb0c5434f233e689a
spotify:track:1vLqigPHwiFnXsfrLMehV1,b3c43885f6ce4e8b861545158a22b7a2,2025-10-10T03:37:49Z,1,,47d2d61eb45a44eeb0c5434f233e689a
spotify:track:0ieqq1wbtso2UjJWPqJ5Xc,b3c43885f6ce4e8b861545158a22b7a2,2025-10-10T03:37:49Z,-1,,47d2d61eb45a44eeb0c5434f233e689a
spotify:track:5G2f63n7IPVPPjfNIGih7Q,b3c43885f6ce4e8b861545158a22b7a2,2025-10-10T03:37:49Z,1,,47d2d61eb45a44eeb0c5434f233e689a
spotify:track:45hOioMDJktr86iKDHC8gr,3bea30b04eab480b8390ba55a4397ba0,2025-10-10T04:52:45Z,2,,47d2d61eb45a44eeb0c5434f233e689a
spotify:track:5G2f63n7IPVPPjfNIGih7Q,3bea30b04eab480b8390ba55a4397ba0,2025-10-10T04:52:45Z,-1,,47d2d61eb45a44eeb0c5434f233e689a
spotify:track:6SpLc7EXZIPpy0sVko0aoU,3bea30b04eab480b8390ba55a4397ba0,2025-10-10T04:52:45Z,1,,47d2d61eb45a44eeb0c5434f233e689a
spotify:track:0pdfN7nOHMYmKykzu1cyfm,3bea30b04eab480b8390ba55a4397ba0,2025-10-10T04:52:45Z,1,,47d2d61eb45a44eeb0c5434f233e689a
spotify:track:1JlssWnwFUiEzuSqw4H1V1,c1b6888dec1e4113b65883ad590d3969,2025-10-14T00:13:48Z,1,,64d451beff9a4729a7b2eb99be5b99de
spotify:track:6t6oULCRS6hnI7rm0h5gwl,c1b6888dec1e4113b65883ad590d3969,2025-10-14T00:13:48Z,1,,64d451beff9a4729a7b2eb99be5b99de
spotify:track:6ORqU0bHbVCRjXm9AjyHyZ,c1b6888dec1e4113b65883ad590d3969,2025-10-14T00:13:48Z,-1,Real ones know this is Gen X not Millennial. ,64d451beff9a4729a7b2eb99be5b99de
spotify:track:5uHYcK0nbEYgRaFTY5BqnP,c1b6888dec1e4113b65883ad590d3969,2025-10-14T00:13:48Z,2,,64d451beff9a4729a7b2eb99be5b99de
spotify:track:3koDISDgzOi1HMTwfP9Z7y,0f4f7275b1234127a43771293d707c5c,2025-10-14T00:44:08Z,0,No thoughts ,64d451beff9a4729a7b2eb99be5b99de
spotify:track:2ihCaVdNZmnHZWt0fvAM7B,0f4f7275b1234127a43771293d707c5c,2025-10-14T00:44:08Z,-1,I actually hate this song. I can only listen to it if I make fun of it. The opening instrumental alone fills me with dread. And then the cursive singing… 😑 I decided to downvote because I hate it but it’s defs on theme sry ,64d451beff9a4729a7b2eb99be5b99de
spotify:track:1tjHKKI0r82IB5KL29whHs,0f4f7275b1234127a43771293d707c5c,2025-10-14T00:44:08Z,0,I’m unaware of muse ,64d451beff9a4729a7b2eb99be5b99de
spotify:track:1JlssWnwFUiEzuSqw4H1V1,0f4f7275b1234127a43771293d707c5c,2025-10-14T00:44:08Z,0,Our millennial chaplain in college loved his homily on this song and the beatitudes and st Francis. Not the most iconic Mumford song but one I generally like even now. And as we know I generally believe the subtitle matters even if I dont like it ,64d451beff9a4729a7b2eb99be5b99de
spotify:track:14AyWf6y7KlWWLfAjdKMKI,0f4f7275b1234127a43771293d707c5c,2025-10-14T00:44:08Z,1,Hating this song? What sort of Grinch are you? I’m glad this album was included. I considered submitting Gale Song. You dont deserve the points for hating this but I must vote for it.,64d451beff9a4729a7b2eb99be5b99de
spotify:track:114rzL6VEy9bb3amPcY3tw,0f4f7275b1234127a43771293d707c5c,2025-10-14T00:44:08Z,0,Nostalgia factor is nonexistent for me here ,64d451beff9a4729a7b2eb99be5b99de
spotify:track:003vvx7Niy0yvhvHt4a68B,0f4f7275b1234127a43771293d707c5c,2025-10-14T00:44:08Z,1,I didn’t think of this and I could see how some may judge it as basic but this theme sort of implies nostalgic classics and I’ll never not bop to this. Might be my top pick of the non stomp clap possibilities for this round. (The movie About Time made me like this song even more!) it is the only one here that you could say “defined a generation” I would give it 2 votes if I didn’t like others as much as I do. Is this Sam? ,64d451beff9a4729a7b2eb99be5b99de
spotify:track:7LVHVU3tWfcxj5aiPFEW4Q,0f4f7275b1234127a43771293d707c5c,2025-10-14T00:44:08Z,1,🥲 there was a traumatizing skit from a retreat with this as the background song but it could never ruin it for me,64d451beff9a4729a7b2eb99be5b99de
spotify:track:6t6oULCRS6hnI7rm0h5gwl,0f4f7275b1234127a43771293d707c5c,2025-10-14T00:44:08Z,0,fun. was a good shout. We translated “we are young” in high school Spanish hahah,64d451beff9a4729a7b2eb99be5b99de
spotify:track:6ORqU0bHbVCRjXm9AjyHyZ,0f4f7275b1234127a43771293d707c5c,2025-10-14T00:44:08Z,0,Aww this one. Not enough votes ,64d451beff9a4729a7b2eb99be5b99de
spotify:track:5uHYcK0nbEYgRaFTY5BqnP,0f4f7275b1234127a43771293d707c5c,2025-10-14T00:44:08Z,1,Aww love the pitch perfect version too. Good pick.,64d451beff9a4729a7b2eb99be5b99de
spotify:track:6ORqU0bHbVCRjXm9AjyHyZ,f53f0969b04049b5ba39a303ebb3e987,2025-10-14T01:02:33Z,0,"A beautiful song, utterly intimate song writing. It got beat by others, but know that I treasured every second of it, and I hope others begin to see the life-changing joy of this song.",64d451beff9a4729a7b2eb99be5b99de
spotify:track:3koDISDgzOi1HMTwfP9Z7y,f53f0969b04049b5ba39a303ebb3e987,2025-10-14T01:02:33Z,1,"A really amazing song, and the only one on here I'd never heard before. It's got a bit, it's got piano, trumpets, what more can you ask for. It's become my new obsession, thanks!",64d451beff9a4729a7b2eb99be5b99de
spotify:track:2ihCaVdNZmnHZWt0fvAM7B,f53f0969b04049b5ba39a303ebb3e987,2025-10-14T01:02:33Z,0,Mountain Sound or Numb Bears was the play,64d451beff9a4729a7b2eb99be5b99de
spotify:track:1tjHKKI0r82IB5KL29whHs,f53f0969b04049b5ba39a303ebb3e987,2025-10-14T01:02:33Z,0,I like my Muse song better,64d451beff9a4729a7b2eb99be5b99de
spotify:track:1JlssWnwFUiEzuSqw4H1V1,f53f0969b04049b5ba39a303ebb3e987,2025-10-14T01:02:33Z,0,Every one of their songs is the same lol,64d451beff9a4729a7b2eb99be5b99de
spotify:track:14AyWf6y7KlWWLfAjdKMKI,f53f0969b04049b5ba39a303ebb3e987,2025-10-14T01:02:33Z,-1,"A genuinely awful song by a bad band. I know the subtitle might justify this pick, but I just can't do it, I'm sorry",64d451beff9a4729a7b2eb99be5b99de
spotify:track:003vvx7Niy0yvhvHt4a68B,f53f0969b04049b5ba39a303ebb3e987,2025-10-14T01:02:33Z,0,"Catholic Communists at Hillsdale would be upset with me but I've never loved it, mostly because I associate it with pseudo-intellectual hedonism",64d451beff9a4729a7b2eb99be5b99de
spotify:track:7LVHVU3tWfcxj5aiPFEW4Q,f53f0969b04049b5ba39a303ebb3e987,2025-10-14T01:02:33Z,1,"There are other Coldplay songs I would've picked, but I said in chat that Coldplay was the right move for this round, and I'm gonna stand by it. Listening to this took me way back.",64d451beff9a4729a7b2eb99be5b99de
spotify:track:6t6oULCRS6hnI7rm0h5gwl,f53f0969b04049b5ba39a303ebb3e987,2025-10-14T01:02:33Z,1,"An awesome pick for the category. In case you didn't know, the music video makes it into an American Civil War song, which changes the interpretation of the lyrics in really cool ways. Well done.",64d451beff9a4729a7b2eb99be5b99de
spotify:track:5uHYcK0nbEYgRaFTY5BqnP,f53f0969b04049b5ba39a303ebb3e987,2025-10-14T01:02:33Z,1,A masterful pick from an incredible album. ,64d451beff9a4729a7b2eb99be5b99de
spotify:track:6t6oULCRS6hnI7rm0h5gwl,98739434088f411e9e1918725eedb295,2025-10-14T01:47:12Z,0,"It's got the stomps
It's got the claps
It's got the Autotune
It's got the falsetto
And Notre Dame's Marching Band did it.

It's a great song, and the best one for this category (besides maybe the M&S submission, which I had tried to do).",64d451beff9a4729a7b2eb99be5b99de
spotify:track:003vvx7Niy0yvhvHt4a68B,98739434088f411e9e1918725eedb295,2025-10-14T01:47:12Z,1,"Garage Rock sound (check)
Overly Sappy and Whiny Lyrics (check)
Low Quality Synth (check)

I think this is the perfect 2005 song.  Therefore I grant it one upvote.",64d451beff9a4729a7b2eb99be5b99de
spotify:track:114rzL6VEy9bb3amPcY3tw,98739434088f411e9e1918725eedb295,2025-10-14T01:47:12Z,0,"I think only Joseph would believe that Muse was ""millennialcore"" 

edit: Apparently there was another Muse song submitted... so I stand corrected.",64d451beff9a4729a7b2eb99be5b99de
spotify:track:14AyWf6y7KlWWLfAjdKMKI,98739434088f411e9e1918725eedb295,2025-10-14T01:47:12Z,0,"This really captures the ""stomp clap slop"" part of the prompt.",64d451beff9a4729a7b2eb99be5b99de
spotify:track:1JlssWnwFUiEzuSqw4H1V1,98739434088f411e9e1918725eedb295,2025-10-14T01:47:12Z,1,"I was warned not to submit another M&S song (Little Lion Man, which I think was a bigger hit).  I can't not vote for this.",64d451beff9a4729a7b2eb99be5b99de
spotify:track:1tjHKKI0r82IB5KL29whHs,98739434088f411e9e1918725eedb295,2025-10-14T01:47:12Z,0,What?  A second Muse song?!  You people think too highly of Millennials' music tastes.,64d451beff9a4729a7b2eb99be5b99de
spotify:track:2ihCaVdNZmnHZWt0fvAM7B,98739434088f411e9e1918725eedb295,2025-10-14T01:47:12Z,1,No song embodies millennialcore more.,64d451beff9a4729a7b2eb99be5b99de
spotify:track:3koDISDgzOi1HMTwfP9Z7y,98739434088f411e9e1918725eedb295,2025-10-14T01:47:12Z,0,Great Song.  But I don't think ,64d451beff9a4729a7b2eb99be5b99de
spotify:track:5uHYcK0nbEYgRaFTY5BqnP,98739434088f411e9e1918725eedb295,2025-10-14T01:47:12Z,-1,"A catchy song from the Millennial era, but not something that embodies ""millennialcore"" or ""stomp clap stop""",64d451beff9a4729a7b2eb99be5b99de
spotify:track:6ORqU0bHbVCRjXm9AjyHyZ,98739434088f411e9e1918725eedb295,2025-10-14T01:47:12Z,1,A little earlier Millennial... but It checks out. ,64d451beff9a4729a7b2eb99be5b99de
spotify:track:7LVHVU3tWfcxj5aiPFEW4Q,98739434088f411e9e1918725eedb295,2025-10-14T01:47:12Z,0,Just kidding this is Joseph's submission,64d451beff9a4729a7b2eb99be5b99de
spotify:track:3koDISDgzOi1HMTwfP9Z7y,80a489147c544db5a53c5cede65c4617,2025-10-14T02:11:48Z,0,"Total Bradcore. I actually love it, the screams are awesome!",64d451beff9a4729a7b2eb99be5b99de
spotify:track:2ihCaVdNZmnHZWt0fvAM7B,80a489147c544db5a53c5cede65c4617,2025-10-14T02:11:48Z,1,Musical torment. The indie voices. The “hey”s drowned in reverb. The boring chord progression beaten to death and beyond. This is the ultimate millenialcore,64d451beff9a4729a7b2eb99be5b99de
spotify:track:003vvx7Niy0yvhvHt4a68B,80a489147c544db5a53c5cede65c4617,2025-10-14T02:11:48Z,1,Hard to argue. A shame that this is their only good song (that I’ve heard),64d451beff9a4729a7b2eb99be5b99de
spotify:track:114rzL6VEy9bb3amPcY3tw,80a489147c544db5a53c5cede65c4617,2025-10-14T02:11:48Z,-1,"Glorious. What a wonderful musical journey. I love how the French part feels like a totally different world to the rest of the song and then they bring it back into main song, it’s very effective and unique. I sang along to this in the car like a total goofball. This was legit one of my favorite songs in college, when I was obsessed with Muse. Unfortunately, this is not millennialcore in any sense except being by a band active during peak millennial years",64d451beff9a4729a7b2eb99be5b99de
spotify:track:14AyWf6y7KlWWLfAjdKMKI,80a489147c544db5a53c5cede65c4617,2025-10-14T02:11:48Z,0,This is truly an awful song as you say. I feel that it was beat out by little talks which is even worse and more obnoxious. What people see in this band I fail to fathom. I played this one with my college band,64d451beff9a4729a7b2eb99be5b99de
spotify:track:1tjHKKI0r82IB5KL29whHs,80a489147c544db5a53c5cede65c4617,2025-10-14T02:11:48Z,0,"Another great muse song, but not iconic enough or famous enough to really typify the era. I used to not listen to this one because they say F, guess my standards went down the drain",64d451beff9a4729a7b2eb99be5b99de
spotify:track:1JlssWnwFUiEzuSqw4H1V1,80a489147c544db5a53c5cede65c4617,2025-10-14T02:11:48Z,0,😴 yawnfest but not as egregious as little talks which wins in this lane of millennialcore for me. ,64d451beff9a4729a7b2eb99be5b99de
spotify:track:6t6oULCRS6hnI7rm0h5gwl,80a489147c544db5a53c5cede65c4617,2025-10-14T02:11:48Z,1,"Wow, this song is actually quite interesting and creative. While it does feature the obligatory millennial “ohhhhh ohhh ohhh ohhhh” singalong bit, this song takes many unexpected turns while still feeling cohesive and distinctive. The guy has a super cool voice too. No idea what it’s about but it sounds important",64d451beff9a4729a7b2eb99be5b99de
spotify:track:6ORqU0bHbVCRjXm9AjyHyZ,80a489147c544db5a53c5cede65c4617,2025-10-14T02:11:48Z,1,This is a great song and feels iconic enough to be millenialcore ,64d451beff9a4729a7b2eb99be5b99de
spotify:track:14AyWf6y7KlWWLfAjdKMKI,fc418ffeadb64c3f8e93a25fb942984f,2025-10-15T12:31:58Z,1,,64d451beff9a4729a7b2eb99be5b99de
spotify:track:114rzL6VEy9bb3amPcY3tw,fc418ffeadb64c3f8e93a25fb942984f,2025-10-15T12:31:58Z,1,I vibe with this!,64d451beff9a4729a7b2eb99be5b99de
spotify:track:7LVHVU3tWfcxj5aiPFEW4Q,fc418ffeadb64c3f8e93a25fb942984f,2025-10-15T12:31:58Z,0,Wish I had another upvote for this,64d451beff9a4729a7b2eb99be5b99de
spotify:track:6t6oULCRS6hnI7rm0h5gwl,fc418ffeadb64c3f8e93a25fb942984f,2025-10-15T12:31:58Z,1,,64d451beff9a4729a7b2eb99be5b99de
spotify:track:3koDISDgzOi1HMTwfP9Z7y,fc418ffeadb64c3f8e93a25fb942984f,2025-10-15T12:31:58Z,-1,"I didn’t absolutely hate it, but I needed to downvote something ",64d451beff9a4729a7b2eb99be5b99de
spotify:track:1tjHKKI0r82IB5KL29whHs,fc418ffeadb64c3f8e93a25fb942984f,2025-10-15T12:31:58Z,0,Do I detect a hint of superstition??,64d451beff9a4729a7b2eb99be5b99de
spotify:track:1JlssWnwFUiEzuSqw4H1V1,fc418ffeadb64c3f8e93a25fb942984f,2025-10-15T12:31:58Z,1,,64d451beff9a4729a7b2eb99be5b99de
spotify:track:2ihCaVdNZmnHZWt0fvAM7B,fa6235d130204772808d133e528b8ad7,2025-10-16T04:51:34Z,0,"My apologies to whoever submitted this, it’s absolutely a valid read of the theme, it’s just (imo) a predictable and not particularly exciting pull ",64d451beff9a4729a7b2eb99be5b99de
spotify:track:1tjHKKI0r82IB5KL29whHs,fa6235d130204772808d133e528b8ad7,2025-10-16T04:51:34Z,0,Not at all complaining about two Muse picks. So good. The other one just hit more,64d451beff9a4729a7b2eb99be5b99de
spotify:track:1JlssWnwFUiEzuSqw4H1V1,fa6235d130204772808d133e528b8ad7,2025-10-16T04:51:34Z,0,cf. my comments on little talks and Ophelia. It’s an enjoyable song though,64d451beff9a4729a7b2eb99be5b99de
spotify:track:14AyWf6y7KlWWLfAjdKMKI,fa6235d130204772808d133e528b8ad7,2025-10-16T04:51:34Z,0,"It’s okay if not everyone agrees with my voting rationale, but stereotypical/predictable stomp clap bands just won’t wow me enough to claim an upvote",64d451beff9a4729a7b2eb99be5b99de
spotify:track:114rzL6VEy9bb3amPcY3tw,fa6235d130204772808d133e528b8ad7,2025-10-16T04:51:34Z,1,Twilight soundtrack = automatic upvote. It doesn’t get much more millenialcore than that. Also just genuinely incredible soundtracks ,64d451beff9a4729a7b2eb99be5b99de
spotify:track:003vvx7Niy0yvhvHt4a68B,fa6235d130204772808d133e528b8ad7,2025-10-16T04:51:34Z,0,"Was torn on this one. On the one hand, it’s a pretty predictable/mainstream pick. On the other hand, this song played at a wedding reception has the power to activate the sleeper agent inside every millennial and make them jump up and down with reckless abandon. In the end it was narrowly edged of my top 4, but thank you, to whoever submitted this, for the massive serotonin hit that I got from hearing the opening guitar riff. Never fails",64d451beff9a4729a7b2eb99be5b99de
spotify:track:7LVHVU3tWfcxj5aiPFEW4Q,fa6235d130204772808d133e528b8ad7,2025-10-16T04:51:34Z,1,"The first Coldplay song my mind went to for this round was viva la vida. But I grew to like this particular pick because I feel like sonically it hits all the hallmarks of 2000s alt/rock, but in an authentic (rather than derivative) way.

(Hi Joseph)",64d451beff9a4729a7b2eb99be5b99de
spotify:track:6t6oULCRS6hnI7rm0h5gwl,fa6235d130204772808d133e528b8ad7,2025-10-16T04:51:34Z,1,This album is one of a kind and this song is just so good. Stomp clap folk drumbeats AND vocoder bridge? I repeat my comment from last round: Jack Antonoff knows how to write a pop song. Every now and then I wonder what fun. could have become if they’d stayed together,64d451beff9a4729a7b2eb99be5b99de
spotify:track:6ORqU0bHbVCRjXm9AjyHyZ,fa6235d130204772808d133e528b8ad7,2025-10-16T04:51:34Z,-1,This one is for sure beloved by millennials but chronologically feels a little early for the category imo,64d451beff9a4729a7b2eb99be5b99de
spotify:track:5uHYcK0nbEYgRaFTY5BqnP,fa6235d130204772808d133e528b8ad7,2025-10-16T04:51:34Z,0,This whole album is so good and the lineup of features is next level. Idk what it is about B.o.B’s particular brand of upbeat pop rap but it feels like the sort of thing that only would’ve landed with the impact it did at this particular point in musical history ,64d451beff9a4729a7b2eb99be5b99de
spotify:track:3koDISDgzOi1HMTwfP9Z7y,fa6235d130204772808d133e528b8ad7,2025-10-16T04:51:34Z,1,"The dog barking thing is weird as hell but it made me think to myself “2010 is the only possible time in history this could’ve worked.” Looked up the release year and sure enough, 2010. And the bright poppy piano and horns with the driving beat are delightfully 2010 as well. Even the guitar solo and tone just scream this time period. Cool pick, and I respect the choice to go with something less mainstream 

(Hi Eddie)",64d451beff9a4729a7b2eb99be5b99de
spotify:track:7LVHVU3tWfcxj5aiPFEW4Q,b3c43885f6ce4e8b861545158a22b7a2,2025-10-18T01:44:34Z,1,,64d451beff9a4729a7b2eb99be5b99de
spotify:track:6t6oULCRS6hnI7rm0h5gwl,b3c43885f6ce4e8b861545158a22b7a2,2025-10-18T01:44:34Z,1,,64d451beff9a4729a7b2eb99be5b99de
spotify:track:5uHYcK0nbEYgRaFTY5BqnP,b3c43885f6ce4e8b861545158a22b7a2,2025-10-18T01:44:34Z,1,,64d451beff9a4729a7b2eb99be5b99de
spotify:track:2ihCaVdNZmnHZWt0fvAM7B,b3c43885f6ce4e8b861545158a22b7a2,2025-10-18T01:44:34Z,1,,64d451beff9a4729a7b2eb99be5b99de
spotify:track:14AyWf6y7KlWWLfAjdKMKI,b3c43885f6ce4e8b861545158a22b7a2,2025-10-18T01:44:34Z,-1,"I love this song... but, hot take, I think it's more Gen Z than Millennial 😬😬😬 Released 2016",64d451beff9a4729a7b2eb99be5b99de
spotify:track:5uHYcK0nbEYgRaFTY5BqnP,6d8e32d102054531811ff5c8a625977c,2025-10-18T03:12:28Z,0,I was surprisingly impressed by this. Honorable mention. It’s hitting a particular corner of the millennial slop genre that the rest of the playlist doesn’t cover ,64d451beff9a4729a7b2eb99be5b99de
spotify:track:6t6oULCRS6hnI7rm0h5gwl,6d8e32d102054531811ff5c8a625977c,2025-10-18T03:12:28Z,1,"To my mind, this is the definitive entry in the genre ",64d451beff9a4729a7b2eb99be5b99de
spotify:track:7LVHVU3tWfcxj5aiPFEW4Q,6d8e32d102054531811ff5c8a625977c,2025-10-18T03:12:28Z,-1,"There are really no bad entries on this playlist, but this one felt the least fitting to me",64d451beff9a4729a7b2eb99be5b99de
spotify:track:3koDISDgzOi1HMTwfP9Z7y,6d8e32d102054531811ff5c8a625977c,2025-10-18T03:12:28Z,1,This was extremely fun,64d451beff9a4729a7b2eb99be5b99de
spotify:track:114rzL6VEy9bb3amPcY3tw,6d8e32d102054531811ff5c8a625977c,2025-10-18T03:12:28Z,1,"I had never heard this before, I really liked it ",64d451beff9a4729a7b2eb99be5b99de
spotify:track:1JlssWnwFUiEzuSqw4H1V1,6d8e32d102054531811ff5c8a625977c,2025-10-18T03:12:28Z,1,lmao. Essential,64d451beff9a4729a7b2eb99be5b99de
spotify:track:2ihCaVdNZmnHZWt0fvAM7B,9800e906592547f4ab0717aa56097b49,2025-10-18T04:07:27Z,1,,64d451beff9a4729a7b2eb99be5b99de
spotify:track:6ORqU0bHbVCRjXm9AjyHyZ,9800e906592547f4ab0717aa56097b49,2025-10-18T04:07:27Z,-1,THIS CAME OUT IN 1997,64d451beff9a4729a7b2eb99be5b99de
spotify:track:6t6oULCRS6hnI7rm0h5gwl,9800e906592547f4ab0717aa56097b49,2025-10-18T04:07:27Z,1,,64d451beff9a4729a7b2eb99be5b99de
spotify:track:1JlssWnwFUiEzuSqw4H1V1,9800e906592547f4ab0717aa56097b49,2025-10-18T04:07:27Z,1,,64d451beff9a4729a7b2eb99be5b99de
spotify:track:5uHYcK0nbEYgRaFTY5BqnP,9800e906592547f4ab0717aa56097b49,2025-10-18T04:07:27Z,1,,64d451beff9a4729a7b2eb99be5b99de
spotify:track:2ihCaVdNZmnHZWt0fvAM7B,42db3c63b69a4479bedfcc2d22a6b73a,2025-10-18T05:08:54Z,1,,64d451beff9a4729a7b2eb99be5b99de
spotify:track:6t6oULCRS6hnI7rm0h5gwl,42db3c63b69a4479bedfcc2d22a6b73a,2025-10-18T05:08:54Z,1,,64d451beff9a4729a7b2eb99be5b99de
spotify:track:6ORqU0bHbVCRjXm9AjyHyZ,42db3c63b69a4479bedfcc2d22a6b73a,2025-10-18T05:08:54Z,1,,64d451beff9a4729a7b2eb99be5b99de
spotify:track:003vvx7Niy0yvhvHt4a68B,42db3c63b69a4479bedfcc2d22a6b73a,2025-10-18T05:08:54Z,-1,,64d451beff9a4729a7b2eb99be5b99de
spotify:track:5uHYcK0nbEYgRaFTY5BqnP,42db3c63b69a4479bedfcc2d22a6b73a,2025-10-18T05:08:54Z,1,,64d451beff9a4729a7b2eb99be5b99de
spotify:track:1qZqFtSINOOmjYH1UE9805,c1b6888dec1e4113b65883ad590d3969,2025-10-21T18:39:08Z,1,,79ab1a9f9cab4a93ace85e2004634795
spotify:track:4eqNUKjFG6j7bdMunCgq3E,c1b6888dec1e4113b65883ad590d3969,2025-10-21T18:39:08Z,1,,79ab1a9f9cab4a93ace85e2004634795
spotify:track:6LKvzEJQTIm2RrWAMPwQH6,c1b6888dec1e4113b65883ad590d3969,2025-10-21T18:39:08Z,1,"While not as good as the Jason Isbell version, still very good.",79ab1a9f9cab4a93ace85e2004634795
spotify:track:6uwERhh3sBcQ9eLcfIBmFV,c1b6888dec1e4113b65883ad590d3969,2025-10-21T18:39:08Z,1,,79ab1a9f9cab4a93ace85e2004634795
spotify:track:7wyK7q4LROqh8nW2XUVKaD,c1b6888dec1e4113b65883ad590d3969,2025-10-21T18:39:08Z,-1,,79ab1a9f9cab4a93ace85e2004634795
spotify:track:1BLtFdZgoX4g7FVuOum56B,9800e906592547f4ab0717aa56097b49,2025-10-21T20:30:29Z,0,"I listened to this while driving through winding hills in West Virginia. Beautiful, and I am grateful for it, but didn’t connect theme wise. ",79ab1a9f9cab4a93ace85e2004634795
spotify:track:1KL82DZju7EN0Jpolg6CwD,9800e906592547f4ab0717aa56097b49,2025-10-21T20:30:29Z,0,Amazing song. True Sammy round with all the banger country tunes. Didn’t see this as Memento Mori tho ,79ab1a9f9cab4a93ace85e2004634795
spotify:track:1qZqFtSINOOmjYH1UE9805,9800e906592547f4ab0717aa56097b49,2025-10-21T20:30:29Z,0,"Amazing song, and a great idea going with some 90s rap, but I didn’t see this as much of a Memento Mori",79ab1a9f9cab4a93ace85e2004634795
spotify:track:5Qnrgqy1pAm9GyNQOgyVFz,9800e906592547f4ab0717aa56097b49,2025-10-21T20:30:29Z,1,"Already submitted in past leagues, which biased me. Maybe this was Brad, and because of this possibility, I give it one vote. ",79ab1a9f9cab4a93ace85e2004634795
spotify:track:6jXPZid0KLorvgIDP6TiSo,9800e906592547f4ab0717aa56097b49,2025-10-21T20:30:29Z,0,Don’t see this as memento Mori as much as the justice of God ,79ab1a9f9cab4a93ace85e2004634795
spotify:track:6LKvzEJQTIm2RrWAMPwQH6,9800e906592547f4ab0717aa56097b49,2025-10-21T20:30:29Z,2,"Perfect choice. I feel like there needs to be a certain melancholy and reflectiveness for this category, not just to be about death itself. Well done, well worth the need for me to go to Spotify since this is a Spotify session song and not on Apple Music. ",79ab1a9f9cab4a93ace85e2004634795
spotify:track:6tRSJPPrWs1hqOkllIJK9M,9800e906592547f4ab0717aa56097b49,2025-10-21T20:30:29Z,0,"Don’t see how this is Memento Mori, but amazing song ",79ab1a9f9cab4a93ace85e2004634795
spotify:track:6uwERhh3sBcQ9eLcfIBmFV,9800e906592547f4ab0717aa56097b49,2025-10-21T20:30:29Z,1,"Another perfect choice, because it perfectly places you in the frame of mind of thinking about your eminent death. Incredible song and very unique.",79ab1a9f9cab4a93ace85e2004634795
spotify:track:7G2RDVxS0xvofNNNjA5yuN,9800e906592547f4ab0717aa56097b49,2025-10-21T20:30:29Z,-1,"Just don’t like it, simple as ",79ab1a9f9cab4a93ace85e2004634795
spotify:track:7wyK7q4LROqh8nW2XUVKaD,9800e906592547f4ab0717aa56097b49,2025-10-21T20:30:29Z,0,"Sorry Joseph, good lyrics, but if I have to read them to have any sense of what the song is about, it’s just not gonna do it for me. This was on the theme so I won’t downvote. ",79ab1a9f9cab4a93ace85e2004634795
spotify:track:1BLtFdZgoX4g7FVuOum56B,0f4f7275b1234127a43771293d707c5c,2025-10-22T01:26:22Z,1,,79ab1a9f9cab4a93ace85e2004634795
spotify:track:1KL82DZju7EN0Jpolg6CwD,0f4f7275b1234127a43771293d707c5c,2025-10-22T01:26:22Z,1,I get the analogy to the earth/this life as a whole ,79ab1a9f9cab4a93ace85e2004634795
spotify:track:1qZqFtSINOOmjYH1UE9805,0f4f7275b1234127a43771293d707c5c,2025-10-22T01:26:22Z,-1,Just dont vibe with this although it’s on theme. I think I wanted something a bit more serious and deep and the genre is hard to take that way for me ,79ab1a9f9cab4a93ace85e2004634795
spotify:track:4eqNUKjFG6j7bdMunCgq3E,0f4f7275b1234127a43771293d707c5c,2025-10-22T01:26:22Z,0,This didn’t seem Memento Mori to me exactly but something adjacent ,79ab1a9f9cab4a93ace85e2004634795
spotify:track:5Qnrgqy1pAm9GyNQOgyVFz,0f4f7275b1234127a43771293d707c5c,2025-10-22T01:26:22Z,0,Sufjan/this song is just sorta too predictable to me at this point for this theme ,79ab1a9f9cab4a93ace85e2004634795
spotify:track:6LKvzEJQTIm2RrWAMPwQH6,0f4f7275b1234127a43771293d707c5c,2025-10-22T01:26:22Z,0,I just think this is such a cool and beautiful song. Not the original but the version I discovered first.,79ab1a9f9cab4a93ace85e2004634795
spotify:track:6tRSJPPrWs1hqOkllIJK9M,0f4f7275b1234127a43771293d707c5c,2025-10-22T01:26:22Z,0,Not really seeing this being on theme ?,79ab1a9f9cab4a93ace85e2004634795
spotify:track:6uwERhh3sBcQ9eLcfIBmFV,0f4f7275b1234127a43771293d707c5c,2025-10-22T01:26:22Z,1,This album is just so iconically good ,79ab1a9f9cab4a93ace85e2004634795
spotify:track:7G2RDVxS0xvofNNNjA5yuN,0f4f7275b1234127a43771293d707c5c,2025-10-22T01:26:22Z,1,,79ab1a9f9cab4a93ace85e2004634795
spotify:track:7wyK7q4LROqh8nW2XUVKaD,0f4f7275b1234127a43771293d707c5c,2025-10-22T01:26:22Z,0,This was my 5th vote ,79ab1a9f9cab4a93ace85e2004634795
spotify:track:1BLtFdZgoX4g7FVuOum56B,98739434088f411e9e1918725eedb295,2025-10-23T02:16:54Z,1,on the nose.,79ab1a9f9cab4a93ace85e2004634795
spotify:track:1qZqFtSINOOmjYH1UE9805,98739434088f411e9e1918725eedb295,2025-10-23T02:16:54Z,0,"A song about death, but memento mori?",79ab1a9f9cab4a93ace85e2004634795
spotify:track:4eqNUKjFG6j7bdMunCgq3E,98739434088f411e9e1918725eedb295,2025-10-23T02:16:54Z,1,"Surprisingly thoughtful and powerful song, especially as a new(ish) father.  Is the pain of the end of life worth the beginnings of it?  Or is it just wishful thinking?  Beautiful.",79ab1a9f9cab4a93ace85e2004634795
spotify:track:5Qnrgqy1pAm9GyNQOgyVFz,98739434088f411e9e1918725eedb295,2025-10-23T02:16:54Z,0,"Perhaps this is anathema in this group, but i've never quite got the hype for Sufjan Stevens.  This is no exception.",79ab1a9f9cab4a93ace85e2004634795
spotify:track:6LKvzEJQTIm2RrWAMPwQH6,98739434088f411e9e1918725eedb295,2025-10-23T02:16:54Z,1,I liked this song quite a bit.  But is it a memento mori?  There's a difference between a song about death and memento mori.  But I liked it enough to give it a vote.,79ab1a9f9cab4a93ace85e2004634795
spotify:track:6tRSJPPrWs1hqOkllIJK9M,98739434088f411e9e1918725eedb295,2025-10-23T02:16:54Z,-1,"This was a fun and catchy song, but I'm not sure what it has to do with memento mori.",79ab1a9f9cab4a93ace85e2004634795
spotify:track:7wyK7q4LROqh8nW2XUVKaD,98739434088f411e9e1918725eedb295,2025-10-23T02:16:54Z,1,,79ab1a9f9cab4a93ace85e2004634795
spotify:track:7G2RDVxS0xvofNNNjA5yuN,42db3c63b69a4479bedfcc2d22a6b73a,2025-10-24T20:54:42Z,-1,,79ab1a9f9cab4a93ace85e2004634795
spotify:track:1qZqFtSINOOmjYH1UE9805,42db3c63b69a4479bedfcc2d22a6b73a,2025-10-24T20:54:42Z,1,,79ab1a9f9cab4a93ace85e2004634795
spotify:track:4eqNUKjFG6j7bdMunCgq3E,42db3c63b69a4479bedfcc2d22a6b73a,2025-10-24T20:54:42Z,1,,79ab1a9f9cab4a93ace85e2004634795
spotify:track:5Qnrgqy1pAm9GyNQOgyVFz,42db3c63b69a4479bedfcc2d22a6b73a,2025-10-24T20:54:42Z,1,,79ab1a9f9cab4a93ace85e2004634795
spotify:track:6tRSJPPrWs1hqOkllIJK9M,42db3c63b69a4479bedfcc2d22a6b73a,2025-10-24T20:54:42Z,1,,79ab1a9f9cab4a93ace85e2004634795
spotify:track:6LKvzEJQTIm2RrWAMPwQH6,80a489147c544db5a53c5cede65c4617,2025-10-24T21:03:21Z,1,This probably made me feel the saddest of anything here. So cute and sad,79ab1a9f9cab4a93ace85e2004634795
spotify:track:6tRSJPPrWs1hqOkllIJK9M,80a489147c544db5a53c5cede65c4617,2025-10-24T21:03:21Z,0,"This was a great song, but theme connection is not the strongest. The implications are there though",79ab1a9f9cab4a93ace85e2004634795
spotify:track:6uwERhh3sBcQ9eLcfIBmFV,80a489147c544db5a53c5cede65c4617,2025-10-24T21:03:21Z,0,Compelling and haunting ,79ab1a9f9cab4a93ace85e2004634795
spotify:track:7G2RDVxS0xvofNNNjA5yuN,80a489147c544db5a53c5cede65c4617,2025-10-24T21:03:21Z,-1,"Musical fingernails on chalkboard. The melodies don’t work and everything is irritating, this song feels like a itchy dress shirt or a bathing suit with sand in it",79ab1a9f9cab4a93ace85e2004634795
spotify:track:1BLtFdZgoX4g7FVuOum56B,80a489147c544db5a53c5cede65c4617,2025-10-24T21:03:21Z,0,This was very pretty ,79ab1a9f9cab4a93ace85e2004634795
spotify:track:1KL82DZju7EN0Jpolg6CwD,80a489147c544db5a53c5cede65c4617,2025-10-24T21:03:21Z,0,"Dang, that was very compelling. Country is a perfect genre for this theme as many people clearly agree",79ab1a9f9cab4a93ace85e2004634795
spotify:track:4eqNUKjFG6j7bdMunCgq3E,80a489147c544db5a53c5cede65c4617,2025-10-24T21:03:21Z,1,Holy cow what was this. Incredible ,79ab1a9f9cab4a93ace85e2004634795
spotify:track:5Qnrgqy1pAm9GyNQOgyVFz,80a489147c544db5a53c5cede65c4617,2025-10-24T21:03:21Z,1,Can’t not vote for Sufjan. This just sounds so vulnerable and raw like everything on this album. ,79ab1a9f9cab4a93ace85e2004634795
spotify:track:6jXPZid0KLorvgIDP6TiSo,80a489147c544db5a53c5cede65c4617,2025-10-24T21:03:21Z,1,Perhaps the clearest and best interpretation of the theme here,79ab1a9f9cab4a93ace85e2004634795
spotify:track:1qZqFtSINOOmjYH1UE9805,fa6235d130204772808d133e528b8ad7,2025-10-25T03:20:09Z,1,Enjoyed this pull. This is also how I learned that Spotify censors the n word in its lyrics (assuming this is Alex but perhaps Sam??),79ab1a9f9cab4a93ace85e2004634795
spotify:track:1KL82DZju7EN0Jpolg6CwD,fa6235d130204772808d133e528b8ad7,2025-10-25T03:20:09Z,1,"This song is really haunting and cool musically as well as lyrically. The way that, in this song, a very specific manner/place of death is inescapable no matter how you may try to run away feels like an image or perhaps a microcosm of the more universal reality that it is inescapable for all of us",79ab1a9f9cab4a93ace85e2004634795
spotify:track:4eqNUKjFG6j7bdMunCgq3E,fa6235d130204772808d133e528b8ad7,2025-10-25T03:20:09Z,1,At first I thought this song was gonna be kinda corny but by the end I did quite enjoy the picture it painted lyrically ,79ab1a9f9cab4a93ace85e2004634795
spotify:track:5Qnrgqy1pAm9GyNQOgyVFz,fa6235d130204772808d133e528b8ad7,2025-10-25T03:20:09Z,0,"Fiona has the receipts but I told her before this round that if somebody submitted Sufjan it would be the first time in music league history that I didn’t vote for him. I just feel like it’s too easy. Also despite the line “we’re all gonna die,” I feel like this song is more properly about the experience of his mother’s death rather than reflecting on his own mortality ",79ab1a9f9cab4a93ace85e2004634795
spotify:track:6jXPZid0KLorvgIDP6TiSo,fa6235d130204772808d133e528b8ad7,2025-10-25T03:20:09Z,0,At first I was like “this is so spot on” but as I was reflecting on all the songs again I felt like the vibe of this one is more about God’s judgment catching up with the sinner than about the inevitability of death for all. I’d apologize for being nitpicky but I feel like that’s what music league is for,79ab1a9f9cab4a93ace85e2004634795
spotify:track:6LKvzEJQTIm2RrWAMPwQH6,fa6235d130204772808d133e528b8ad7,2025-10-25T03:20:09Z,1,Is it possible that I voted for this in part because I love Noah Kahan’s music and also because he just has fall vibes? Sure. But it’s also on point thematically,79ab1a9f9cab4a93ace85e2004634795
spotify:track:6tRSJPPrWs1hqOkllIJK9M,fa6235d130204772808d133e528b8ad7,2025-10-25T03:20:09Z,-1,"Respectfully, being haunted by the ghost of Hank Williams just isn’t the same as confronting your mortality imo",79ab1a9f9cab4a93ace85e2004634795
spotify:track:7wyK7q4LROqh8nW2XUVKaD,fa6235d130204772808d133e528b8ad7,2025-10-25T03:20:09Z,0,"Joseph I did think this was cool, but it did not make my top 4 alas",79ab1a9f9cab4a93ace85e2004634795
spotify:track:6jXPZid0KLorvgIDP6TiSo,f53f0969b04049b5ba39a303ebb3e987,2025-10-25T03:22:00Z,1,,79ab1a9f9cab4a93ace85e2004634795
spotify:track:6tRSJPPrWs1hqOkllIJK9M,f53f0969b04049b5ba39a303ebb3e987,2025-10-25T03:22:00Z,2,,79ab1a9f9cab4a93ace85e2004634795
spotify:track:6uwERhh3sBcQ9eLcfIBmFV,f53f0969b04049b5ba39a303ebb3e987,2025-10-25T03:22:00Z,1,,79ab1a9f9cab4a93ace85e2004634795
spotify:track:7wyK7q4LROqh8nW2XUVKaD,f53f0969b04049b5ba39a303ebb3e987,2025-10-25T03:22:00Z,-1,,79ab1a9f9cab4a93ace85e2004634795
spotify:track:1qZqFtSINOOmjYH1UE9805,fc418ffeadb64c3f8e93a25fb942984f,2025-10-25T16:24:43Z,1,,79ab1a9f9cab4a93ace85e2004634795
spotify:track:1BLtFdZgoX4g7FVuOum56B,fc418ffeadb64c3f8e93a25fb942984f,2025-10-25T16:24:43Z,1,No brainer,79ab1a9f9cab4a93ace85e2004634795
spotify:track:5Qnrgqy1pAm9GyNQOgyVFz,fc418ffeadb64c3f8e93a25fb942984f,2025-10-25T16:24:43Z,1,,79ab1a9f9cab4a93ace85e2004634795
spotify:track:6jXPZid0KLorvgIDP6TiSo,fc418ffeadb64c3f8e93a25fb942984f,2025-10-25T16:24:43Z,1,,79ab1a9f9cab4a93ace85e2004634795
spotify:track:7wyK7q4LROqh8nW2XUVKaD,fc418ffeadb64c3f8e93a25fb942984f,2025-10-25T16:24:43Z,-1,"I can appreciate the text, but I just can’t vibe with the music, sorry Joseph",79ab1a9f9cab4a93ace85e2004634795
spotify:track:1BLtFdZgoX4g7FVuOum56B,b3c43885f6ce4e8b861545158a22b7a2,2025-10-26T02:59:22Z,1,,79ab1a9f9cab4a93ace85e2004634795
spotify:track:4eqNUKjFG6j7bdMunCgq3E,b3c43885f6ce4e8b861545158a22b7a2,2025-10-26T02:59:22Z,1,,79ab1a9f9cab4a93ace85e2004634795
spotify:track:6LKvzEJQTIm2RrWAMPwQH6,b3c43885f6ce4e8b861545158a22b7a2,2025-10-26T02:59:22Z,1,,79ab1a9f9cab4a93ace85e2004634795
spotify:track:6tRSJPPrWs1hqOkllIJK9M,b3c43885f6ce4e8b861545158a22b7a2,2025-10-26T02:59:22Z,-1,,79ab1a9f9cab4a93ace85e2004634795
spotify:track:7wyK7q4LROqh8nW2XUVKaD,b3c43885f6ce4e8b861545158a22b7a2,2025-10-26T02:59:22Z,1,,79ab1a9f9cab4a93ace85e2004634795
spotify:track:1qZqFtSINOOmjYH1UE9805,6d8e32d102054531811ff5c8a625977c,2025-10-26T03:58:38Z,2,A psalm of 2pac,79ab1a9f9cab4a93ace85e2004634795
spotify:track:4eqNUKjFG6j7bdMunCgq3E,6d8e32d102054531811ff5c8a625977c,2025-10-26T03:58:38Z,0,Big Thief knows how to write a downer ,79ab1a9f9cab4a93ace85e2004634795
spotify:track:5Qnrgqy1pAm9GyNQOgyVFz,6d8e32d102054531811ff5c8a625977c,2025-10-26T03:58:38Z,1,Excellent,79ab1a9f9cab4a93ace85e2004634795
spotify:track:6jXPZid0KLorvgIDP6TiSo,6d8e32d102054531811ff5c8a625977c,2025-10-26T03:58:38Z,1,,79ab1a9f9cab4a93ace85e2004634795
spotify:track:6LKvzEJQTIm2RrWAMPwQH6,6d8e32d102054531811ff5c8a625977c,2025-10-26T03:58:38Z,-1,,79ab1a9f9cab4a93ace85e2004634795
