Spotify URI,Voter ID,Created,Points Assigned,Comment,Round ID
spotify:track:0kIpcu3DQacQObHVyra9Jx,c1b6888dec1e4113b65883ad590d3969,2026-04-14T14:56:17Z,1,,e174b9f8541442e1ba8f5133d9a97108
spotify:track:0MHXrqn909p0LRTPsNsGEi,c1b6888dec1e4113b65883ad590d3969,2026-04-14T14:56:17Z,1,,e174b9f8541442e1ba8f5133d9a97108
spotify:track:6R8ixKUNWLYrhXIHoT3Ukt,c1b6888dec1e4113b65883ad590d3969,2026-04-14T14:56:17Z,-1,,e174b9f8541442e1ba8f5133d9a97108
spotify:track:6siBxkNLOOP1gHxPsg7AG2,c1b6888dec1e4113b65883ad590d3969,2026-04-14T14:56:17Z,1,,e174b9f8541442e1ba8f5133d9a97108
spotify:track:74AGKeviSXmSHtRhgJLblx,c1b6888dec1e4113b65883ad590d3969,2026-04-14T14:56:17Z,1,,e174b9f8541442e1ba8f5133d9a97108
spotify:track:03ZVEpSeeJfROJW65OHgsf,f53f0969b04049b5ba39a303ebb3e987,2026-04-14T16:35:49Z,1,,e174b9f8541442e1ba8f5133d9a97108
spotify:track:0MHXrqn909p0LRTPsNsGEi,f53f0969b04049b5ba39a303ebb3e987,2026-04-14T16:35:49Z,1,,e174b9f8541442e1ba8f5133d9a97108
spotify:track:5IrtNw1BTSo4dbZ4ZO5bPx,f53f0969b04049b5ba39a303ebb3e987,2026-04-14T16:35:49Z,-1,"Party foul against ELO, this is the 2012 re-recording which is worse.",e174b9f8541442e1ba8f5133d9a97108
spotify:track:6siBxkNLOOP1gHxPsg7AG2,f53f0969b04049b5ba39a303ebb3e987,2026-04-14T16:35:49Z,1,,e174b9f8541442e1ba8f5133d9a97108
spotify:track:74AGKeviSXmSHtRhgJLblx,f53f0969b04049b5ba39a303ebb3e987,2026-04-14T16:35:49Z,1,,e174b9f8541442e1ba8f5133d9a97108
spotify:track:03ZVEpSeeJfROJW65OHgsf,0f4f7275b1234127a43771293d707c5c,2026-04-15T03:14:48Z,0,Unspecial to me ,e174b9f8541442e1ba8f5133d9a97108
spotify:track:0kIpcu3DQacQObHVyra9Jx,0f4f7275b1234127a43771293d707c5c,2026-04-15T03:14:48Z,1,I liked the vibe and it was new for me. The oldies here remind me of the guardians of the galaxy mixtapes.,e174b9f8541442e1ba8f5133d9a97108
spotify:track:0MHXrqn909p0LRTPsNsGEi,0f4f7275b1234127a43771293d707c5c,2026-04-15T03:14:48Z,0,I wasn’t feeling this for this round ,e174b9f8541442e1ba8f5133d9a97108
spotify:track:1XwAKjAZ1xDZOcuyZoqce4,0f4f7275b1234127a43771293d707c5c,2026-04-15T03:14:48Z,0,Basic but a banger; you know it is ,e174b9f8541442e1ba8f5133d9a97108
spotify:track:30ei4RrxOkNsKxw1CdUEjC,0f4f7275b1234127a43771293d707c5c,2026-04-15T03:14:48Z,0,It sounded like he was saying sacred heart haha if only ,e174b9f8541442e1ba8f5133d9a97108
spotify:track:4aQ8mFkZU6dmHaZOOKdscc,0f4f7275b1234127a43771293d707c5c,2026-04-15T03:14:48Z,1,I liked this too ,e174b9f8541442e1ba8f5133d9a97108
spotify:track:5IrtNw1BTSo4dbZ4ZO5bPx,0f4f7275b1234127a43771293d707c5c,2026-04-15T03:14:48Z,-1,Sorry I just dont like it enough for it to cancel out the more obvious pick it is ,e174b9f8541442e1ba8f5133d9a97108
spotify:track:6R8ixKUNWLYrhXIHoT3Ukt,0f4f7275b1234127a43771293d707c5c,2026-04-15T03:14:48Z,0,I’m ngl I dont understand this theme besides the space theme and moon theme but sure this is a nice piece ,e174b9f8541442e1ba8f5133d9a97108
spotify:track:6siBxkNLOOP1gHxPsg7AG2,0f4f7275b1234127a43771293d707c5c,2026-04-15T03:14:48Z,1,"Cute
I like the idea of a sweet song like this as you drift through the stars",e174b9f8541442e1ba8f5133d9a97108
spotify:track:72Z17vmmeQKAg8bptWvpVG,0f4f7275b1234127a43771293d707c5c,2026-04-15T03:14:48Z,1,I tried to submit this one and maybe it’s “obvious” but it’s one of the obvious ones that is also super good imo so it’ll get a vote from me ,e174b9f8541442e1ba8f5133d9a97108
spotify:track:74AGKeviSXmSHtRhgJLblx,0f4f7275b1234127a43771293d707c5c,2026-04-15T03:14:48Z,0,I like this too and I think it being last is a disadvantage but I ultimately liked a couple of other similar genre ones better. Not enough notes etc ,e174b9f8541442e1ba8f5133d9a97108
spotify:track:03ZVEpSeeJfROJW65OHgsf,80a489147c544db5a53c5cede65c4617,2026-04-16T13:05:15Z,1,This is a great “welcome back to Music League” song and I can picture it playing in space. ,e174b9f8541442e1ba8f5133d9a97108
spotify:track:0kIpcu3DQacQObHVyra9Jx,80a489147c544db5a53c5cede65c4617,2026-04-16T13:05:15Z,1,"A great example of why Queen is the greatest rock n roll band of all time. Beautiful, poignant, musically excellent. Best song about relativity",e174b9f8541442e1ba8f5133d9a97108
spotify:track:0MHXrqn909p0LRTPsNsGEi,80a489147c544db5a53c5cede65c4617,2026-04-16T13:05:15Z,0,Not a space vibe to me,e174b9f8541442e1ba8f5133d9a97108
spotify:track:1XwAKjAZ1xDZOcuyZoqce4,80a489147c544db5a53c5cede65c4617,2026-04-16T13:05:15Z,1,This would have tears floating around in the microgravity environment ,e174b9f8541442e1ba8f5133d9a97108
spotify:track:30ei4RrxOkNsKxw1CdUEjC,80a489147c544db5a53c5cede65c4617,2026-04-16T13:05:15Z,0,"I love this song (possibly my favorite ELO), but I think there are better ELO choices for this round here. Not hype enough",e174b9f8541442e1ba8f5133d9a97108
spotify:track:4aQ8mFkZU6dmHaZOOKdscc,80a489147c544db5a53c5cede65c4617,2026-04-16T13:05:15Z,0,I enjoyed this more than other Grateful Dead I’d heard,e174b9f8541442e1ba8f5133d9a97108
spotify:track:5IrtNw1BTSo4dbZ4ZO5bPx,80a489147c544db5a53c5cede65c4617,2026-04-16T13:05:15Z,1,"Senior launch engineer Sammy, lighting up an early morning cigarette in the Houston haze, turns the ignition on his 1969 Corvette droptop. As the small block roars to life and settles into a contented gurgle, he gazes up through his thick-rimmed glasses to the moon on the horizon, almost invisible as the sun begins its climb into the soft blue sky. It’s going to be quite a day. ",e174b9f8541442e1ba8f5133d9a97108
spotify:track:72Z17vmmeQKAg8bptWvpVG,80a489147c544db5a53c5cede65c4617,2026-04-16T13:05:15Z,-1,"This is way too obvious, and today I feel like punishing that. If this is Shea I’m sorry",e174b9f8541442e1ba8f5133d9a97108
spotify:track:74AGKeviSXmSHtRhgJLblx,80a489147c544db5a53c5cede65c4617,2026-04-16T13:05:15Z,0,"Nice enough, I just can’t picture this playing in the capsule ",e174b9f8541442e1ba8f5133d9a97108
spotify:track:0kIpcu3DQacQObHVyra9Jx,699c7b228f3b436880363c6d92c3976f,2026-04-16T14:35:09Z,1,Enjoyable ,e174b9f8541442e1ba8f5133d9a97108
spotify:track:0MHXrqn909p0LRTPsNsGEi,699c7b228f3b436880363c6d92c3976f,2026-04-16T14:35:09Z,2,The trumpets and drums are great,e174b9f8541442e1ba8f5133d9a97108
spotify:track:6R8ixKUNWLYrhXIHoT3Ukt,699c7b228f3b436880363c6d92c3976f,2026-04-16T14:35:09Z,1,Outside the box.,e174b9f8541442e1ba8f5133d9a97108
spotify:track:6siBxkNLOOP1gHxPsg7AG2,699c7b228f3b436880363c6d92c3976f,2026-04-16T14:35:09Z,-1,,e174b9f8541442e1ba8f5133d9a97108
spotify:track:72Z17vmmeQKAg8bptWvpVG,699c7b228f3b436880363c6d92c3976f,2026-04-16T14:35:09Z,0,"Fun song, but probably NOT what an astronaut wants to hear while going up into space",e174b9f8541442e1ba8f5133d9a97108
spotify:track:03ZVEpSeeJfROJW65OHgsf,fa6235d130204772808d133e528b8ad7,2026-04-17T05:32:12Z,1,"Of the three ELO submissions this one struck me the most—it has this futuristic, frenetic energy without necessarily being explicitly about space travel, and I feel like if I were an astronaut this would be a great hype song ",e174b9f8541442e1ba8f5133d9a97108
spotify:track:0kIpcu3DQacQObHVyra9Jx,fa6235d130204772808d133e528b8ad7,2026-04-17T05:32:12Z,1,Incredible pull for this category ,e174b9f8541442e1ba8f5133d9a97108
spotify:track:0MHXrqn909p0LRTPsNsGEi,fa6235d130204772808d133e528b8ad7,2026-04-17T05:32:12Z,0,"Real ones know that this song is sampled in Touch the Sky by Kanye West, which would also be a great pull for this category ",e174b9f8541442e1ba8f5133d9a97108
spotify:track:30ei4RrxOkNsKxw1CdUEjC,fa6235d130204772808d133e528b8ad7,2026-04-17T05:32:12Z,0,"Thought about submitting this one. The most obviously space-y lyrically, but musically it also has a space vibe. Then again I guess this round has shown that ELO’s musical style just is the quintessential space vibe. Narrowly beat out ",e174b9f8541442e1ba8f5133d9a97108
spotify:track:4aQ8mFkZU6dmHaZOOKdscc,fa6235d130204772808d133e528b8ad7,2026-04-17T05:32:12Z,1,I see the vision. 70s music just feels right for space. And the motif of still water/no wind blowing fits nicely too,e174b9f8541442e1ba8f5133d9a97108
spotify:track:5IrtNw1BTSo4dbZ4ZO5bPx,fa6235d130204772808d133e528b8ad7,2026-04-17T05:32:12Z,-1,Great song but it’s the most predictable of the ELO songs in this round (in part bc of the guardians of the galaxy association),e174b9f8541442e1ba8f5133d9a97108
spotify:track:6R8ixKUNWLYrhXIHoT3Ukt,fa6235d130204772808d133e528b8ad7,2026-04-17T05:32:12Z,1,I LOVE JOSHUA BELL,e174b9f8541442e1ba8f5133d9a97108
spotify:track:72Z17vmmeQKAg8bptWvpVG,fa6235d130204772808d133e528b8ad7,2026-04-17T05:32:12Z,0,It’s so good. I feel like it’s a bit too obvious a pick tho,e174b9f8541442e1ba8f5133d9a97108
spotify:track:74AGKeviSXmSHtRhgJLblx,fa6235d130204772808d133e528b8ad7,2026-04-17T05:32:12Z,0,This is for sure topical but musically it was just okay,e174b9f8541442e1ba8f5133d9a97108
spotify:track:03ZVEpSeeJfROJW65OHgsf,b3c43885f6ce4e8b861545158a22b7a2,2026-04-17T20:59:21Z,1,,e174b9f8541442e1ba8f5133d9a97108
spotify:track:30ei4RrxOkNsKxw1CdUEjC,b3c43885f6ce4e8b861545158a22b7a2,2026-04-17T20:59:21Z,1,,e174b9f8541442e1ba8f5133d9a97108
spotify:track:4aQ8mFkZU6dmHaZOOKdscc,b3c43885f6ce4e8b861545158a22b7a2,2026-04-17T20:59:21Z,1,,e174b9f8541442e1ba8f5133d9a97108
spotify:track:5IrtNw1BTSo4dbZ4ZO5bPx,b3c43885f6ce4e8b861545158a22b7a2,2026-04-17T20:59:21Z,1,,e174b9f8541442e1ba8f5133d9a97108
spotify:track:72Z17vmmeQKAg8bptWvpVG,b3c43885f6ce4e8b861545158a22b7a2,2026-04-17T20:59:21Z,-1,,e174b9f8541442e1ba8f5133d9a97108
spotify:track:03ZVEpSeeJfROJW65OHgsf,98739434088f411e9e1918725eedb295,2026-04-17T21:10:23Z,1,"Excellent, enjoyable, and cosmic pick.",e174b9f8541442e1ba8f5133d9a97108
spotify:track:30ei4RrxOkNsKxw1CdUEjC,98739434088f411e9e1918725eedb295,2026-04-17T21:10:23Z,1,I feel like ih ave to upvote every ELO song I hear in this one.,e174b9f8541442e1ba8f5133d9a97108
spotify:track:4aQ8mFkZU6dmHaZOOKdscc,98739434088f411e9e1918725eedb295,2026-04-17T21:10:23Z,-1,Don't really get what you were going for with this one.,e174b9f8541442e1ba8f5133d9a97108
spotify:track:5IrtNw1BTSo4dbZ4ZO5bPx,98739434088f411e9e1918725eedb295,2026-04-17T21:10:23Z,0,"Sorry, this ELO song doesn't quite work as a song to play ",e174b9f8541442e1ba8f5133d9a97108
spotify:track:6R8ixKUNWLYrhXIHoT3Ukt,98739434088f411e9e1918725eedb295,2026-04-17T21:10:23Z,1,"Beautiful.  This would also be a great submission for ""great songs to die in space to""",e174b9f8541442e1ba8f5133d9a97108
spotify:track:72Z17vmmeQKAg8bptWvpVG,98739434088f411e9e1918725eedb295,2026-04-17T21:10:23Z,0,I feel like this was the most obvious pick for this category.  I hope I'm not punished for being basic.,e174b9f8541442e1ba8f5133d9a97108
spotify:track:74AGKeviSXmSHtRhgJLblx,98739434088f411e9e1918725eedb295,2026-04-17T21:10:23Z,1,"i dug this one.  This is the sort of storytelling that should make it to space.

Musically, this was by far my favorite one on the list.",e174b9f8541442e1ba8f5133d9a97108
spotify:track:03ZVEpSeeJfROJW65OHgsf,fc418ffeadb64c3f8e93a25fb942984f,2026-04-18T01:27:54Z,1,,e174b9f8541442e1ba8f5133d9a97108
spotify:track:1XwAKjAZ1xDZOcuyZoqce4,fc418ffeadb64c3f8e93a25fb942984f,2026-04-18T01:27:54Z,1,,e174b9f8541442e1ba8f5133d9a97108
spotify:track:30ei4RrxOkNsKxw1CdUEjC,fc418ffeadb64c3f8e93a25fb942984f,2026-04-18T01:27:54Z,1,,e174b9f8541442e1ba8f5133d9a97108
spotify:track:72Z17vmmeQKAg8bptWvpVG,fc418ffeadb64c3f8e93a25fb942984f,2026-04-18T01:27:54Z,1,,e174b9f8541442e1ba8f5133d9a97108
spotify:track:74AGKeviSXmSHtRhgJLblx,fc418ffeadb64c3f8e93a25fb942984f,2026-04-18T01:27:54Z,-1,,e174b9f8541442e1ba8f5133d9a97108
spotify:track:03ZVEpSeeJfROJW65OHgsf,c8e8de6d21ac4bfba566bc0a8eeef629,2026-04-18T01:50:39Z,1,I’m ,e174b9f8541442e1ba8f5133d9a97108
spotify:track:30ei4RrxOkNsKxw1CdUEjC,c8e8de6d21ac4bfba566bc0a8eeef629,2026-04-18T01:50:39Z,1,,e174b9f8541442e1ba8f5133d9a97108
spotify:track:4aQ8mFkZU6dmHaZOOKdscc,c8e8de6d21ac4bfba566bc0a8eeef629,2026-04-18T01:50:39Z,-1,,e174b9f8541442e1ba8f5133d9a97108
spotify:track:72Z17vmmeQKAg8bptWvpVG,c8e8de6d21ac4bfba566bc0a8eeef629,2026-04-18T01:50:39Z,1,,e174b9f8541442e1ba8f5133d9a97108
spotify:track:74AGKeviSXmSHtRhgJLblx,c8e8de6d21ac4bfba566bc0a8eeef629,2026-04-18T01:50:39Z,1,,e174b9f8541442e1ba8f5133d9a97108
spotify:track:0kIpcu3DQacQObHVyra9Jx,6d8e32d102054531811ff5c8a625977c,2026-04-18T01:51:27Z,0,I really enjoyed this. Really like the Brian May vocals. Just not quite as resonant to me as some other submissions. ,e174b9f8541442e1ba8f5133d9a97108
spotify:track:0MHXrqn909p0LRTPsNsGEi,6d8e32d102054531811ff5c8a625977c,2026-04-18T01:51:27Z,1,This was awesome and clever.,e174b9f8541442e1ba8f5133d9a97108
spotify:track:1XwAKjAZ1xDZOcuyZoqce4,6d8e32d102054531811ff5c8a625977c,2026-04-18T01:51:27Z,1,This is a fun read of the category ,e174b9f8541442e1ba8f5133d9a97108
spotify:track:5IrtNw1BTSo4dbZ4ZO5bPx,6d8e32d102054531811ff5c8a625977c,2026-04-18T01:51:27Z,0,I can get the idea (literally saying hello again to the blue sky after returning to Earth) but this seems like simultaneously the least imaginative ELO submission and also the least lyrically fitting. ,e174b9f8541442e1ba8f5133d9a97108
spotify:track:6R8ixKUNWLYrhXIHoT3Ukt,6d8e32d102054531811ff5c8a625977c,2026-04-18T01:51:27Z,1,I can in fact literally imagine this being played as Artemis II careens past the far side of the moon. ,e174b9f8541442e1ba8f5133d9a97108
spotify:track:6siBxkNLOOP1gHxPsg7AG2,6d8e32d102054531811ff5c8a625977c,2026-04-18T01:51:27Z,-1,"I want to think The Oh Hellos are a more inventive take on stomp clap slop, but every song I’ve heard other than Rio Grande and Soldier Poet King leaves me underwhelmed. This song is also not really at all the vibe I was picking up for this category. ",e174b9f8541442e1ba8f5133d9a97108
spotify:track:72Z17vmmeQKAg8bptWvpVG,6d8e32d102054531811ff5c8a625977c,2026-04-18T01:51:27Z,0,"I cannot reward this as I think it is the most obvious possible pull for the category, and yet I am forbidden from downvoting, because this song is spectacular. Played it twice just out of reverence. Crazy he did this on only his second album. David Bowie one of the greatest to ever do it. ",e174b9f8541442e1ba8f5133d9a97108
spotify:track:74AGKeviSXmSHtRhgJLblx,6d8e32d102054531811ff5c8a625977c,2026-04-18T01:51:27Z,1,"Consummate Juddbait. I loved every part of this. Lyrically perfect, sort of mystical fit to the category as well. Perfect score, Dr. Roberts (I assume). ",e174b9f8541442e1ba8f5133d9a97108
spotify:track:13lZDbwonGhOflQLQIfdtZ,c1b6888dec1e4113b65883ad590d3969,2026-04-20T18:07:42Z,1,,56d5d38517ae447a9342282bf144d5e9
spotify:track:4RuBZPklpqvhNvNdCNy18V,c1b6888dec1e4113b65883ad590d3969,2026-04-20T18:07:42Z,1,,56d5d38517ae447a9342282bf144d5e9
spotify:track:4ZJ4vzLQekI0WntDbanNC7,c1b6888dec1e4113b65883ad590d3969,2026-04-20T18:07:42Z,1,,56d5d38517ae447a9342282bf144d5e9
spotify:track:6wMteA9GTPlNND35aLYQhR,c1b6888dec1e4113b65883ad590d3969,2026-04-20T18:07:42Z,-1,,56d5d38517ae447a9342282bf144d5e9
spotify:track:0Q9G8QtG7LnFYJM5hLWsSb,c1b6888dec1e4113b65883ad590d3969,2026-04-20T18:07:42Z,1,,56d5d38517ae447a9342282bf144d5e9
spotify:track:0hab8qaLuUBmVfzAdlBVAB,0f4f7275b1234127a43771293d707c5c,2026-04-20T21:59:02Z,0,Lyrically this is good; Franciscan and faith filled which is not particular to Shea but I can see this touching her and her liking the repetition at the end. Ultimately not strong enough in this lineup.,56d5d38517ae447a9342282bf144d5e9
spotify:track:0Q9G8QtG7LnFYJM5hLWsSb,0f4f7275b1234127a43771293d707c5c,2026-04-20T21:59:02Z,0,Moses vibes? Wasn't feeling this overall,56d5d38517ae447a9342282bf144d5e9
spotify:track:0sf0Vi0olLMimf5LOM3MlY,0f4f7275b1234127a43771293d707c5c,2026-04-20T21:59:02Z,0,Musically this is a cute one but idk if she would find the lyrics impressive enough with this competition,56d5d38517ae447a9342282bf144d5e9
spotify:track:13lZDbwonGhOflQLQIfdtZ,0f4f7275b1234127a43771293d707c5c,2026-04-20T21:59:02Z,-1,There are a couple I think she may have heard before but this seems like the one that is most commonly known and least likely to be her submission. And I find it the laziest submission for that reason (Darcy's Donkey was also on my chopping block I will say),56d5d38517ae447a9342282bf144d5e9
spotify:track:2cVyDnhf1EM41ePNSbYUsN,0f4f7275b1234127a43771293d707c5c,2026-04-20T21:59:02Z,1,"Can defs see her liking this and praying with it, especially the twist (it's not a race. you're free!). And I find it pleasant melodically. This is a more surface level/stereotypical Shea category but an intentional pick within that.",56d5d38517ae447a9342282bf144d5e9
spotify:track:30tWoAezcXois2TpvlN5Oj,0f4f7275b1234127a43771293d707c5c,2026-04-20T21:59:02Z,0,This is fun but I find it more like a song everyone in the chat would find fun and amusing vs Shea specifically,56d5d38517ae447a9342282bf144d5e9
spotify:track:4fOrKEy9VsIh6UKirnOhWn,0f4f7275b1234127a43771293d707c5c,2026-04-20T21:59:02Z,0,This is vocally a Lizzy lookalike or maybe Phoebe Bridgers. This song is cool and I am interested to hear what Shea thinks,56d5d38517ae447a9342282bf144d5e9
spotify:track:4Ih9oMwkJlPfHQsJVnpn0Y,0f4f7275b1234127a43771293d707c5c,2026-04-20T21:59:02Z,2,"Assuming she doesn't already know this, this is both musically and lyrically perf. (Shea is this u??)",56d5d38517ae447a9342282bf144d5e9
spotify:track:4jAmxujHkxjywXL1SKnLcl,0f4f7275b1234127a43771293d707c5c,2026-04-20T21:59:02Z,0,"Not hitting me as a Shea vibe enough for a vote, but I like the voice and instrumental. I think I will check this guy out!",56d5d38517ae447a9342282bf144d5e9
spotify:track:4RuBZPklpqvhNvNdCNy18V,0f4f7275b1234127a43771293d707c5c,2026-04-20T21:59:02Z,0,This is cool but it isn't strong enough in this batch,56d5d38517ae447a9342282bf144d5e9
spotify:track:4ZJ4vzLQekI0WntDbanNC7,0f4f7275b1234127a43771293d707c5c,2026-04-20T21:59:02Z,0,"I think she probably already knows this but I do think this is a good ZB pick for Shea. I don't think it's her submission though. I think ZB is adjacent of ""Shea would love"" territory.",56d5d38517ae447a9342282bf144d5e9
spotify:track:6IyU2LIPfopCfbWewM2UdO,0f4f7275b1234127a43771293d707c5c,2026-04-20T21:59:02Z,0,"idk if y'all knew of Shea's love for NY. She also likes S&G. This live version is so special.

Also I just have to say, my aunt Lorraine was at this concert (possibly also my Uncle Henry and Aunt Rosemary).",56d5d38517ae447a9342282bf144d5e9
spotify:track:6wMteA9GTPlNND35aLYQhR,0f4f7275b1234127a43771293d707c5c,2026-04-20T21:59:02Z,1,"Shea and I were both praying and talking about fragrance during Holy Week <3

She may know this or this may be her? Or maybe neither. But I think she would like this.",56d5d38517ae447a9342282bf144d5e9
spotify:track:0Q9G8QtG7LnFYJM5hLWsSb,f53f0969b04049b5ba39a303ebb3e987,2026-04-20T22:25:44Z,3,"This got me at 6:15AM on the way to work--why would you do this to me, Peter? This is such a good album, Alison Krauss is one of the best to ever do it.",56d5d38517ae447a9342282bf144d5e9
spotify:track:0hab8qaLuUBmVfzAdlBVAB,f53f0969b04049b5ba39a303ebb3e987,2026-04-20T22:25:44Z,1,"Man I really loved this one. Of the explicitly religious songs, this is the best
",56d5d38517ae447a9342282bf144d5e9
spotify:track:0sf0Vi0olLMimf5LOM3MlY,f53f0969b04049b5ba39a303ebb3e987,2026-04-20T22:25:44Z,0,"Get a new artist besides the same 5 mid string bands you post, Alex ",56d5d38517ae447a9342282bf144d5e9
spotify:track:13lZDbwonGhOflQLQIfdtZ,f53f0969b04049b5ba39a303ebb3e987,2026-04-20T22:25:44Z,0,"Shea strikes me as a Napoleon Dynamite enjoyer, Eddie, so she's probably heard this before.",56d5d38517ae447a9342282bf144d5e9
spotify:track:2cVyDnhf1EM41ePNSbYUsN,f53f0969b04049b5ba39a303ebb3e987,2026-04-20T22:25:44Z,0,"Sorry, Fiona, not gonna cut it. Ironic: you have longed for this round more than most, yet you post dreck in main. Do better.",56d5d38517ae447a9342282bf144d5e9
spotify:track:6wMteA9GTPlNND35aLYQhR,f53f0969b04049b5ba39a303ebb3e987,2026-04-20T22:25:44Z,-1,,56d5d38517ae447a9342282bf144d5e9
spotify:track:0Q9G8QtG7LnFYJM5hLWsSb,80a489147c544db5a53c5cede65c4617,2026-04-22T17:34:27Z,1,This is heartbreaking and gorgeous. Definitely teared up. I really hope Shea likes this. ,56d5d38517ae447a9342282bf144d5e9
spotify:track:0sf0Vi0olLMimf5LOM3MlY,80a489147c544db5a53c5cede65c4617,2026-04-22T17:34:27Z,0,Cute,56d5d38517ae447a9342282bf144d5e9
spotify:track:13lZDbwonGhOflQLQIfdtZ,80a489147c544db5a53c5cede65c4617,2026-04-22T17:34:27Z,-1,Sorry I just don’t like this at all. Perhaps I’m getting too tripped up on my own tastes,56d5d38517ae447a9342282bf144d5e9
spotify:track:2cVyDnhf1EM41ePNSbYUsN,80a489147c544db5a53c5cede65c4617,2026-04-22T17:34:27Z,1,This kind of music is not for me. But I have a feeling Shea would like. ,56d5d38517ae447a9342282bf144d5e9
spotify:track:30tWoAezcXois2TpvlN5Oj,80a489147c544db5a53c5cede65c4617,2026-04-22T17:34:27Z,0,I don’t think of Shea’s music as overly Irish,56d5d38517ae447a9342282bf144d5e9
spotify:track:4fOrKEy9VsIh6UKirnOhWn,80a489147c544db5a53c5cede65c4617,2026-04-22T17:34:27Z,0,Surprisingly heavy! Sick,56d5d38517ae447a9342282bf144d5e9
spotify:track:4Ih9oMwkJlPfHQsJVnpn0Y,80a489147c544db5a53c5cede65c4617,2026-04-22T17:34:27Z,1,"Thanks Brad, this was great",56d5d38517ae447a9342282bf144d5e9
spotify:track:4jAmxujHkxjywXL1SKnLcl,80a489147c544db5a53c5cede65c4617,2026-04-22T17:34:27Z,0,I enjoyed this!,56d5d38517ae447a9342282bf144d5e9
spotify:track:4ZJ4vzLQekI0WntDbanNC7,80a489147c544db5a53c5cede65c4617,2026-04-22T17:34:27Z,1,"The other tearjerker on here. No idea if Shea likes country, but this works for me",56d5d38517ae447a9342282bf144d5e9
spotify:track:6wMteA9GTPlNND35aLYQhR,80a489147c544db5a53c5cede65c4617,2026-04-22T17:34:27Z,0,Other P&W here seems more Shea specific to me,56d5d38517ae447a9342282bf144d5e9
spotify:track:0sf0Vi0olLMimf5LOM3MlY,fa6235d130204772808d133e528b8ad7,2026-04-23T04:59:17Z,1,Alexcore but perhaps at the intersection of Sheacore and Alexcore,56d5d38517ae447a9342282bf144d5e9
spotify:track:30tWoAezcXois2TpvlN5Oj,fa6235d130204772808d133e528b8ad7,2026-04-23T04:59:17Z,1,10/10 would listen to this at an Irish pub with Shea ,56d5d38517ae447a9342282bf144d5e9
spotify:track:4Ih9oMwkJlPfHQsJVnpn0Y,fa6235d130204772808d133e528b8ad7,2026-04-23T04:59:17Z,0,Combo of vaguely spiritual lyrics and indie folk pop vibes—feels almost too on the nose so it didn’t make my podium though I considered it,56d5d38517ae447a9342282bf144d5e9
spotify:track:4jAmxujHkxjywXL1SKnLcl,fa6235d130204772808d133e528b8ad7,2026-04-23T04:59:17Z,0,This was pleasant,56d5d38517ae447a9342282bf144d5e9
spotify:track:4ZJ4vzLQekI0WntDbanNC7,fa6235d130204772808d133e528b8ad7,2026-04-23T04:59:17Z,1,"I liked this, and more importantly I’d imagine Shea would, musically and lyrically   (and I’m not just saying that bc I also submitted a song about a family member dying)",56d5d38517ae447a9342282bf144d5e9
spotify:track:6IyU2LIPfopCfbWewM2UdO,fa6235d130204772808d133e528b8ad7,2026-04-23T04:59:17Z,1,"Trying not to let myself be unduly swayed by the comment, but I do see the vision here ",56d5d38517ae447a9342282bf144d5e9
spotify:track:0hab8qaLuUBmVfzAdlBVAB,fa6235d130204772808d133e528b8ad7,2026-04-23T04:59:17Z,0,Notwithstanding the fact that I myself have submitted a song by this artist—I just did not like this very much. But maybe Shea will?,56d5d38517ae447a9342282bf144d5e9
spotify:track:13lZDbwonGhOflQLQIfdtZ,fa6235d130204772808d133e528b8ad7,2026-04-23T04:59:17Z,-1,There’s no way she doesn’t know this one,56d5d38517ae447a9342282bf144d5e9
spotify:track:6IyU2LIPfopCfbWewM2UdO,b3c43885f6ce4e8b861545158a22b7a2,2026-04-23T15:21:54Z,0,"HAHA, I love this. I love NY (the land of milk and honey IRL) and Simon and Garfunkel are my faves so the live version was 100/10. Stellar submission.",56d5d38517ae447a9342282bf144d5e9
spotify:track:0hab8qaLuUBmVfzAdlBVAB,b3c43885f6ce4e8b861545158a22b7a2,2026-04-23T15:21:54Z,1,"This is SO fun and I love a St. Francis reference. I especially loved the bridge (""You're everything,"" yes yes)!!! Brother Moon is IN this summer... you all heard it here first.",56d5d38517ae447a9342282bf144d5e9
spotify:track:0Q9G8QtG7LnFYJM5hLWsSb,b3c43885f6ce4e8b861545158a22b7a2,2026-04-23T15:21:54Z,-1,"The lyrics to this are beautiful! I really appreciate a Moses reference... poses the question why we don't have more songs about various moments in the Pentateuch?! ...

The whole spiritual maternity theme, entrustment to the Heart of God... I think this gets to my spirituality/ministerial dream best of everything on the list. I feel so seen; thank you!!

I've long been trepidatious about this round because I don't want to have to downvote anything!!! In the end, only downvoting this because of its sound not being my most fave. But please don't perceive it as a dislike of the song in the slightest; I'm so grateful you submitted it and so excited to pray more with it!!!",56d5d38517ae447a9342282bf144d5e9
spotify:track:0sf0Vi0olLMimf5LOM3MlY,b3c43885f6ce4e8b861545158a22b7a2,2026-04-23T15:21:54Z,1,Oh yeah... this is the stuff. Vibed the whole way through. Great pull!!!,56d5d38517ae447a9342282bf144d5e9
spotify:track:13lZDbwonGhOflQLQIfdtZ,b3c43885f6ce4e8b861545158a22b7a2,2026-04-23T15:21:54Z,0,"Cry!! This song is very tender. Evidences the beauty of friendship and makes me think of all of you and countless others with great gratitude. ""Great is my inheritance"" remains the prayer of my life!",56d5d38517ae447a9342282bf144d5e9
spotify:track:2cVyDnhf1EM41ePNSbYUsN,b3c43885f6ce4e8b861545158a22b7a2,2026-04-23T15:21:54Z,0,"OH wow, so beautiful! There's no fear in love! Need to pray more with these lyrics immediately!!! So grateful you submitted this!",56d5d38517ae447a9342282bf144d5e9
spotify:track:30tWoAezcXois2TpvlN5Oj,b3c43885f6ce4e8b861545158a22b7a2,2026-04-23T15:21:54Z,0,"Thank you for submitting this - there's no way you would have known this, but my beloved Irish grandma passed away in January and this song is 1000% her vibe. Brings me right back to the St. Patrick's Day parties of my youth... literally the best day of the whole year. Adding to my March 17th playlist for next year hehe.",56d5d38517ae447a9342282bf144d5e9
spotify:track:4fOrKEy9VsIh6UKirnOhWn,b3c43885f6ce4e8b861545158a22b7a2,2026-04-23T15:21:54Z,0,"This felt like a really cool mix of Gracie Abrams/Lizzy McAlpine/Olivia Rodrigo... my melancholic side vibed!!! Additionally, I'm OBSESSED with Abby's vibe (I wasn't familiar with her until listening to this song, but can confirm have done a deep dive of her Instagram now hahaha)",56d5d38517ae447a9342282bf144d5e9
spotify:track:4Ih9oMwkJlPfHQsJVnpn0Y,b3c43885f6ce4e8b861545158a22b7a2,2026-04-23T15:21:54Z,0,"Lyrics, vibe, even the album cover art... all of it felt immensely right. I wish I had more votes!!! ",56d5d38517ae447a9342282bf144d5e9
spotify:track:4jAmxujHkxjywXL1SKnLcl,b3c43885f6ce4e8b861545158a22b7a2,2026-04-23T15:21:54Z,0,"I really enjoyed this, most especially the softness of the sound and slight country twang! Adding to my playlists immediately!",56d5d38517ae447a9342282bf144d5e9
spotify:track:4RuBZPklpqvhNvNdCNy18V,b3c43885f6ce4e8b861545158a22b7a2,2026-04-23T15:21:54Z,1,"This one had me dancing all the way through... it feels like the opening song of a really good, feel-good movie. Adding to all my playlists!! ",56d5d38517ae447a9342282bf144d5e9
spotify:track:4ZJ4vzLQekI0WntDbanNC7,b3c43885f6ce4e8b861545158a22b7a2,2026-04-23T15:21:54Z,1,The only song I'd heard before and I think the one that mastered my sound best. This song gets me dancing no matter what and would honestly probably be the soundtrack for the montage of my junior year at Benedictine 🥹 very good mems!,56d5d38517ae447a9342282bf144d5e9
spotify:track:0Q9G8QtG7LnFYJM5hLWsSb,fc418ffeadb64c3f8e93a25fb942984f,2026-04-23T17:11:27Z,-1,,56d5d38517ae447a9342282bf144d5e9
spotify:track:4Ih9oMwkJlPfHQsJVnpn0Y,fc418ffeadb64c3f8e93a25fb942984f,2026-04-23T17:11:27Z,1,,56d5d38517ae447a9342282bf144d5e9
spotify:track:4RuBZPklpqvhNvNdCNy18V,fc418ffeadb64c3f8e93a25fb942984f,2026-04-23T17:11:27Z,1,,56d5d38517ae447a9342282bf144d5e9
spotify:track:4ZJ4vzLQekI0WntDbanNC7,fc418ffeadb64c3f8e93a25fb942984f,2026-04-23T17:11:27Z,1,,56d5d38517ae447a9342282bf144d5e9
spotify:track:6IyU2LIPfopCfbWewM2UdO,fc418ffeadb64c3f8e93a25fb942984f,2026-04-23T17:11:27Z,1,,56d5d38517ae447a9342282bf144d5e9
spotify:track:0hab8qaLuUBmVfzAdlBVAB,699c7b228f3b436880363c6d92c3976f,2026-04-23T20:59:48Z,1,Musically interesting.,56d5d38517ae447a9342282bf144d5e9
spotify:track:13lZDbwonGhOflQLQIfdtZ,699c7b228f3b436880363c6d92c3976f,2026-04-23T20:59:48Z,2,,56d5d38517ae447a9342282bf144d5e9
spotify:track:2cVyDnhf1EM41ePNSbYUsN,699c7b228f3b436880363c6d92c3976f,2026-04-23T20:59:48Z,1,I don't like the style but the singers voice is actually quite good.,56d5d38517ae447a9342282bf144d5e9
spotify:track:4fOrKEy9VsIh6UKirnOhWn,699c7b228f3b436880363c6d92c3976f,2026-04-23T20:59:48Z,-1,I'm not ok either,56d5d38517ae447a9342282bf144d5e9
spotify:track:4jAmxujHkxjywXL1SKnLcl,699c7b228f3b436880363c6d92c3976f,2026-04-23T20:59:48Z,0,Mmagurpyh mmmfllyh phma hmmm???🤬🤬🤬🤬,56d5d38517ae447a9342282bf144d5e9
spotify:track:13lZDbwonGhOflQLQIfdtZ,6d8e32d102054531811ff5c8a625977c,2026-04-23T22:44:21Z,-1,"I can’t imagine that Shea has never heard this song before, and it also seems extremely generic ",56d5d38517ae447a9342282bf144d5e9
spotify:track:4fOrKEy9VsIh6UKirnOhWn,6d8e32d102054531811ff5c8a625977c,2026-04-23T22:44:21Z,1,,56d5d38517ae447a9342282bf144d5e9
spotify:track:4Ih9oMwkJlPfHQsJVnpn0Y,6d8e32d102054531811ff5c8a625977c,2026-04-23T22:44:21Z,1,,56d5d38517ae447a9342282bf144d5e9
spotify:track:4jAmxujHkxjywXL1SKnLcl,6d8e32d102054531811ff5c8a625977c,2026-04-23T22:44:21Z,1,Apparently the popular interpretation of Sheacore is “agonizingly nostalgic”,56d5d38517ae447a9342282bf144d5e9
spotify:track:4ZJ4vzLQekI0WntDbanNC7,6d8e32d102054531811ff5c8a625977c,2026-04-23T22:44:21Z,0,"My favorite of this list by far, and I think Shea would probably dig",56d5d38517ae447a9342282bf144d5e9
spotify:track:6IyU2LIPfopCfbWewM2UdO,6d8e32d102054531811ff5c8a625977c,2026-04-23T22:44:21Z,1,Props for outside the box interpretation ,56d5d38517ae447a9342282bf144d5e9
spotify:track:6wMteA9GTPlNND35aLYQhR,6d8e32d102054531811ff5c8a625977c,2026-04-23T22:44:21Z,0,Overtly religious feels like too easy for this round and I also immensely disliked this for some reason,56d5d38517ae447a9342282bf144d5e9
spotify:track:0hab8qaLuUBmVfzAdlBVAB,9800e906592547f4ab0717aa56097b49,2026-04-24T00:51:42Z,0,I know this makes me a bad person but this is a bit too earnest for me ,56d5d38517ae447a9342282bf144d5e9
spotify:track:0Q9G8QtG7LnFYJM5hLWsSb,9800e906592547f4ab0717aa56097b49,2026-04-24T00:51:42Z,0,Pleasant,56d5d38517ae447a9342282bf144d5e9
spotify:track:0sf0Vi0olLMimf5LOM3MlY,9800e906592547f4ab0717aa56097b49,2026-04-24T00:51:42Z,1,Alex is the only one who understands Shea-core. This is spiritually aligned with Astrovan and prior Shea bangers. ,56d5d38517ae447a9342282bf144d5e9
spotify:track:2cVyDnhf1EM41ePNSbYUsN,9800e906592547f4ab0717aa56097b49,2026-04-24T00:51:42Z,0,FOCUS….album? 🤨,56d5d38517ae447a9342282bf144d5e9
spotify:track:30tWoAezcXois2TpvlN5Oj,9800e906592547f4ab0717aa56097b49,2026-04-24T00:51:42Z,0,Fun but not in the top ,56d5d38517ae447a9342282bf144d5e9
spotify:track:4fOrKEy9VsIh6UKirnOhWn,9800e906592547f4ab0717aa56097b49,2026-04-24T00:51:42Z,1,I like it. I imagine Shea will like it. Can’t exactly explain why. ,56d5d38517ae447a9342282bf144d5e9
spotify:track:4Ih9oMwkJlPfHQsJVnpn0Y,9800e906592547f4ab0717aa56097b49,2026-04-24T00:51:42Z,1,The Arcadian Wild are quintessential Shea music to me. ,56d5d38517ae447a9342282bf144d5e9
spotify:track:4jAmxujHkxjywXL1SKnLcl,9800e906592547f4ab0717aa56097b49,2026-04-24T00:51:42Z,0,"Idk on this one. Not doubting it necessarily, literally IDK ",56d5d38517ae447a9342282bf144d5e9
spotify:track:4RuBZPklpqvhNvNdCNy18V,9800e906592547f4ab0717aa56097b49,2026-04-24T00:51:42Z,0,Absolute Juddslop (positive) ,56d5d38517ae447a9342282bf144d5e9
spotify:track:4ZJ4vzLQekI0WntDbanNC7,9800e906592547f4ab0717aa56097b49,2026-04-24T00:51:42Z,1,"Every time I hear Zach Bryan, I realize more that he’s actually a real artist. 
I feel like Shea would love this, can’t confirm, but I feel it. ",56d5d38517ae447a9342282bf144d5e9
spotify:track:6IyU2LIPfopCfbWewM2UdO,9800e906592547f4ab0717aa56097b49,2026-04-24T00:51:42Z,0,Beautiful. Maybe my number five.,56d5d38517ae447a9342282bf144d5e9
spotify:track:6wMteA9GTPlNND35aLYQhR,9800e906592547f4ab0717aa56097b49,2026-04-24T00:51:42Z,-1,"Uninspired, sorry",56d5d38517ae447a9342282bf144d5e9
spotify:track:13lZDbwonGhOflQLQIfdtZ,c8e8de6d21ac4bfba566bc0a8eeef629,2026-04-24T01:02:22Z,2,,56d5d38517ae447a9342282bf144d5e9
spotify:track:4ZJ4vzLQekI0WntDbanNC7,c8e8de6d21ac4bfba566bc0a8eeef629,2026-04-24T01:02:22Z,-1,,56d5d38517ae447a9342282bf144d5e9
spotify:track:6IyU2LIPfopCfbWewM2UdO,c8e8de6d21ac4bfba566bc0a8eeef629,2026-04-24T01:02:22Z,2,,56d5d38517ae447a9342282bf144d5e9
spotify:track:0p9iW5SZgKuxF2Tnodh316,0f4f7275b1234127a43771293d707c5c,2026-04-27T04:48:58Z,0,I hope we all understood what I had in mind here ,7b317f8281c441338e3eeb9ec37e6c75
spotify:track:1gilgPrTkkZTp09Xf8zCmK,0f4f7275b1234127a43771293d707c5c,2026-04-27T04:48:58Z,1,"Lowkey was prepared to roll my eyes and I think it could be stronger but as far as accidental goes, which is the round lol, I think this is great. The dark night of the soul vibes and trusting (you could also say the little way is doing the next right thing).
It also captures a vulnerable feminine feeling well haha.",7b317f8281c441338e3eeb9ec37e6c75
spotify:track:26qqum4dzbrGGUC5B3Co3D,0f4f7275b1234127a43771293d707c5c,2026-04-27T04:48:58Z,0,This had some good moments like “I’ll gather flowers for your crown” but I have to be selective and as you know the heaviness isn’t going to be a pro for me.,7b317f8281c441338e3eeb9ec37e6c75
spotify:track:3kM9vz9nx8YwZvHcWxIDn8,0f4f7275b1234127a43771293d707c5c,2026-04-27T04:48:58Z,0,"This is a bit too general for me as in “love songs from Jesus” and not specifically Thérèse but I find it pleasant and the wildflower part is cute and theme appropriate, as is the “I’m Yours” for a consecrated soul.",7b317f8281c441338e3eeb9ec37e6c75
spotify:track:3tMW1Zbt9Z6cnEBO0HSZ5t,0f4f7275b1234127a43771293d707c5c,2026-04-27T04:48:58Z,0,"This is accidentally 1st letter to the Corinthians 

and I get that for Thérèse, Love is the schema… but I am looking for something more clever",7b317f8281c441338e3eeb9ec37e6c75
spotify:track:4Mfy9zGQKnoLWSKrPuR0RG,0f4f7275b1234127a43771293d707c5c,2026-04-27T04:48:58Z,1,"Like it or not, the sound matters a lot to me; it’s the packaging. And this was appealing. But lyrically even without the sound it’s one of the stronger ones. To me, this captures both the entering of Carmel and the misunderstanding from other sisters and the passion in her soul during her religious life.",7b317f8281c441338e3eeb9ec37e6c75
spotify:track:51EMSRpNm9Rg5rGViVCczv,0f4f7275b1234127a43771293d707c5c,2026-04-27T04:48:58Z,0,I know you probably have some deep reason for submitting this and it’s hard when you put a lot of thought into your submission and people listen a time or 2 and judge it. This was better than some but still not particular enough imo. Also during listening to this I realized finding a French song would have been cute. I might try to find some for fun. This has the soft feminine sound but just not quite it to me Judd.,7b317f8281c441338e3eeb9ec37e6c75
spotify:track:5H6Jp0syB5yEPk7SWYdlmk,0f4f7275b1234127a43771293d707c5c,2026-04-27T04:48:58Z,0,Really didn’t see the vision but I want to express that I respect you and am sure you had your reasons that I would see as well if explained (that goes for everyone. This round is special to me like it felt more personal with the songs I was considering so I don’t want to be too aggressive) That being said this is my second downvote although musically I dont hate it.,7b317f8281c441338e3eeb9ec37e6c75
spotify:track:5LfwmwDBcq71mGqKQQO8gG,0f4f7275b1234127a43771293d707c5c,2026-04-27T04:48:58Z,-1,"The album art reminds me of Coroline (derogatory)
I didn’t like it musically and I thought the lyrics weren’t strong enough.",7b317f8281c441338e3eeb9ec37e6c75
spotify:track:6bRT1zoCrrdimCPlAXqi42,0f4f7275b1234127a43771293d707c5c,2026-04-27T04:48:58Z,1,"This is a great submission and Fiona bait (I notoriously buy people the theresian book of the same title but it’s because it changed my life!)
This should win; mad I didn’t think of it since it has been in my rotation for years!",7b317f8281c441338e3eeb9ec37e6c75
spotify:track:6FNdzxV9g4NaINrejBTPUi,0f4f7275b1234127a43771293d707c5c,2026-04-27T04:48:58Z,0,This is more Augustine to me than Thérèse but I like the song; it’s groovy,7b317f8281c441338e3eeb9ec37e6c75
spotify:track:6g5S8cqVd56JURgCAuf1Hd,0f4f7275b1234127a43771293d707c5c,2026-04-27T04:48:58Z,1,"This is cool and I think I see a bit of the vision but would love you to explain!
My read was that in a deep sense, Therese is “not like other girls” in the sense that she sort of discovered the simplicity of the way of merciful love. She “dresses differently” you could almost say.",7b317f8281c441338e3eeb9ec37e6c75
spotify:track:0p9iW5SZgKuxF2Tnodh316,f53f0969b04049b5ba39a303ebb3e987,2026-04-27T12:35:08Z,-1,,7b317f8281c441338e3eeb9ec37e6c75
spotify:track:1gilgPrTkkZTp09Xf8zCmK,f53f0969b04049b5ba39a303ebb3e987,2026-04-27T12:35:08Z,1,,7b317f8281c441338e3eeb9ec37e6c75
spotify:track:3tMW1Zbt9Z6cnEBO0HSZ5t,f53f0969b04049b5ba39a303ebb3e987,2026-04-27T12:35:08Z,1,,7b317f8281c441338e3eeb9ec37e6c75
spotify:track:5H6Jp0syB5yEPk7SWYdlmk,f53f0969b04049b5ba39a303ebb3e987,2026-04-27T12:35:08Z,1,,7b317f8281c441338e3eeb9ec37e6c75
spotify:track:6FNdzxV9g4NaINrejBTPUi,f53f0969b04049b5ba39a303ebb3e987,2026-04-27T12:35:08Z,1,,7b317f8281c441338e3eeb9ec37e6c75
spotify:track:1gilgPrTkkZTp09Xf8zCmK,c1b6888dec1e4113b65883ad590d3969,2026-04-27T23:53:35Z,-1,,7b317f8281c441338e3eeb9ec37e6c75
spotify:track:3kM9vz9nx8YwZvHcWxIDn8,c1b6888dec1e4113b65883ad590d3969,2026-04-27T23:53:35Z,1,,7b317f8281c441338e3eeb9ec37e6c75
spotify:track:3tMW1Zbt9Z6cnEBO0HSZ5t,c1b6888dec1e4113b65883ad590d3969,2026-04-27T23:53:35Z,1,,7b317f8281c441338e3eeb9ec37e6c75
spotify:track:4Mfy9zGQKnoLWSKrPuR0RG,c1b6888dec1e4113b65883ad590d3969,2026-04-27T23:53:35Z,1,,7b317f8281c441338e3eeb9ec37e6c75
spotify:track:6bRT1zoCrrdimCPlAXqi42,c1b6888dec1e4113b65883ad590d3969,2026-04-27T23:53:35Z,1,,7b317f8281c441338e3eeb9ec37e6c75
spotify:track:0p9iW5SZgKuxF2Tnodh316,80a489147c544db5a53c5cede65c4617,2026-04-28T21:02:12Z,2,Cute and interesting read that is actually Therese-specific. A song of such innocent yearning could never be written today and that’s a shame. ,7b317f8281c441338e3eeb9ec37e6c75
spotify:track:1gilgPrTkkZTp09Xf8zCmK,80a489147c544db5a53c5cede65c4617,2026-04-28T21:02:12Z,0,Not seeing the Therese-specific connection. Musically utterly lacking,7b317f8281c441338e3eeb9ec37e6c75
spotify:track:3kM9vz9nx8YwZvHcWxIDn8,80a489147c544db5a53c5cede65c4617,2026-04-28T21:02:12Z,0,A voice like Josh Garrels with vocal damage. Also no specific connection to Therese,7b317f8281c441338e3eeb9ec37e6c75
spotify:track:3tMW1Zbt9Z6cnEBO0HSZ5t,80a489147c544db5a53c5cede65c4617,2026-04-28T21:02:12Z,0,Not feeling the vibe,7b317f8281c441338e3eeb9ec37e6c75
spotify:track:4Mfy9zGQKnoLWSKrPuR0RG,80a489147c544db5a53c5cede65c4617,2026-04-28T21:02:12Z,1,"Haunting and beautiful. I don’t know how specifically Theresian this is vs. being a general saintly thing, but this is good",7b317f8281c441338e3eeb9ec37e6c75
spotify:track:51EMSRpNm9Rg5rGViVCczv,80a489147c544db5a53c5cede65c4617,2026-04-28T21:02:12Z,0,I fail to see the connection,7b317f8281c441338e3eeb9ec37e6c75
spotify:track:5H6Jp0syB5yEPk7SWYdlmk,80a489147c544db5a53c5cede65c4617,2026-04-28T21:02:12Z,-1,"With the notable exception of The Beatles, 60s rock is mostly unmelodic, unlistenable musical slop. This also has nothing to do with Therese",7b317f8281c441338e3eeb9ec37e6c75
spotify:track:5LfwmwDBcq71mGqKQQO8gG,80a489147c544db5a53c5cede65c4617,2026-04-28T21:02:12Z,0,The whats?,7b317f8281c441338e3eeb9ec37e6c75
spotify:track:6bRT1zoCrrdimCPlAXqi42,80a489147c544db5a53c5cede65c4617,2026-04-28T21:02:12Z,1,This is absolutely gorgeous musically. Close enough thematically though not very specific,7b317f8281c441338e3eeb9ec37e6c75
spotify:track:6FNdzxV9g4NaINrejBTPUi,80a489147c544db5a53c5cede65c4617,2026-04-28T21:02:12Z,0,Not translating,7b317f8281c441338e3eeb9ec37e6c75
spotify:track:6g5S8cqVd56JURgCAuf1Hd,80a489147c544db5a53c5cede65c4617,2026-04-28T21:02:12Z,0,"Musically, this is absolutely exquisite. Not seeing any Therese connection",7b317f8281c441338e3eeb9ec37e6c75
spotify:track:26qqum4dzbrGGUC5B3Co3D,699c7b228f3b436880363c6d92c3976f,2026-04-29T14:54:06Z,1,"Thank you for keeping things interesting, Joseph ",7b317f8281c441338e3eeb9ec37e6c75
spotify:track:3kM9vz9nx8YwZvHcWxIDn8,699c7b228f3b436880363c6d92c3976f,2026-04-29T14:54:06Z,-1,,7b317f8281c441338e3eeb9ec37e6c75
spotify:track:6bRT1zoCrrdimCPlAXqi42,699c7b228f3b436880363c6d92c3976f,2026-04-29T14:54:06Z,3,"The Reconstructed Chicks come in clutch. Anyway, wonderfully sung and seems like it matches the category. Only one which really stood out (except for  Joseph's)",7b317f8281c441338e3eeb9ec37e6c75
spotify:track:0p9iW5SZgKuxF2Tnodh316,fa6235d130204772808d133e528b8ad7,2026-04-29T17:34:12Z,1,"I was not brave enough to submit something that referenced a more niche biographical detail, but I will reward Fiona for doing so (respectfully, however, I feel like I would’ve preferred beach boys)",7b317f8281c441338e3eeb9ec37e6c75
spotify:track:1gilgPrTkkZTp09Xf8zCmK,fa6235d130204772808d133e528b8ad7,2026-04-29T17:34:12Z,1,"Confession: I never actually saw Frozen 2. But this is another specifically biographical pull, which I respect ",7b317f8281c441338e3eeb9ec37e6c75
spotify:track:26qqum4dzbrGGUC5B3Co3D,fa6235d130204772808d133e528b8ad7,2026-04-29T17:34:12Z,0,I kinda sorta see the vision?,7b317f8281c441338e3eeb9ec37e6c75
spotify:track:3kM9vz9nx8YwZvHcWxIDn8,fa6235d130204772808d133e528b8ad7,2026-04-29T17:34:12Z,1,Flowers mentioned (also I feel like this does capture something of the tenderness and even whimsy of her relationship with Jesus),7b317f8281c441338e3eeb9ec37e6c75
spotify:track:4Mfy9zGQKnoLWSKrPuR0RG,fa6235d130204772808d133e528b8ad7,2026-04-29T17:34:12Z,0,I really like this. I do feel a little bit like this is “accidentally [insert saint who loves Jesus a lot]” more than it is specifically Therese coded.,7b317f8281c441338e3eeb9ec37e6c75
spotify:track:51EMSRpNm9Rg5rGViVCczv,fa6235d130204772808d133e528b8ad7,2026-04-29T17:34:12Z,0,I feel like the connection is sorta tenuous here,7b317f8281c441338e3eeb9ec37e6c75
spotify:track:5H6Jp0syB5yEPk7SWYdlmk,fa6235d130204772808d133e528b8ad7,2026-04-29T17:34:12Z,0,Cool vibe but I’m not sure I fully see it,7b317f8281c441338e3eeb9ec37e6c75
spotify:track:5LfwmwDBcq71mGqKQQO8gG,fa6235d130204772808d133e528b8ad7,2026-04-29T17:34:12Z,-1,Maybe I’m just missing something but I don’t get it. Musically this is kinda cool tho,7b317f8281c441338e3eeb9ec37e6c75
spotify:track:6bRT1zoCrrdimCPlAXqi42,fa6235d130204772808d133e528b8ad7,2026-04-29T17:34:12Z,0,"Title is spot on, lyrics seem a little less specifically on target but maybe I’m just missing something
(but also those of you who haven’t read the book I Believe in Love should do so asap)",7b317f8281c441338e3eeb9ec37e6c75
spotify:track:6FNdzxV9g4NaINrejBTPUi,fa6235d130204772808d133e528b8ad7,2026-04-29T17:34:12Z,1,Holy moly this is a pull,7b317f8281c441338e3eeb9ec37e6c75
spotify:track:6g5S8cqVd56JURgCAuf1Hd,fa6235d130204772808d133e528b8ad7,2026-04-29T17:34:12Z,0,I mean she did wear taffeta?,7b317f8281c441338e3eeb9ec37e6c75
spotify:track:0p9iW5SZgKuxF2Tnodh316,b3c43885f6ce4e8b861545158a22b7a2,2026-04-29T22:57:44Z,1,,7b317f8281c441338e3eeb9ec37e6c75
spotify:track:1gilgPrTkkZTp09Xf8zCmK,b3c43885f6ce4e8b861545158a22b7a2,2026-04-29T22:57:44Z,1,,7b317f8281c441338e3eeb9ec37e6c75
spotify:track:51EMSRpNm9Rg5rGViVCczv,b3c43885f6ce4e8b861545158a22b7a2,2026-04-29T22:57:44Z,-1,,7b317f8281c441338e3eeb9ec37e6c75
spotify:track:5H6Jp0syB5yEPk7SWYdlmk,b3c43885f6ce4e8b861545158a22b7a2,2026-04-29T22:57:44Z,1,,7b317f8281c441338e3eeb9ec37e6c75
spotify:track:6bRT1zoCrrdimCPlAXqi42,b3c43885f6ce4e8b861545158a22b7a2,2026-04-29T22:57:44Z,1,,7b317f8281c441338e3eeb9ec37e6c75
spotify:track:0p9iW5SZgKuxF2Tnodh316,98739434088f411e9e1918725eedb295,2026-04-30T00:21:15Z,1,This was nice.  I prefer the original but this was nice.,7b317f8281c441338e3eeb9ec37e6c75
spotify:track:26qqum4dzbrGGUC5B3Co3D,98739434088f411e9e1918725eedb295,2026-04-30T00:21:15Z,0,Hi Joseph.  Sorry.  Don't see it.,7b317f8281c441338e3eeb9ec37e6c75
spotify:track:3kM9vz9nx8YwZvHcWxIDn8,98739434088f411e9e1918725eedb295,2026-04-30T00:21:15Z,1,I enjoyed this one.  Quiet trust in (I presume what the submitter wants us to read as) God's loving care is a very Therese submission.,7b317f8281c441338e3eeb9ec37e6c75
spotify:track:4Mfy9zGQKnoLWSKrPuR0RG,98739434088f411e9e1918725eedb295,2026-04-30T00:21:15Z,0,Reading this as being the bridegroom of Jesus is a really good take.,7b317f8281c441338e3eeb9ec37e6c75
spotify:track:51EMSRpNm9Rg5rGViVCczv,98739434088f411e9e1918725eedb295,2026-04-30T00:21:15Z,1,"Melancholy girl pop is a sure way in, and the lyrics really fit Therese. I'd bet my life savings that whoever submitted this is female. Claire?",7b317f8281c441338e3eeb9ec37e6c75
spotify:track:5H6Jp0syB5yEPk7SWYdlmk,98739434088f411e9e1918725eedb295,2026-04-30T00:21:15Z,0,Didn't really get how this was Therese-esque at all,7b317f8281c441338e3eeb9ec37e6c75
spotify:track:5LfwmwDBcq71mGqKQQO8gG,98739434088f411e9e1918725eedb295,2026-04-30T00:21:15Z,-1,"Not only was this a bad song, i had no idea how it connected to Therese.",7b317f8281c441338e3eeb9ec37e6c75
spotify:track:6bRT1zoCrrdimCPlAXqi42,98739434088f411e9e1918725eedb295,2026-04-30T00:21:15Z,1,Kinda a gimme for anyone who's read that beautiful book on Therese's spirituality by Fr. D'Elbee.  Lyrics are on point too with that dark night endurance.,7b317f8281c441338e3eeb9ec37e6c75
spotify:track:6FNdzxV9g4NaINrejBTPUi,98739434088f411e9e1918725eedb295,2026-04-30T00:21:15Z,0,Don't get how this is Therese. Fun song tho.,7b317f8281c441338e3eeb9ec37e6c75
spotify:track:6g5S8cqVd56JURgCAuf1Hd,98739434088f411e9e1918725eedb295,2026-04-30T00:21:15Z,0,I regret that I only have one downvote to give this round.,7b317f8281c441338e3eeb9ec37e6c75
spotify:track:0p9iW5SZgKuxF2Tnodh316,6d8e32d102054531811ff5c8a625977c,2026-04-30T00:34:40Z,1,"As I listen again to this playlist I realize a lot of songs are sort of broadly about entering a convent/religious life, and I feel more compelled to upvote the songs that hit upon something specific about Therese’s life. 
This one does that. More clever than just a love song. The context gives this song a completely new meaning which is the point of rounds like this. Sung by female vocalists is a great touch as well. Perfect score I’d say",7b317f8281c441338e3eeb9ec37e6c75
spotify:track:1gilgPrTkkZTp09Xf8zCmK,6d8e32d102054531811ff5c8a625977c,2026-04-30T00:34:40Z,1,"I do not care for this song at all, but lyrically I can’t deny this is spot on. Which is pretty much the same logic I’d hope others apply to my song, so I cannot withhold the upvote here ",7b317f8281c441338e3eeb9ec37e6c75
spotify:track:26qqum4dzbrGGUC5B3Co3D,6d8e32d102054531811ff5c8a625977c,2026-04-30T00:34:40Z,0,I’m always trying to reward oddball Josephcore submissions because I feel bad piling on. But I don’t see the vision for this at all,7b317f8281c441338e3eeb9ec37e6c75
spotify:track:3kM9vz9nx8YwZvHcWxIDn8,6d8e32d102054531811ff5c8a625977c,2026-04-30T00:34:40Z,0,"Upvoting in spirit for Caamp, but this didn’t seem distinctly Therese to me ",7b317f8281c441338e3eeb9ec37e6c75
spotify:track:3tMW1Zbt9Z6cnEBO0HSZ5t,6d8e32d102054531811ff5c8a625977c,2026-04-30T00:34:40Z,0,Cute but not quite my jam,7b317f8281c441338e3eeb9ec37e6c75
spotify:track:4Mfy9zGQKnoLWSKrPuR0RG,6d8e32d102054531811ff5c8a625977c,2026-04-30T00:34:40Z,1,"Slightly more genetically about love for Jesus than it is about Therese, but it fits",7b317f8281c441338e3eeb9ec37e6c75
spotify:track:51EMSRpNm9Rg5rGViVCczv,6d8e32d102054531811ff5c8a625977c,2026-04-30T00:34:40Z,0,"As Joseph correctly clocked, I am contractually forbidden from downvoting Natalie. But personally I would have gone with Hearts Aglow. ",7b317f8281c441338e3eeb9ec37e6c75
spotify:track:5H6Jp0syB5yEPk7SWYdlmk,6d8e32d102054531811ff5c8a625977c,2026-04-30T00:34:40Z,0,"I was on the fence about this one. At first I was unimpressed, seemed too generic thematically, but the second stanza is more fitting (“somewhere a king has no wife,” interpreted in this context to mean celibacy I assume). Still beat out by stronger picks imo. ",7b317f8281c441338e3eeb9ec37e6c75
spotify:track:5LfwmwDBcq71mGqKQQO8gG,6d8e32d102054531811ff5c8a625977c,2026-04-30T00:34:40Z,-1,Borderline unlistenable and truly generic in terms of the lyrical content.,7b317f8281c441338e3eeb9ec37e6c75
spotify:track:6bRT1zoCrrdimCPlAXqi42,6d8e32d102054531811ff5c8a625977c,2026-04-30T00:34:40Z,1,Perfect. See comments above on Wouldn’t It Be Nice.  ,7b317f8281c441338e3eeb9ec37e6c75
spotify:track:6FNdzxV9g4NaINrejBTPUi,6d8e32d102054531811ff5c8a625977c,2026-04-30T00:34:40Z,0,“For some time I had been accustomed to offer myself as a plaything to the Child Jesus. I told Him not to treat me like an expensive toy which children look at but dare not touch. I was a cheap little ball which He could fling on the ground or kick or pierce or leave neglected in a corner or even press to His Heart if it gave Him pleasure.”,7b317f8281c441338e3eeb9ec37e6c75
spotify:track:6g5S8cqVd56JURgCAuf1Hd,6d8e32d102054531811ff5c8a625977c,2026-04-30T00:34:40Z,0,"Really enjoyed the song, really wanted to get it, but I don’t get it. ",7b317f8281c441338e3eeb9ec37e6c75
spotify:track:0p9iW5SZgKuxF2Tnodh316,42db3c63b69a4479bedfcc2d22a6b73a,2026-04-30T02:08:12Z,1,,7b317f8281c441338e3eeb9ec37e6c75
spotify:track:1gilgPrTkkZTp09Xf8zCmK,42db3c63b69a4479bedfcc2d22a6b73a,2026-04-30T02:08:12Z,-1,,7b317f8281c441338e3eeb9ec37e6c75
spotify:track:4Mfy9zGQKnoLWSKrPuR0RG,42db3c63b69a4479bedfcc2d22a6b73a,2026-04-30T02:08:12Z,1,,7b317f8281c441338e3eeb9ec37e6c75
spotify:track:5H6Jp0syB5yEPk7SWYdlmk,42db3c63b69a4479bedfcc2d22a6b73a,2026-04-30T02:08:12Z,1,,7b317f8281c441338e3eeb9ec37e6c75
spotify:track:5LfwmwDBcq71mGqKQQO8gG,42db3c63b69a4479bedfcc2d22a6b73a,2026-04-30T02:08:12Z,1,,7b317f8281c441338e3eeb9ec37e6c75
spotify:track:3tMW1Zbt9Z6cnEBO0HSZ5t,fc418ffeadb64c3f8e93a25fb942984f,2026-04-30T02:08:58Z,1,,7b317f8281c441338e3eeb9ec37e6c75
spotify:track:4Mfy9zGQKnoLWSKrPuR0RG,fc418ffeadb64c3f8e93a25fb942984f,2026-04-30T02:08:58Z,3,,7b317f8281c441338e3eeb9ec37e6c75
spotify:track:6g5S8cqVd56JURgCAuf1Hd,fc418ffeadb64c3f8e93a25fb942984f,2026-04-30T02:08:58Z,-1,,7b317f8281c441338e3eeb9ec37e6c75
spotify:track:5H5wgJvgZFH6254jU2FJH6,c1b6888dec1e4113b65883ad590d3969,2026-05-02T15:10:15Z,-1,,594d102ae3e6430d9578c540c78c0f28
spotify:track:0G31Ami5h0lyJh95x6r0Ct,c1b6888dec1e4113b65883ad590d3969,2026-05-02T15:10:15Z,1,,594d102ae3e6430d9578c540c78c0f28
spotify:track:0P6TTXbSLGrSoTNMz5kvB7,c1b6888dec1e4113b65883ad590d3969,2026-05-02T15:10:15Z,1,,594d102ae3e6430d9578c540c78c0f28
spotify:track:1Yd0HypJ0bzilJS9MBztZZ,c1b6888dec1e4113b65883ad590d3969,2026-05-02T15:10:15Z,1,,594d102ae3e6430d9578c540c78c0f28
spotify:track:33iv3wnGMrrDugd7GBso1z,c1b6888dec1e4113b65883ad590d3969,2026-05-02T15:10:15Z,1,,594d102ae3e6430d9578c540c78c0f28
spotify:track:0P6TTXbSLGrSoTNMz5kvB7,f53f0969b04049b5ba39a303ebb3e987,2026-05-02T16:07:01Z,0,"Hobocore =/= Bindlecore. Amazing song though, the peak crossover of Sammy/Eddie themes",594d102ae3e6430d9578c540c78c0f28
spotify:track:75DUBuQSZ5fXbp7GHbTmTV,f53f0969b04049b5ba39a303ebb3e987,2026-05-02T16:07:01Z,1,"How I'll admit it, I was won over by this guy's goofy voice haha.",594d102ae3e6430d9578c540c78c0f28
spotify:track:70LcF31zb1H0PyJoS1Sx1r,f53f0969b04049b5ba39a303ebb3e987,2026-05-02T16:07:01Z,1,"I do not care for Radiohead. It insists upon itself, Lois. It insists upon itself. But this really fits the theme.",594d102ae3e6430d9578c540c78c0f28
spotify:track:6BsuFAxV7wwQyBFF4uDnNK,f53f0969b04049b5ba39a303ebb3e987,2026-05-02T16:07:01Z,0,Didn't do it for me.,594d102ae3e6430d9578c540c78c0f28
spotify:track:5H5wgJvgZFH6254jU2FJH6,f53f0969b04049b5ba39a303ebb3e987,2026-05-02T16:07:01Z,-1,Don't really see the connection here. Classic film. ,594d102ae3e6430d9578c540c78c0f28
spotify:track:33iv3wnGMrrDugd7GBso1z,f53f0969b04049b5ba39a303ebb3e987,2026-05-02T16:07:01Z,1,Music like this used to play on pop radio all the time back in the day. Now we just have this trap beat crap. Rodrigo is righting the ship though.,594d102ae3e6430d9578c540c78c0f28
spotify:track:1u7kQUb3lQcpHaYRfia13A,f53f0969b04049b5ba39a303ebb3e987,2026-05-02T16:07:01Z,1,"Understood the assignment, as the kids say.",594d102ae3e6430d9578c540c78c0f28
spotify:track:1IqFh00G2kvvMm8pRMpehA,f53f0969b04049b5ba39a303ebb3e987,2026-05-02T16:07:01Z,0,"One of the best to do it, and the instrumentation is so good! Beat out by others.",594d102ae3e6430d9578c540c78c0f28
spotify:track:75DUBuQSZ5fXbp7GHbTmTV,9800e906592547f4ab0717aa56097b49,2026-05-04T13:09:12Z,0,"Say what you will, but those androgynous Gen Z white boys can lay down a rhythm line",594d102ae3e6430d9578c540c78c0f28
spotify:track:72CmDpJ0xhBitFCMC7SpRN,9800e906592547f4ab0717aa56097b49,2026-05-04T13:09:12Z,0,Tom Joad as the moment of apotheosis of the bindle-carrier into Christ figure,594d102ae3e6430d9578c540c78c0f28
spotify:track:70LcF31zb1H0PyJoS1Sx1r,9800e906592547f4ab0717aa56097b49,2026-05-04T13:09:12Z,-1,Nah,594d102ae3e6430d9578c540c78c0f28
spotify:track:6BsuFAxV7wwQyBFF4uDnNK,9800e906592547f4ab0717aa56097b49,2026-05-04T13:09:12Z,0,I like this read and I would have voted for it if the inner city pressure then led to the leaving with bindle. ,594d102ae3e6430d9578c540c78c0f28
spotify:track:5H5wgJvgZFH6254jU2FJH6,9800e906592547f4ab0717aa56097b49,2026-05-04T13:09:12Z,0,Good tune,594d102ae3e6430d9578c540c78c0f28
spotify:track:33iv3wnGMrrDugd7GBso1z,9800e906592547f4ab0717aa56097b49,2026-05-04T13:09:12Z,0,"Doesn't fit my interpretation, unless it's just making it about Judd somehow. And still doesn't fit as much, but then it's at least funny. ",594d102ae3e6430d9578c540c78c0f28
spotify:track:1Yd0HypJ0bzilJS9MBztZZ,9800e906592547f4ab0717aa56097b49,2026-05-04T13:09:12Z,0,"If I’ve heard this before, I can’t really remember it. So it was an absolute delight to hear it again. Can’t say I think it fits the theme, but so so good. ",594d102ae3e6430d9578c540c78c0f28
spotify:track:1u7kQUb3lQcpHaYRfia13A,9800e906592547f4ab0717aa56097b49,2026-05-04T13:09:12Z,0,"I think we’re gonna have a lot of people who interpreted this category very differently. But whatever this is, it doesn’t fit in my interpretation at all.",594d102ae3e6430d9578c540c78c0f28
spotify:track:1IqFh00G2kvvMm8pRMpehA,9800e906592547f4ab0717aa56097b49,2026-05-04T13:09:12Z,0,I had never once considered the idea that a woman could take up the bindle. Does that make me a bad person?,594d102ae3e6430d9578c540c78c0f28
spotify:track:0P6TTXbSLGrSoTNMz5kvB7,9800e906592547f4ab0717aa56097b49,2026-05-04T13:09:12Z,3,"
(•_•)
<)   )╯Kankakee
 /    \ 

  (•_•)
 ╯(   (> Mentioned
   /    \

 (•_•)
<)   )╯Y’all
 /    \

To me this song epitomizes what I think of when I think of the bindle lifestyle. Tried to submit it myself. Hail to the victor.",594d102ae3e6430d9578c540c78c0f28
spotify:track:0mQ1btcyqFDvTpaCFs04cR,9800e906592547f4ab0717aa56097b49,2026-05-04T13:09:12Z,0,Can’t say I get it,594d102ae3e6430d9578c540c78c0f28
spotify:track:0G31Ami5h0lyJh95x6r0Ct,9800e906592547f4ab0717aa56097b49,2026-05-04T13:09:12Z,1,"Classic bindle archetype

I also forgot that all the early old crow medicine show albums are bangers",594d102ae3e6430d9578c540c78c0f28
spotify:track:5H5wgJvgZFH6254jU2FJH6,0f4f7275b1234127a43771293d707c5c,2026-05-04T20:27:32Z,1,I can picture the sort of scene that would go with this; I do see the vision.,594d102ae3e6430d9578c540c78c0f28
spotify:track:6BsuFAxV7wwQyBFF4uDnNK,0f4f7275b1234127a43771293d707c5c,2026-05-04T20:27:32Z,0,Ehhhhh,594d102ae3e6430d9578c540c78c0f28
spotify:track:70LcF31zb1H0PyJoS1Sx1r,0f4f7275b1234127a43771293d707c5c,2026-05-04T20:27:32Z,0,"Good one -- I wish someone had submitted Teenage Dirtbag haha, but maybe this is better than that would have been (too redemptive of an ending)",594d102ae3e6430d9578c540c78c0f28
spotify:track:72CmDpJ0xhBitFCMC7SpRN,0f4f7275b1234127a43771293d707c5c,2026-05-04T20:27:32Z,0,"This was lacking for me, hard as it is to say. It was almost too on the nose but also not on the nose enough? Not as authentic as some?",594d102ae3e6430d9578c540c78c0f28
spotify:track:75DUBuQSZ5fXbp7GHbTmTV,0f4f7275b1234127a43771293d707c5c,2026-05-04T20:27:32Z,-1,Needed this to just end sooner.,594d102ae3e6430d9578c540c78c0f28
spotify:track:33iv3wnGMrrDugd7GBso1z,0f4f7275b1234127a43771293d707c5c,2026-05-04T20:27:32Z,1,Great one -- this was on my maybe playlist,594d102ae3e6430d9578c540c78c0f28
spotify:track:1Yd0HypJ0bzilJS9MBztZZ,0f4f7275b1234127a43771293d707c5c,2026-05-04T20:27:32Z,0,"As soon as I thought of this I felt I had to submit.
This was probably the first Weird Al song I ever heard.",594d102ae3e6430d9578c540c78c0f28
spotify:track:1u7kQUb3lQcpHaYRfia13A,0f4f7275b1234127a43771293d707c5c,2026-05-04T20:27:32Z,0,This was really close for me but I tried to see past the sentimental familiarity with the sound and found others to be stronger ,594d102ae3e6430d9578c540c78c0f28
spotify:track:1IqFh00G2kvvMm8pRMpehA,0f4f7275b1234127a43771293d707c5c,2026-05-04T20:27:32Z,1,Ah this was very good. ,594d102ae3e6430d9578c540c78c0f28
spotify:track:0P6TTXbSLGrSoTNMz5kvB7,0f4f7275b1234127a43771293d707c5c,2026-05-04T20:27:32Z,1,"This smacks of Eddie? Maybe. I like this take, matches the bindle/steinbeck aesthetic well in its music and lyrics.",594d102ae3e6430d9578c540c78c0f28
spotify:track:0mQ1btcyqFDvTpaCFs04cR,0f4f7275b1234127a43771293d707c5c,2026-05-04T20:27:32Z,0,"I like this read. I have never read these lyrics before; wow. 

Well done, Sammy. I'm p sure I have never not voted for an LotR submission; it is just such an all-time soundtrack. However, it was displaced from my podium by a couple of songs that matched the aesthetic better which I suppose I decided was a priority for me, clever as this may have been.",594d102ae3e6430d9578c540c78c0f28
spotify:track:0G31Ami5h0lyJh95x6r0Ct,0f4f7275b1234127a43771293d707c5c,2026-05-04T20:27:32Z,0,"the aesthetic is definitely there but lyrically, others were stronger to me",594d102ae3e6430d9578c540c78c0f28
spotify:track:6BsuFAxV7wwQyBFF4uDnNK,699c7b228f3b436880363c6d92c3976f,2026-05-05T00:13:21Z,-1,"They sounded like they were about to break into ""One night in Bangkok"", but never did. ",594d102ae3e6430d9578c540c78c0f28
spotify:track:0G31Ami5h0lyJh95x6r0Ct,699c7b228f3b436880363c6d92c3976f,2026-05-05T00:13:21Z,1,Very enjoyable ,594d102ae3e6430d9578c540c78c0f28
spotify:track:0mQ1btcyqFDvTpaCFs04cR,699c7b228f3b436880363c6d92c3976f,2026-05-05T00:13:21Z,0,Anything sung in persona Gollum must be sung by a whiny teenage boy. Having it sung by a skilled woman just doesn't work. ,594d102ae3e6430d9578c540c78c0f28
spotify:track:0P6TTXbSLGrSoTNMz5kvB7,699c7b228f3b436880363c6d92c3976f,2026-05-05T00:13:21Z,2,"This is the background music for a film in which Eddie, Judd and the ghost of Bobby Kennedy take a road trip to find the soul of America. ",594d102ae3e6430d9578c540c78c0f28
spotify:track:1IqFh00G2kvvMm8pRMpehA,699c7b228f3b436880363c6d92c3976f,2026-05-05T00:13:21Z,0,"I love Janis Joplin, but her version of the song does not cohere. The original is better. ",594d102ae3e6430d9578c540c78c0f28
spotify:track:1u7kQUb3lQcpHaYRfia13A,699c7b228f3b436880363c6d92c3976f,2026-05-05T00:13:21Z,1,"Don't know if this fits the theme, but it's the best song on the list ",594d102ae3e6430d9578c540c78c0f28
spotify:track:72CmDpJ0xhBitFCMC7SpRN,699c7b228f3b436880363c6d92c3976f,2026-05-05T00:13:21Z,0,2-3 minutes of this would have been great. 8 is brutal. No justification for the length. ,594d102ae3e6430d9578c540c78c0f28
spotify:track:75DUBuQSZ5fXbp7GHbTmTV,699c7b228f3b436880363c6d92c3976f,2026-05-05T00:13:21Z,0,"The band name makes me think of the supplicia canum (unfortunately, the listeners are the dogs in this scenario). ",594d102ae3e6430d9578c540c78c0f28
spotify:track:1Yd0HypJ0bzilJS9MBztZZ,fa6235d130204772808d133e528b8ad7,2026-05-05T02:38:48Z,1,Okay this one is actually quite fitting imo,594d102ae3e6430d9578c540c78c0f28
spotify:track:6BsuFAxV7wwQyBFF4uDnNK,fa6235d130204772808d133e528b8ad7,2026-05-05T02:38:48Z,1,The image of just standing bc you sold your chair is very bindlecore,594d102ae3e6430d9578c540c78c0f28
spotify:track:70LcF31zb1H0PyJoS1Sx1r,fa6235d130204772808d133e528b8ad7,2026-05-05T02:38:48Z,0,A generational track and definitely partakes of bindlecore but not as much as other submissions,594d102ae3e6430d9578c540c78c0f28
spotify:track:72CmDpJ0xhBitFCMC7SpRN,fa6235d130204772808d133e528b8ad7,2026-05-05T02:38:48Z,-1,"1. I need to read the grapes of wrath. 
2. This song is cool. Epic guitar at the end
3. I feel, however, like this doesn’t quite fit with bindlecore as I understand it bc the misfortune it talks about seems caused by a system that is beyond our control rather than being in some way caused by oneself ",594d102ae3e6430d9578c540c78c0f28
spotify:track:75DUBuQSZ5fXbp7GHbTmTV,fa6235d130204772808d133e528b8ad7,2026-05-05T02:38:48Z,0,"This definitely feels angsty but not necessarily in a bindle specific way (I guess it does talk about running away, and bindles are used when you’re running away from home ig, but that’s taking bindle in the literal sense)",594d102ae3e6430d9578c540c78c0f28
spotify:track:0P6TTXbSLGrSoTNMz5kvB7,fa6235d130204772808d133e528b8ad7,2026-05-05T02:38:48Z,0,"Kankakee mentioned?!?

But I’m not sure I see how this fits the theme ",594d102ae3e6430d9578c540c78c0f28
spotify:track:0mQ1btcyqFDvTpaCFs04cR,fa6235d130204772808d133e528b8ad7,2026-05-05T02:38:48Z,0,Maybe this is a heretical take but I don’t actually like this song very much. And it’s almost too genuinely despairing to fit the theme imo,594d102ae3e6430d9578c540c78c0f28
spotify:track:1IqFh00G2kvvMm8pRMpehA,fa6235d130204772808d133e528b8ad7,2026-05-05T02:38:48Z,1,"I feel like the wistful sadness of this song isn’t quite the same as the pathos that the bindle has come to signify. It gets a vote, however because 1) for some reason I’m being really picky in my judgment of this round and 2) it actually mentions a bindle",594d102ae3e6430d9578c540c78c0f28
spotify:track:1u7kQUb3lQcpHaYRfia13A,fa6235d130204772808d133e528b8ad7,2026-05-05T02:38:48Z,1,I like this pull a lot. Never would’ve thought of it for this round but I think it’s an earnest portrayal of the sort of emotion that the bindle captures in a more comical way,594d102ae3e6430d9578c540c78c0f28
spotify:track:5H5wgJvgZFH6254jU2FJH6,c8e8de6d21ac4bfba566bc0a8eeef629,2026-05-06T01:32:27Z,-1,,594d102ae3e6430d9578c540c78c0f28
spotify:track:1Yd0HypJ0bzilJS9MBztZZ,c8e8de6d21ac4bfba566bc0a8eeef629,2026-05-06T01:32:27Z,4,,594d102ae3e6430d9578c540c78c0f28
spotify:track:0G31Ami5h0lyJh95x6r0Ct,80a489147c544db5a53c5cede65c4617,2026-05-06T02:25:46Z,1,This feels spiritually bindle,594d102ae3e6430d9578c540c78c0f28
spotify:track:0P6TTXbSLGrSoTNMz5kvB7,80a489147c544db5a53c5cede65c4617,2026-05-06T02:25:46Z,-1,Not really bad or anything just didn’t seem strong for the category ,594d102ae3e6430d9578c540c78c0f28
spotify:track:0mQ1btcyqFDvTpaCFs04cR,80a489147c544db5a53c5cede65c4617,2026-05-06T02:25:46Z,0,Ha. Amusing read but not quite,594d102ae3e6430d9578c540c78c0f28
spotify:track:6BsuFAxV7wwQyBFF4uDnNK,80a489147c544db5a53c5cede65c4617,2026-05-06T02:25:46Z,0,Tiresome,594d102ae3e6430d9578c540c78c0f28
spotify:track:5H5wgJvgZFH6254jU2FJH6,80a489147c544db5a53c5cede65c4617,2026-05-06T02:25:46Z,1,"10/10 brilliant submission. Any instrumental submission has to work extra hard to grab my attention and vote, and this knocked it out of the park",594d102ae3e6430d9578c540c78c0f28
spotify:track:33iv3wnGMrrDugd7GBso1z,80a489147c544db5a53c5cede65c4617,2026-05-06T02:25:46Z,1,Banger,594d102ae3e6430d9578c540c78c0f28
spotify:track:1Yd0HypJ0bzilJS9MBztZZ,80a489147c544db5a53c5cede65c4617,2026-05-06T02:25:46Z,1,"Any parody song is working uphill for me, so I have to upvote this because I did laugh out loud and it is indeed very bindle, especially the bit about dating his cousin",594d102ae3e6430d9578c540c78c0f28
spotify:track:1u7kQUb3lQcpHaYRfia13A,98739434088f411e9e1918725eedb295,2026-05-06T02:44:21Z,0,This is Billy Joel's favorite song that he wrote,594d102ae3e6430d9578c540c78c0f28
spotify:track:1IqFh00G2kvvMm8pRMpehA,98739434088f411e9e1918725eedb295,2026-05-06T02:44:21Z,0,Needs to be more than just a regret song IMO.  Where's the self-sabotage?,594d102ae3e6430d9578c540c78c0f28
spotify:track:0P6TTXbSLGrSoTNMz5kvB7,98739434088f411e9e1918725eedb295,2026-05-06T02:44:21Z,1,Superb take on this playlist.  Train bros unite.,594d102ae3e6430d9578c540c78c0f28
spotify:track:0mQ1btcyqFDvTpaCFs04cR,98739434088f411e9e1918725eedb295,2026-05-06T02:44:21Z,0,2q2www,594d102ae3e6430d9578c540c78c0f28
spotify:track:72CmDpJ0xhBitFCMC7SpRN,98739434088f411e9e1918725eedb295,2026-05-06T02:44:21Z,-1,This was the furthest from bindledom of the songs on the list.,594d102ae3e6430d9578c540c78c0f28
spotify:track:70LcF31zb1H0PyJoS1Sx1r,98739434088f411e9e1918725eedb295,2026-05-06T02:44:21Z,1,Yep.,594d102ae3e6430d9578c540c78c0f28
spotify:track:6BsuFAxV7wwQyBFF4uDnNK,98739434088f411e9e1918725eedb295,2026-05-06T02:44:21Z,1,Bindledom has a bit of a comic edge to it and this captures that.,594d102ae3e6430d9578c540c78c0f28
spotify:track:33iv3wnGMrrDugd7GBso1z,98739434088f411e9e1918725eedb295,2026-05-06T02:44:21Z,1,This was the very first song I thought of.,594d102ae3e6430d9578c540c78c0f28
spotify:track:1Yd0HypJ0bzilJS9MBztZZ,98739434088f411e9e1918725eedb295,2026-05-06T02:44:21Z,0,"A series of comical mishaps.  Bindle-adjacent, I suppose.",594d102ae3e6430d9578c540c78c0f28
spotify:track:1u7kQUb3lQcpHaYRfia13A,b3c43885f6ce4e8b861545158a22b7a2,2026-05-06T03:08:46Z,1,,594d102ae3e6430d9578c540c78c0f28
spotify:track:0mQ1btcyqFDvTpaCFs04cR,b3c43885f6ce4e8b861545158a22b7a2,2026-05-06T03:08:46Z,-1,,594d102ae3e6430d9578c540c78c0f28
spotify:track:0G31Ami5h0lyJh95x6r0Ct,b3c43885f6ce4e8b861545158a22b7a2,2026-05-06T03:08:46Z,1,,594d102ae3e6430d9578c540c78c0f28
spotify:track:72CmDpJ0xhBitFCMC7SpRN,b3c43885f6ce4e8b861545158a22b7a2,2026-05-06T03:08:46Z,1,,594d102ae3e6430d9578c540c78c0f28
spotify:track:0P6TTXbSLGrSoTNMz5kvB7,b3c43885f6ce4e8b861545158a22b7a2,2026-05-06T03:08:46Z,1,,594d102ae3e6430d9578c540c78c0f28
spotify:track:1IqFh00G2kvvMm8pRMpehA,fc418ffeadb64c3f8e93a25fb942984f,2026-05-06T03:09:02Z,1,,594d102ae3e6430d9578c540c78c0f28
spotify:track:70LcF31zb1H0PyJoS1Sx1r,fc418ffeadb64c3f8e93a25fb942984f,2026-05-06T03:09:02Z,-1,I think this one had the weakest correlation in my mind.,594d102ae3e6430d9578c540c78c0f28
spotify:track:33iv3wnGMrrDugd7GBso1z,fc418ffeadb64c3f8e93a25fb942984f,2026-05-06T03:09:02Z,0,"Yes for the text, and I didn’t mind the style, it just wasn’t fully bundle-core to me",594d102ae3e6430d9578c540c78c0f28
spotify:track:1u7kQUb3lQcpHaYRfia13A,fc418ffeadb64c3f8e93a25fb942984f,2026-05-06T03:09:02Z,1,"I don’t know what it is about this song, but it makes me so emotional",594d102ae3e6430d9578c540c78c0f28
spotify:track:0mQ1btcyqFDvTpaCFs04cR,fc418ffeadb64c3f8e93a25fb942984f,2026-05-06T03:09:02Z,1,Gotta upvote for the interesting choice,594d102ae3e6430d9578c540c78c0f28
spotify:track:0G31Ami5h0lyJh95x6r0Ct,fc418ffeadb64c3f8e93a25fb942984f,2026-05-06T03:09:02Z,1,,594d102ae3e6430d9578c540c78c0f28
spotify:track:0P6TTXbSLGrSoTNMz5kvB7,6d8e32d102054531811ff5c8a625977c,2026-05-06T03:10:58Z,1,This is a good fusion of the two senses of bindlecore. ,594d102ae3e6430d9578c540c78c0f28
spotify:track:0mQ1btcyqFDvTpaCFs04cR,6d8e32d102054531811ff5c8a625977c,2026-05-06T03:10:58Z,1,Clever,594d102ae3e6430d9578c540c78c0f28
spotify:track:75DUBuQSZ5fXbp7GHbTmTV,6d8e32d102054531811ff5c8a625977c,2026-05-06T03:10:58Z,0,I feel there are bindlier songs on this album ,594d102ae3e6430d9578c540c78c0f28
spotify:track:70LcF31zb1H0PyJoS1Sx1r,6d8e32d102054531811ff5c8a625977c,2026-05-06T03:10:58Z,0,"Loser and bindle have overlap, but I don’t think they are interchangeable ",594d102ae3e6430d9578c540c78c0f28
spotify:track:6BsuFAxV7wwQyBFF4uDnNK,6d8e32d102054531811ff5c8a625977c,2026-05-06T03:10:58Z,-1,Not getting the vision here at all.,594d102ae3e6430d9578c540c78c0f28
spotify:track:33iv3wnGMrrDugd7GBso1z,6d8e32d102054531811ff5c8a625977c,2026-05-06T03:10:58Z,1,"Perfect shot, right down the middle",594d102ae3e6430d9578c540c78c0f28
spotify:track:1Yd0HypJ0bzilJS9MBztZZ,6d8e32d102054531811ff5c8a625977c,2026-05-06T03:10:58Z,1,"Inspired song, and inspired submission. This is the interpretation of bindle I was hoping to get ",594d102ae3e6430d9578c540c78c0f28
spotify:track:1u7kQUb3lQcpHaYRfia13A,6d8e32d102054531811ff5c8a625977c,2026-05-06T03:10:58Z,0,"Great song, but this is too noble to be bindle.",594d102ae3e6430d9578c540c78c0f28
spotify:track:1IqFh00G2kvvMm8pRMpehA,6d8e32d102054531811ff5c8a625977c,2026-05-06T03:10:58Z,0,"This song rocks and I love hearing some Janis Joplin— but this is an obscure category and I’m voting based on my narrow interpretation of it. There’s clearly two schools of thought in interpreting what “bindle” means, and I like the songs that lean into the metaphorical sense more than the literal. This song is pretty upbeat and fun, which the essence of bindle is not. ",594d102ae3e6430d9578c540c78c0f28
spotify:track:0CQ0bH1Z0VzxIBAoCPCrjs,f53f0969b04049b5ba39a303ebb3e987,2026-05-09T04:36:23Z,0,Gods-Not-Dead-Core. Doesn't one of the Newsboys baptize the atheist professor at the end?,70089271623e45cd94370194e7d94311
spotify:track:0eAuGrXyGFYwur9ARUe7LJ,f53f0969b04049b5ba39a303ebb3e987,2026-05-09T04:36:23Z,0,Hipster reject slop pile,70089271623e45cd94370194e7d94311
spotify:track:0ECr5PWnUZY1WsnE2zS5RX,f53f0969b04049b5ba39a303ebb3e987,2026-05-09T04:36:23Z,0,"Your fixation is strange, Eddie, and this was lazy. Now I play the schoolmarm and say, “do better.”",70089271623e45cd94370194e7d94311
spotify:track:1OFKUn2VLafrHj7ybnap0Q,f53f0969b04049b5ba39a303ebb3e987,2026-05-09T04:36:23Z,0,"Great song but pathetically lazy, Alex",70089271623e45cd94370194e7d94311
spotify:track:1orwPWuXyCjDAw7S4W4OU4,f53f0969b04049b5ba39a303ebb3e987,2026-05-09T04:36:23Z,0,Liked it until I didn’t ,70089271623e45cd94370194e7d94311
spotify:track:3GDIZO71jiE1FEcHEJh3RH,f53f0969b04049b5ba39a303ebb3e987,2026-05-09T04:36:23Z,1,"Finally a song actually about whales, the ostensible theme of the round. Misadventures of Flapjack-esque 1870s nautical scurvy-ridden diseased sailor energy. Masterpiece of a story.",70089271623e45cd94370194e7d94311
spotify:track:5OjCsHeByDYEGxMrb1z8KQ,f53f0969b04049b5ba39a303ebb3e987,2026-05-09T04:36:23Z,0,This is a big poop platter with a glass of pee,70089271623e45cd94370194e7d94311
spotify:track:68Nd6AHJ5AlK30RHI3ZJhY,f53f0969b04049b5ba39a303ebb3e987,2026-05-09T04:36:23Z,0,Almost as bad as Gojira and twice as annoying,70089271623e45cd94370194e7d94311
spotify:track:6y468DyY1V67RBNCwzrMrC,f53f0969b04049b5ba39a303ebb3e987,2026-05-09T04:36:23Z,-1,Joining the dogpile for what I presume to be the Joseph downvote. ,70089271623e45cd94370194e7d94311
spotify:track:7C9gIuGrqJqxR1am1ipNwo,f53f0969b04049b5ba39a303ebb3e987,2026-05-09T04:36:23Z,1,"A whale with a crying Judd face for a face, being stripped of blubber by a team of Joseph and Peter clone fishermen ",70089271623e45cd94370194e7d94311
spotify:track:7kAp9xBHBUni9n7O58c5Qx,f53f0969b04049b5ba39a303ebb3e987,2026-05-09T04:36:23Z,1,Good,70089271623e45cd94370194e7d94311
spotify:track:7zQFM7bHcyMh4QQFdBkjrE,f53f0969b04049b5ba39a303ebb3e987,2026-05-09T04:36:23Z,1,My favorite ,70089271623e45cd94370194e7d94311
spotify:track:0CQ0bH1Z0VzxIBAoCPCrjs,c1b6888dec1e4113b65883ad590d3969,2026-05-09T20:56:11Z,1,,70089271623e45cd94370194e7d94311
spotify:track:0eAuGrXyGFYwur9ARUe7LJ,c1b6888dec1e4113b65883ad590d3969,2026-05-09T20:56:11Z,-1,,70089271623e45cd94370194e7d94311
spotify:track:3GDIZO71jiE1FEcHEJh3RH,c1b6888dec1e4113b65883ad590d3969,2026-05-09T20:56:11Z,1,,70089271623e45cd94370194e7d94311
spotify:track:3PLCgObK5hKV6pUBMWV93U,c1b6888dec1e4113b65883ad590d3969,2026-05-09T20:56:11Z,1,,70089271623e45cd94370194e7d94311
spotify:track:7kAp9xBHBUni9n7O58c5Qx,c1b6888dec1e4113b65883ad590d3969,2026-05-09T20:56:11Z,1,,70089271623e45cd94370194e7d94311
spotify:track:0CQ0bH1Z0VzxIBAoCPCrjs,6d8e32d102054531811ff5c8a625977c,2026-05-10T23:24:45Z,1,"Listening to this song made me instantly think, oh shoot someone should have submitted a Veggietales song for this round. I had not yet seen the album cover ",70089271623e45cd94370194e7d94311
spotify:track:0eAuGrXyGFYwur9ARUe7LJ,6d8e32d102054531811ff5c8a625977c,2026-05-10T23:24:45Z,-1,Awesome song. Perhaps the most inexplicable ML submission of all time. Whatever OP was going for has filtered me completely ,70089271623e45cd94370194e7d94311
spotify:track:0ECr5PWnUZY1WsnE2zS5RX,6d8e32d102054531811ff5c8a625977c,2026-05-10T23:24:45Z,0,"Really liked this, wanted to upvote, but my research tells me there is actually no whale in Dire, Dire Docks",70089271623e45cd94370194e7d94311
spotify:track:1OFKUn2VLafrHj7ybnap0Q,6d8e32d102054531811ff5c8a625977c,2026-05-10T23:24:45Z,0,"Cute. I really did almost give it to you on this one, but this was a surprisingly stacked round and there were too many pitch-perfect submissions",70089271623e45cd94370194e7d94311
spotify:track:1orwPWuXyCjDAw7S4W4OU4,6d8e32d102054531811ff5c8a625977c,2026-05-10T23:24:45Z,0,"Impressive dredging this out of the <50 monthly listener Spotify mines, but it is nigh unlistenable and should probably remain there ",70089271623e45cd94370194e7d94311
spotify:track:3PLCgObK5hKV6pUBMWV93U,6d8e32d102054531811ff5c8a625977c,2026-05-10T23:24:45Z,1,Beautiful. Tremendous pull,70089271623e45cd94370194e7d94311
spotify:track:5OjCsHeByDYEGxMrb1z8KQ,6d8e32d102054531811ff5c8a625977c,2026-05-10T23:24:45Z,0,"No, Joseph, no I will not read the lyrics — this is music league and I have to actually listen to the music, and should feel at least slightly rewarded by the experience. This isn’t clever lyrical concept league ",70089271623e45cd94370194e7d94311
spotify:track:68Nd6AHJ5AlK30RHI3ZJhY,6d8e32d102054531811ff5c8a625977c,2026-05-10T23:24:45Z,1,"I actually really dig this and I am sort of shocked it exists, it’s perfect ",70089271623e45cd94370194e7d94311
spotify:track:6y468DyY1V67RBNCwzrMrC,6d8e32d102054531811ff5c8a625977c,2026-05-10T23:24:45Z,0,Clever but also boo,70089271623e45cd94370194e7d94311
spotify:track:7C9gIuGrqJqxR1am1ipNwo,6d8e32d102054531811ff5c8a625977c,2026-05-10T23:24:45Z,0,Pretty apt but this was my least favorite of the whaling folk song submissions ,70089271623e45cd94370194e7d94311
spotify:track:7kAp9xBHBUni9n7O58c5Qx,6d8e32d102054531811ff5c8a625977c,2026-05-10T23:24:45Z,1,"Also excellent. I am really impressed with the extremely apt submissions this round, I thought it would be harder than this but apparently songs about whaling is a plentiful genre ",70089271623e45cd94370194e7d94311
spotify:track:0CQ0bH1Z0VzxIBAoCPCrjs,0f4f7275b1234127a43771293d707c5c,2026-05-11T17:44:07Z,0,Yep this is about a whale ,70089271623e45cd94370194e7d94311
spotify:track:0eAuGrXyGFYwur9ARUe7LJ,0f4f7275b1234127a43771293d707c5c,2026-05-11T17:44:07Z,0,Are the whales in the room with us?,70089271623e45cd94370194e7d94311
spotify:track:0ECr5PWnUZY1WsnE2zS5RX,0f4f7275b1234127a43771293d707c5c,2026-05-11T17:44:07Z,0,"Sorry, not holding its own with the other competitors",70089271623e45cd94370194e7d94311
spotify:track:1OFKUn2VLafrHj7ybnap0Q,0f4f7275b1234127a43771293d707c5c,2026-05-11T17:44:07Z,-1,What upsets me most is that you wasted such an awesome song on a round that it doesn’t belong in,70089271623e45cd94370194e7d94311
spotify:track:1orwPWuXyCjDAw7S4W4OU4,0f4f7275b1234127a43771293d707c5c,2026-05-11T17:44:07Z,0,Ehhhhh,70089271623e45cd94370194e7d94311
spotify:track:3GDIZO71jiE1FEcHEJh3RH,0f4f7275b1234127a43771293d707c5c,2026-05-11T17:44:07Z,0,The voice sounded like a joke but there was potential here overall fs ,70089271623e45cd94370194e7d94311
spotify:track:3PLCgObK5hKV6pUBMWV93U,0f4f7275b1234127a43771293d707c5c,2026-05-11T17:44:07Z,2,"Stan is my one that got away 🫰
Flukes mentioned!!?",70089271623e45cd94370194e7d94311
spotify:track:5OjCsHeByDYEGxMrb1z8KQ,0f4f7275b1234127a43771293d707c5c,2026-05-11T17:44:07Z,0,You knew what we would think but thanks for always being true to yourself ,70089271623e45cd94370194e7d94311
spotify:track:68Nd6AHJ5AlK30RHI3ZJhY,0f4f7275b1234127a43771293d707c5c,2026-05-11T17:44:07Z,0,Ehh ,70089271623e45cd94370194e7d94311
spotify:track:6y468DyY1V67RBNCwzrMrC,0f4f7275b1234127a43771293d707c5c,2026-05-11T17:44:07Z,0,I like this enough but the whale theme is lacking ,70089271623e45cd94370194e7d94311
spotify:track:7C9gIuGrqJqxR1am1ipNwo,0f4f7275b1234127a43771293d707c5c,2026-05-11T17:44:07Z,0,🥀🪦🐋🥺,70089271623e45cd94370194e7d94311
spotify:track:7kAp9xBHBUni9n7O58c5Qx,0f4f7275b1234127a43771293d707c5c,2026-05-11T17:44:07Z,1,Love the Pogues ,70089271623e45cd94370194e7d94311
spotify:track:7zQFM7bHcyMh4QQFdBkjrE,0f4f7275b1234127a43771293d707c5c,2026-05-11T17:44:07Z,1,This one is cute and my niece and nephew know it so positive connotations for me (it might get hate so I have to show it some love),70089271623e45cd94370194e7d94311
spotify:track:0CQ0bH1Z0VzxIBAoCPCrjs,9800e906592547f4ab0717aa56097b49,2026-05-11T19:17:14Z,0,"I know there's context here, but without it this song is super annoying",70089271623e45cd94370194e7d94311
spotify:track:0eAuGrXyGFYwur9ARUe7LJ,9800e906592547f4ab0717aa56097b49,2026-05-11T19:17:14Z,-1,"No? 

This gets my downvote because I can’t even place the basic idea of why this was chosen. At least for the “Noah and the whale” song I can tell it’s because of the band name even though that the bad reason ",70089271623e45cd94370194e7d94311
spotify:track:0ECr5PWnUZY1WsnE2zS5RX,9800e906592547f4ab0717aa56097b49,2026-05-11T19:17:14Z,0,Spiritually this is what I imagine whales listen to,70089271623e45cd94370194e7d94311
spotify:track:1OFKUn2VLafrHj7ybnap0Q,9800e906592547f4ab0717aa56097b49,2026-05-11T19:17:14Z,0,He's talking about the Miami Dolphins y'all,70089271623e45cd94370194e7d94311
spotify:track:1orwPWuXyCjDAw7S4W4OU4,9800e906592547f4ab0717aa56097b49,2026-05-11T19:17:14Z,1,"I was hoping for one song that really captures the inexplicable hold the whale can have on the heart of man. There's a reason so many songs and concepts revolve around this idea, and I love using weird music notation to explore it. ",70089271623e45cd94370194e7d94311
spotify:track:3GDIZO71jiE1FEcHEJh3RH,9800e906592547f4ab0717aa56097b49,2026-05-11T19:17:14Z,0,"This reminds me of No Country For Old Men. The whale representing chance - you can do everything you think you should and pursue it with singlemindedness, but chance might have other things in mind. And I don't mean the coin flip thing Judd, I mean the car accident at the end.",70089271623e45cd94370194e7d94311
spotify:track:3PLCgObK5hKV6pUBMWV93U,9800e906592547f4ab0717aa56097b49,2026-05-11T19:17:14Z,1,No notes. It's just too perfect. ,70089271623e45cd94370194e7d94311
spotify:track:5OjCsHeByDYEGxMrb1z8KQ,9800e906592547f4ab0717aa56097b49,2026-05-11T19:17:14Z,1,I thought about submitting this but I didn't because you can't understand it. Would love to hear this as a Rush song. I do like it a lot tho. I love that somehow this is a common theme. ,70089271623e45cd94370194e7d94311
spotify:track:68Nd6AHJ5AlK30RHI3ZJhY,9800e906592547f4ab0717aa56097b49,2026-05-11T19:17:14Z,0,"This is similar in theme to The Last Leviathan, but their Gen X smugness irks me ",70089271623e45cd94370194e7d94311
spotify:track:6y468DyY1V67RBNCwzrMrC,9800e906592547f4ab0717aa56097b49,2026-05-11T19:17:14Z,0,Also no? ,70089271623e45cd94370194e7d94311
spotify:track:7C9gIuGrqJqxR1am1ipNwo,9800e906592547f4ab0717aa56097b49,2026-05-11T19:17:14Z,1,I like how this one is written from the perceptive of the whale. The only one that is truly “whalesong” ,70089271623e45cd94370194e7d94311
spotify:track:7kAp9xBHBUni9n7O58c5Qx,9800e906592547f4ab0717aa56097b49,2026-05-11T19:17:14Z,0,This one is fun but just not as good as the others imo ,70089271623e45cd94370194e7d94311
spotify:track:7zQFM7bHcyMh4QQFdBkjrE,9800e906592547f4ab0717aa56097b49,2026-05-11T19:17:14Z,0,I respect the choice but I don’t enjoy it. ,70089271623e45cd94370194e7d94311
spotify:track:3GDIZO71jiE1FEcHEJh3RH,c8e8de6d21ac4bfba566bc0a8eeef629,2026-05-11T21:43:29Z,4,,70089271623e45cd94370194e7d94311
spotify:track:5OjCsHeByDYEGxMrb1z8KQ,c8e8de6d21ac4bfba566bc0a8eeef629,2026-05-11T21:43:29Z,-1,,70089271623e45cd94370194e7d94311
spotify:track:0eAuGrXyGFYwur9ARUe7LJ,699c7b228f3b436880363c6d92c3976f,2026-05-11T22:06:36Z,-1,,70089271623e45cd94370194e7d94311
spotify:track:1OFKUn2VLafrHj7ybnap0Q,699c7b228f3b436880363c6d92c3976f,2026-05-11T22:06:36Z,0,He does kind of sound like a shake I guess,70089271623e45cd94370194e7d94311
spotify:track:1orwPWuXyCjDAw7S4W4OU4,699c7b228f3b436880363c6d92c3976f,2026-05-11T22:06:36Z,0,"I like what this is going for. Here's the problem: ""On the Whiteness of the Whale"", specifically the footnote on the albatross, is some of the finest prose ever. Needless to say, the lyrics to this song pale by comparison. ",70089271623e45cd94370194e7d94311
spotify:track:3GDIZO71jiE1FEcHEJh3RH,699c7b228f3b436880363c6d92c3976f,2026-05-11T22:06:36Z,0,3 minute of this would be great. 5 minutes tolerable. 8 minutes is cruel and unusual ,70089271623e45cd94370194e7d94311
spotify:track:3PLCgObK5hKV6pUBMWV93U,699c7b228f3b436880363c6d92c3976f,2026-05-11T22:06:36Z,3,A true classic. Stan Rogers has a beautiful voice and his lyrics are unique. Who else could make such a bittersweet song about economic decline (which does benefit the whales)? For that matter who else sings about economic decline and whales in the same song?,70089271623e45cd94370194e7d94311
spotify:track:5OjCsHeByDYEGxMrb1z8KQ,699c7b228f3b436880363c6d92c3976f,2026-05-11T22:06:36Z,0,Hilarious Joseph bait ,70089271623e45cd94370194e7d94311
spotify:track:7C9gIuGrqJqxR1am1ipNwo,699c7b228f3b436880363c6d92c3976f,2026-05-11T22:06:36Z,0,"Beautifully sung, but has about as much subtlety as a dynamited whale. I get that it's trying to make a point (and for what it's worth, I agree with it), but it feels like they thought the listener was dumb and or heartless and incapable of inference. ",70089271623e45cd94370194e7d94311
spotify:track:7kAp9xBHBUni9n7O58c5Qx,699c7b228f3b436880363c6d92c3976f,2026-05-11T22:06:36Z,1,,70089271623e45cd94370194e7d94311
spotify:track:0CQ0bH1Z0VzxIBAoCPCrjs,fa6235d130204772808d133e528b8ad7,2026-05-11T23:08:03Z,0,Takes me back to watching the veggie tales Jonah movie on the dvd player in our 2007 Honda odyssey,70089271623e45cd94370194e7d94311
spotify:track:0eAuGrXyGFYwur9ARUe7LJ,fa6235d130204772808d133e528b8ad7,2026-05-11T23:08:03Z,-1,Maybe I’m totally missing something but I’m not seeing how this is whale related,70089271623e45cd94370194e7d94311
spotify:track:0ECr5PWnUZY1WsnE2zS5RX,fa6235d130204772808d133e528b8ad7,2026-05-11T23:08:03Z,1,"I never played this game so I don’t think this song hits the same for me, but it’s pretty",70089271623e45cd94370194e7d94311
spotify:track:1OFKUn2VLafrHj7ybnap0Q,fa6235d130204772808d133e528b8ad7,2026-05-11T23:08:03Z,0,"I guess you could read this as being sung to a whale maybe? It talks about dolphins and blue…but it’s not a clear or fitting enough read to get my vote, especially for a repeat song",70089271623e45cd94370194e7d94311
spotify:track:1orwPWuXyCjDAw7S4W4OU4,fa6235d130204772808d133e528b8ad7,2026-05-11T23:08:03Z,0,I thought this was really cool at first but tbh it kind of lost me as the song went on. Maybe I just don’t have a good attention span ,70089271623e45cd94370194e7d94311
spotify:track:3GDIZO71jiE1FEcHEJh3RH,fa6235d130204772808d133e528b8ad7,2026-05-11T23:08:03Z,0,This one is only incidentally about whales,70089271623e45cd94370194e7d94311
spotify:track:3PLCgObK5hKV6pUBMWV93U,fa6235d130204772808d133e528b8ad7,2026-05-11T23:08:03Z,1,This is sweet and he has a lovely voice,70089271623e45cd94370194e7d94311
spotify:track:5OjCsHeByDYEGxMrb1z8KQ,fa6235d130204772808d133e528b8ad7,2026-05-11T23:08:03Z,1,"This song is super cool, I wondered if someone (presumably Joseph) would submit it",70089271623e45cd94370194e7d94311
spotify:track:68Nd6AHJ5AlK30RHI3ZJhY,fa6235d130204772808d133e528b8ad7,2026-05-11T23:08:03Z,0,"A rare Pearl Jam song in which Eddie vedder is not on lead vocals, meaning that the words are actually intelligible ",70089271623e45cd94370194e7d94311
spotify:track:6y468DyY1V67RBNCwzrMrC,fa6235d130204772808d133e528b8ad7,2026-05-11T23:08:03Z,1,Somehow this got me. Idk. Maybe the whales like millennial slop,70089271623e45cd94370194e7d94311
spotify:track:0CQ0bH1Z0VzxIBAoCPCrjs,b3c43885f6ce4e8b861545158a22b7a2,2026-05-12T00:19:22Z,-1,,70089271623e45cd94370194e7d94311
spotify:track:3GDIZO71jiE1FEcHEJh3RH,b3c43885f6ce4e8b861545158a22b7a2,2026-05-12T00:19:22Z,1,,70089271623e45cd94370194e7d94311
spotify:track:3PLCgObK5hKV6pUBMWV93U,b3c43885f6ce4e8b861545158a22b7a2,2026-05-12T00:19:22Z,1,,70089271623e45cd94370194e7d94311
spotify:track:68Nd6AHJ5AlK30RHI3ZJhY,b3c43885f6ce4e8b861545158a22b7a2,2026-05-12T00:19:22Z,1,,70089271623e45cd94370194e7d94311
spotify:track:7C9gIuGrqJqxR1am1ipNwo,b3c43885f6ce4e8b861545158a22b7a2,2026-05-12T00:19:22Z,1,,70089271623e45cd94370194e7d94311
spotify:track:0CQ0bH1Z0VzxIBAoCPCrjs,80a489147c544db5a53c5cede65c4617,2026-05-12T00:50:09Z,0,Throwback!,70089271623e45cd94370194e7d94311
spotify:track:0eAuGrXyGFYwur9ARUe7LJ,80a489147c544db5a53c5cede65c4617,2026-05-12T00:50:09Z,-1,"Sadly, there are no whales in this song

Also, egregious bridge ",70089271623e45cd94370194e7d94311
spotify:track:0ECr5PWnUZY1WsnE2zS5RX,80a489147c544db5a53c5cede65c4617,2026-05-12T00:50:09Z,0,This is not what whales sound like if that’s what you were going for ,70089271623e45cd94370194e7d94311
spotify:track:1OFKUn2VLafrHj7ybnap0Q,80a489147c544db5a53c5cede65c4617,2026-05-12T00:50:09Z,0,Is the girl in the song a whale? No? Not a whale song. ,70089271623e45cd94370194e7d94311
spotify:track:3GDIZO71jiE1FEcHEJh3RH,80a489147c544db5a53c5cede65c4617,2026-05-12T00:50:09Z,0,Stereotypical and harmful depiction of whales. Educate yourself,70089271623e45cd94370194e7d94311
spotify:track:3PLCgObK5hKV6pUBMWV93U,80a489147c544db5a53c5cede65c4617,2026-05-12T00:50:09Z,1,"Gorgeous. Even though this has been submitted before (by yours truly), cannot resist",70089271623e45cd94370194e7d94311
spotify:track:68Nd6AHJ5AlK30RHI3ZJhY,80a489147c544db5a53c5cede65c4617,2026-05-12T00:50:09Z,1,"This is a truly awful, terrible song. However, it respects whales. Upvote",70089271623e45cd94370194e7d94311
spotify:track:6y468DyY1V67RBNCwzrMrC,80a489147c544db5a53c5cede65c4617,2026-05-12T00:50:09Z,0,Trying too hard to be clever this round. No whales,70089271623e45cd94370194e7d94311
spotify:track:7C9gIuGrqJqxR1am1ipNwo,80a489147c544db5a53c5cede65c4617,2026-05-12T00:50:09Z,1,Was not expecting to cry over my chickpeas today. Makes me want to throw soup on a classic work of art,70089271623e45cd94370194e7d94311
spotify:track:7kAp9xBHBUni9n7O58c5Qx,80a489147c544db5a53c5cede65c4617,2026-05-12T00:50:09Z,0,This has not the gravitas with which whales must be treated,70089271623e45cd94370194e7d94311
spotify:track:7zQFM7bHcyMh4QQFdBkjrE,80a489147c544db5a53c5cede65c4617,2026-05-12T00:50:09Z,1,I vaguely remember this from early childhood. Nostalgia upvote. Conjures adorable images,70089271623e45cd94370194e7d94311
spotify:track:1OFKUn2VLafrHj7ybnap0Q,42db3c63b69a4479bedfcc2d22a6b73a,2026-05-12T01:46:19Z,1,,70089271623e45cd94370194e7d94311
spotify:track:3GDIZO71jiE1FEcHEJh3RH,42db3c63b69a4479bedfcc2d22a6b73a,2026-05-12T01:46:19Z,1,,70089271623e45cd94370194e7d94311
spotify:track:3PLCgObK5hKV6pUBMWV93U,42db3c63b69a4479bedfcc2d22a6b73a,2026-05-12T01:46:19Z,1,,70089271623e45cd94370194e7d94311
spotify:track:5OjCsHeByDYEGxMrb1z8KQ,42db3c63b69a4479bedfcc2d22a6b73a,2026-05-12T01:46:19Z,1,,70089271623e45cd94370194e7d94311
spotify:track:7C9gIuGrqJqxR1am1ipNwo,42db3c63b69a4479bedfcc2d22a6b73a,2026-05-12T01:46:19Z,-1,,70089271623e45cd94370194e7d94311
spotify:track:0CQ0bH1Z0VzxIBAoCPCrjs,fc418ffeadb64c3f8e93a25fb942984f,2026-05-12T01:58:56Z,1,"This song gave me flashbacks, so thank you I guess?",70089271623e45cd94370194e7d94311
spotify:track:0eAuGrXyGFYwur9ARUe7LJ,fc418ffeadb64c3f8e93a25fb942984f,2026-05-12T01:58:56Z,-1,Didn’t see the connection ,70089271623e45cd94370194e7d94311
spotify:track:0ECr5PWnUZY1WsnE2zS5RX,fc418ffeadb64c3f8e93a25fb942984f,2026-05-12T01:58:56Z,0,"Also didn’t see the connection, but I not familiar with Super Mario Bros so perhaps I’m just uneducated here",70089271623e45cd94370194e7d94311
spotify:track:1OFKUn2VLafrHj7ybnap0Q,fc418ffeadb64c3f8e93a25fb942984f,2026-05-12T01:58:56Z,0,🤔,70089271623e45cd94370194e7d94311
spotify:track:3PLCgObK5hKV6pUBMWV93U,fc418ffeadb64c3f8e93a25fb942984f,2026-05-12T01:58:56Z,1,Ok there’s something about Stan Rogers that just soothes my soul,70089271623e45cd94370194e7d94311
spotify:track:5OjCsHeByDYEGxMrb1z8KQ,fc418ffeadb64c3f8e93a25fb942984f,2026-05-12T01:58:56Z,0,Mkay Joseph you were just waiting for this round weren’t you,70089271623e45cd94370194e7d94311
spotify:track:7C9gIuGrqJqxR1am1ipNwo,fc418ffeadb64c3f8e93a25fb942984f,2026-05-12T01:58:56Z,1,,70089271623e45cd94370194e7d94311
spotify:track:7zQFM7bHcyMh4QQFdBkjrE,fc418ffeadb64c3f8e93a25fb942984f,2026-05-12T01:58:56Z,1,"Ok for a children’s song, this was actually enjoyable. Can we please bring back quality music for children?😩",70089271623e45cd94370194e7d94311
spotify:track:0eAuGrXyGFYwur9ARUe7LJ,98739434088f411e9e1918725eedb295,2026-05-12T02:25:29Z,-1,No clue what this has to do with whales.,70089271623e45cd94370194e7d94311
spotify:track:0ECr5PWnUZY1WsnE2zS5RX,98739434088f411e9e1918725eedb295,2026-05-12T02:25:29Z,1,Amazing pull.  Our whale friends would love this one.,70089271623e45cd94370194e7d94311
spotify:track:1orwPWuXyCjDAw7S4W4OU4,98739434088f411e9e1918725eedb295,2026-05-12T02:25:29Z,0,A little too on the nose?,70089271623e45cd94370194e7d94311
spotify:track:3PLCgObK5hKV6pUBMWV93U,98739434088f411e9e1918725eedb295,2026-05-12T02:25:29Z,1,,70089271623e45cd94370194e7d94311
spotify:track:5OjCsHeByDYEGxMrb1z8KQ,98739434088f411e9e1918725eedb295,2026-05-12T02:25:29Z,0,Why do you do this to us Joseph,70089271623e45cd94370194e7d94311
spotify:track:6y468DyY1V67RBNCwzrMrC,98739434088f411e9e1918725eedb295,2026-05-12T02:25:29Z,0,Whalesong not whaleartist,70089271623e45cd94370194e7d94311
spotify:track:7C9gIuGrqJqxR1am1ipNwo,98739434088f411e9e1918725eedb295,2026-05-12T02:25:29Z,1,"Man, this was great.",70089271623e45cd94370194e7d94311
spotify:track:7kAp9xBHBUni9n7O58c5Qx,98739434088f411e9e1918725eedb295,2026-05-12T02:25:29Z,1,"Somehow this song captures both the depression and freneticism of irish music in a song about whales.  Way to go, good pull.",70089271623e45cd94370194e7d94311
spotify:track:7zQFM7bHcyMh4QQFdBkjrE,98739434088f411e9e1918725eedb295,2026-05-12T02:25:29Z,0,"Ok, This was a really good.  Sorry, this was 5th for me.",70089271623e45cd94370194e7d94311
spotify:track:043CB5VqGkGOXOCndP650N,0f4f7275b1234127a43771293d707c5c,2026-05-14T17:31:46Z,0,loved this shout but not insidious enough for me,616e9d29e70b4bf7b68908d1fbf31b34
spotify:track:0pdfN7nOHMYmKykzu1cyfm,0f4f7275b1234127a43771293d707c5c,2026-05-14T17:31:46Z,0,Yeah this is sus ,616e9d29e70b4bf7b68908d1fbf31b34
spotify:track:1Ge0iAZ692qwAR9LdlCBjl,0f4f7275b1234127a43771293d707c5c,2026-05-14T17:31:46Z,0,Bach knew what he was doin lbr,616e9d29e70b4bf7b68908d1fbf31b34
spotify:track:1JSTJqkT5qHq8MDJnJbRE1,0f4f7275b1234127a43771293d707c5c,2026-05-14T17:31:46Z,1,nice,616e9d29e70b4bf7b68908d1fbf31b34
spotify:track:1whGsTogAa4HKJaREFQYZb,0f4f7275b1234127a43771293d707c5c,2026-05-14T17:31:46Z,0,I read the lyrics and still not understanding this as evil,616e9d29e70b4bf7b68908d1fbf31b34
spotify:track:3I09LQbHS3NSU46Ly3tPpR,0f4f7275b1234127a43771293d707c5c,2026-05-14T17:31:46Z,0,why cant a white canadian boy feel a little good sometimes?,616e9d29e70b4bf7b68908d1fbf31b34
spotify:track:3IPnBzGRMg6BfViFxxa0Gq,0f4f7275b1234127a43771293d707c5c,2026-05-14T17:31:46Z,2,actually dangerously evil in a way; Elsa's crashout was valid,616e9d29e70b4bf7b68908d1fbf31b34
spotify:track:4Lz33Oi0UQ6SECXsT80Tx2,0f4f7275b1234127a43771293d707c5c,2026-05-14T17:31:46Z,1,Ahhh... sounds like they aren't condoning the evil tho? Either that or the evil is purposeful? This one made me think,616e9d29e70b4bf7b68908d1fbf31b34
spotify:track:6x4tKaOzfNJpEJHySoiJcs,0f4f7275b1234127a43771293d707c5c,2026-05-14T17:31:46Z,0,But Judd says it's ok to go on lots of dates,616e9d29e70b4bf7b68908d1fbf31b34
spotify:track:7pKfPomDEeI4TPT6EOYjn9,0f4f7275b1234127a43771293d707c5c,2026-05-14T17:31:46Z,0,"fs a classic for this category alongside My Way 

but I am going to reward the creativity of others' submissions",616e9d29e70b4bf7b68908d1fbf31b34
spotify:track:7zsw78LtXUD7JfEwH64HK2,0f4f7275b1234127a43771293d707c5c,2026-05-14T17:31:46Z,-1,bro...,616e9d29e70b4bf7b68908d1fbf31b34
spotify:track:043CB5VqGkGOXOCndP650N,80a489147c544db5a53c5cede65c4617,2026-05-14T18:34:32Z,0,Let the girls have a little fun,616e9d29e70b4bf7b68908d1fbf31b34
spotify:track:1Ge0iAZ692qwAR9LdlCBjl,80a489147c544db5a53c5cede65c4617,2026-05-14T18:34:32Z,2,"Brilliant, perfect submission. Bach definitely didn’t intend the spooky, villainous vibes this piece has come to be associated with. No notes",616e9d29e70b4bf7b68908d1fbf31b34
spotify:track:1JSTJqkT5qHq8MDJnJbRE1,80a489147c544db5a53c5cede65c4617,2026-05-14T18:34:32Z,0,"This is not accidental, much as it pains me not to upvote. Sting has commented on how he’s surprised people use this as a first dance song",616e9d29e70b4bf7b68908d1fbf31b34
spotify:track:3I09LQbHS3NSU46Ly3tPpR,80a489147c544db5a53c5cede65c4617,2026-05-14T18:34:32Z,-1,This one has me very confused,616e9d29e70b4bf7b68908d1fbf31b34
spotify:track:3IPnBzGRMg6BfViFxxa0Gq,80a489147c544db5a53c5cede65c4617,2026-05-14T18:34:32Z,0,Not sure on the read here,616e9d29e70b4bf7b68908d1fbf31b34
spotify:track:4Lz33Oi0UQ6SECXsT80Tx2,80a489147c544db5a53c5cede65c4617,2026-05-14T18:34:32Z,0,"Pretty sure Neil Young doesn’t agree with the perspective of the protagonist of the song, so not accidental",616e9d29e70b4bf7b68908d1fbf31b34
spotify:track:6x4tKaOzfNJpEJHySoiJcs,80a489147c544db5a53c5cede65c4617,2026-05-14T18:34:32Z,0,This is intentionally evil,616e9d29e70b4bf7b68908d1fbf31b34
spotify:track:7DYH202qpZ1MwLBMd7uvb1,80a489147c544db5a53c5cede65c4617,2026-05-14T18:34:32Z,0,Huh?,616e9d29e70b4bf7b68908d1fbf31b34
spotify:track:7pKfPomDEeI4TPT6EOYjn9,80a489147c544db5a53c5cede65c4617,2026-05-14T18:34:32Z,2,The definitive answer. Absolutely diabolical and totally unironic,616e9d29e70b4bf7b68908d1fbf31b34
spotify:track:7zsw78LtXUD7JfEwH64HK2,80a489147c544db5a53c5cede65c4617,2026-05-14T18:34:32Z,0,"Not accidental, this is literally the villain",616e9d29e70b4bf7b68908d1fbf31b34
spotify:track:1JSTJqkT5qHq8MDJnJbRE1,f53f0969b04049b5ba39a303ebb3e987,2026-05-14T21:57:15Z,1,,616e9d29e70b4bf7b68908d1fbf31b34
spotify:track:1whGsTogAa4HKJaREFQYZb,f53f0969b04049b5ba39a303ebb3e987,2026-05-14T21:57:15Z,1,,616e9d29e70b4bf7b68908d1fbf31b34
spotify:track:4Lz33Oi0UQ6SECXsT80Tx2,f53f0969b04049b5ba39a303ebb3e987,2026-05-14T21:57:15Z,-1,,616e9d29e70b4bf7b68908d1fbf31b34
spotify:track:6x4tKaOzfNJpEJHySoiJcs,f53f0969b04049b5ba39a303ebb3e987,2026-05-14T21:57:15Z,1,,616e9d29e70b4bf7b68908d1fbf31b34
spotify:track:7DYH202qpZ1MwLBMd7uvb1,f53f0969b04049b5ba39a303ebb3e987,2026-05-14T21:57:15Z,1,,616e9d29e70b4bf7b68908d1fbf31b34
spotify:track:1Ge0iAZ692qwAR9LdlCBjl,c1b6888dec1e4113b65883ad590d3969,2026-05-15T02:10:08Z,2,,616e9d29e70b4bf7b68908d1fbf31b34
spotify:track:1JSTJqkT5qHq8MDJnJbRE1,c1b6888dec1e4113b65883ad590d3969,2026-05-15T02:10:08Z,1,Almost submitted this myself,616e9d29e70b4bf7b68908d1fbf31b34
spotify:track:6x4tKaOzfNJpEJHySoiJcs,c1b6888dec1e4113b65883ad590d3969,2026-05-15T02:10:08Z,1,,616e9d29e70b4bf7b68908d1fbf31b34
spotify:track:7pKfPomDEeI4TPT6EOYjn9,c1b6888dec1e4113b65883ad590d3969,2026-05-15T02:10:08Z,-1,Thought about submitting this as well but no rewards for repeats,616e9d29e70b4bf7b68908d1fbf31b34
spotify:track:1JSTJqkT5qHq8MDJnJbRE1,699c7b228f3b436880363c6d92c3976f,2026-05-15T19:36:46Z,1,Yeah this fits the category ,616e9d29e70b4bf7b68908d1fbf31b34
spotify:track:3I09LQbHS3NSU46Ly3tPpR,699c7b228f3b436880363c6d92c3976f,2026-05-15T19:36:46Z,0,"For the last 5 years , I have voted Michael Buble on the Guardian.co.uk poll ""Evilest Man Alive"". Nobody listens. Thank you for submitting this. I feel affirmed. ",616e9d29e70b4bf7b68908d1fbf31b34
spotify:track:3IPnBzGRMg6BfViFxxa0Gq,699c7b228f3b436880363c6d92c3976f,2026-05-15T19:36:46Z,1,The vapidity of this song is truly evil. ,616e9d29e70b4bf7b68908d1fbf31b34
spotify:track:4Lz33Oi0UQ6SECXsT80Tx2,699c7b228f3b436880363c6d92c3976f,2026-05-15T19:36:46Z,-1,"I don't get what's accidentally evil about this song, unless you are rabidly pro-Southern. Even the unreconstructed Dr. ""Stonewall""* Roberts wouldn't go that far.



*This nickname was given for his shockingly stalwart doctoral defense.",616e9d29e70b4bf7b68908d1fbf31b34
spotify:track:7pKfPomDEeI4TPT6EOYjn9,699c7b228f3b436880363c6d92c3976f,2026-05-15T19:36:46Z,2,Perfect example of accidently evil,616e9d29e70b4bf7b68908d1fbf31b34
spotify:track:7zsw78LtXUD7JfEwH64HK2,699c7b228f3b436880363c6d92c3976f,2026-05-15T19:36:46Z,0,"I too sympathize with the octopus lady, but the evilness is much intended. ",616e9d29e70b4bf7b68908d1fbf31b34
spotify:track:043CB5VqGkGOXOCndP650N,fa6235d130204772808d133e528b8ad7,2026-05-17T07:17:06Z,0,Maybe I need to look at the lyrics more closely but I don’t quite see the evil read of this ,616e9d29e70b4bf7b68908d1fbf31b34
spotify:track:0pdfN7nOHMYmKykzu1cyfm,fa6235d130204772808d133e528b8ad7,2026-05-17T07:17:06Z,0,"This is not only a repeat, it’s a repeat that’s giving essentially the same read of the song. Would’ve downvoted but I’d feel bad if this person wasn’t here for the previous league (Peter or Richard?)",616e9d29e70b4bf7b68908d1fbf31b34
spotify:track:1Ge0iAZ692qwAR9LdlCBjl,fa6235d130204772808d133e528b8ad7,2026-05-17T07:17:06Z,1,This is a perfect submission for this round,616e9d29e70b4bf7b68908d1fbf31b34
spotify:track:1JSTJqkT5qHq8MDJnJbRE1,fa6235d130204772808d133e528b8ad7,2026-05-17T07:17:06Z,0,Too obvious ,616e9d29e70b4bf7b68908d1fbf31b34
spotify:track:1whGsTogAa4HKJaREFQYZb,fa6235d130204772808d133e528b8ad7,2026-05-17T07:17:06Z,0,I’m not sure I’m getting the evil vibes ,616e9d29e70b4bf7b68908d1fbf31b34
spotify:track:3IPnBzGRMg6BfViFxxa0Gq,fa6235d130204772808d133e528b8ad7,2026-05-17T07:17:06Z,0,Secretly evil =/= accidentally evil,616e9d29e70b4bf7b68908d1fbf31b34
spotify:track:4Lz33Oi0UQ6SECXsT80Tx2,fa6235d130204772808d133e528b8ad7,2026-05-17T07:17:06Z,1,,616e9d29e70b4bf7b68908d1fbf31b34
spotify:track:6x4tKaOzfNJpEJHySoiJcs,fa6235d130204772808d133e528b8ad7,2026-05-17T07:17:06Z,1,I guess this sounds kinda fun but really the guy is a a good for nothing player and that’s evil? Not sure I fully see it but tbh I wasn’t impressed by many songs this round so you get a vote ,616e9d29e70b4bf7b68908d1fbf31b34
spotify:track:7DYH202qpZ1MwLBMd7uvb1,fa6235d130204772808d133e528b8ad7,2026-05-17T07:17:06Z,1,,616e9d29e70b4bf7b68908d1fbf31b34
spotify:track:7pKfPomDEeI4TPT6EOYjn9,fa6235d130204772808d133e528b8ad7,2026-05-17T07:17:06Z,0,"I feel like this is a classic one like My Way where yes, there’s a weird less than good read of it, but that’s kind of a tired and overdone take",616e9d29e70b4bf7b68908d1fbf31b34
spotify:track:7zsw78LtXUD7JfEwH64HK2,fa6235d130204772808d133e528b8ad7,2026-05-17T07:17:06Z,-1,"Here too, secretly evil =/= accidentally evil. And in this case while a character in the story isn’t aware of the evil, it’s extremely clear to the audience ",616e9d29e70b4bf7b68908d1fbf31b34
spotify:track:1JSTJqkT5qHq8MDJnJbRE1,42db3c63b69a4479bedfcc2d22a6b73a,2026-05-17T18:46:51Z,1,,616e9d29e70b4bf7b68908d1fbf31b34
spotify:track:1whGsTogAa4HKJaREFQYZb,42db3c63b69a4479bedfcc2d22a6b73a,2026-05-17T18:46:51Z,1,,616e9d29e70b4bf7b68908d1fbf31b34
spotify:track:3IPnBzGRMg6BfViFxxa0Gq,42db3c63b69a4479bedfcc2d22a6b73a,2026-05-17T18:46:51Z,-1,,616e9d29e70b4bf7b68908d1fbf31b34
spotify:track:4Lz33Oi0UQ6SECXsT80Tx2,42db3c63b69a4479bedfcc2d22a6b73a,2026-05-17T18:46:51Z,1,,616e9d29e70b4bf7b68908d1fbf31b34
spotify:track:6x4tKaOzfNJpEJHySoiJcs,42db3c63b69a4479bedfcc2d22a6b73a,2026-05-17T18:46:51Z,1,,616e9d29e70b4bf7b68908d1fbf31b34
spotify:track:0pdfN7nOHMYmKykzu1cyfm,98739434088f411e9e1918725eedb295,2026-05-17T23:21:03Z,0,Toxic femininity in a song.,616e9d29e70b4bf7b68908d1fbf31b34
spotify:track:1Ge0iAZ692qwAR9LdlCBjl,98739434088f411e9e1918725eedb295,2026-05-17T23:21:03Z,1,Definitely wasn't intended to sound evil. Clever.,616e9d29e70b4bf7b68908d1fbf31b34
spotify:track:1JSTJqkT5qHq8MDJnJbRE1,98739434088f411e9e1918725eedb295,2026-05-17T23:21:03Z,1,Accidentally?  maybe he was clueless enough  not to know that this song was just super weird and therefore i give it an upvote.,616e9d29e70b4bf7b68908d1fbf31b34
spotify:track:1whGsTogAa4HKJaREFQYZb,98739434088f411e9e1918725eedb295,2026-05-17T23:21:03Z,0,"This song is great, but I really don't see how it's acciedentally evil.  Just another delusional gambler.",616e9d29e70b4bf7b68908d1fbf31b34
spotify:track:3I09LQbHS3NSU46Ly3tPpR,98739434088f411e9e1918725eedb295,2026-05-17T23:21:03Z,-1,Don't see how this is evil at all.,616e9d29e70b4bf7b68908d1fbf31b34
spotify:track:3IPnBzGRMg6BfViFxxa0Gq,98739434088f411e9e1918725eedb295,2026-05-17T23:21:03Z,0,"I actually think ""Let it go"" is the more of the ""accidentally evil"" song from Frozen",616e9d29e70b4bf7b68908d1fbf31b34
spotify:track:6x4tKaOzfNJpEJHySoiJcs,98739434088f411e9e1918725eedb295,2026-05-17T23:21:03Z,0,"Ok to be clear, fornication is evil.  But i feel like there are so many songs about it that we're looking for a different kind of evil here.",616e9d29e70b4bf7b68908d1fbf31b34
spotify:track:7DYH202qpZ1MwLBMd7uvb1,98739434088f411e9e1918725eedb295,2026-05-17T23:21:03Z,2,"Our culture is in a crisis of limits and a failure to adhere to them, and this song insists on abolishing those limits. Therefore I upvote",616e9d29e70b4bf7b68908d1fbf31b34
spotify:track:7pKfPomDEeI4TPT6EOYjn9,98739434088f411e9e1918725eedb295,2026-05-17T23:21:03Z,0,Conservative Boomer Christian Ragebait right here.,616e9d29e70b4bf7b68908d1fbf31b34
spotify:track:7zsw78LtXUD7JfEwH64HK2,98739434088f411e9e1918725eedb295,2026-05-17T23:21:03Z,0,Not really accidentally evil.  Just actually evil.  Does she believe she's doing good? It doesn't seem so.,616e9d29e70b4bf7b68908d1fbf31b34
spotify:track:0pdfN7nOHMYmKykzu1cyfm,fc418ffeadb64c3f8e93a25fb942984f,2026-05-18T00:47:18Z,1,,616e9d29e70b4bf7b68908d1fbf31b34
spotify:track:1JSTJqkT5qHq8MDJnJbRE1,fc418ffeadb64c3f8e93a25fb942984f,2026-05-18T00:47:18Z,1,,616e9d29e70b4bf7b68908d1fbf31b34
spotify:track:1whGsTogAa4HKJaREFQYZb,fc418ffeadb64c3f8e93a25fb942984f,2026-05-18T00:47:18Z,-1,There were many others I wanted to downvote but this one was just so far out from right field,616e9d29e70b4bf7b68908d1fbf31b34
spotify:track:3I09LQbHS3NSU46Ly3tPpR,fc418ffeadb64c3f8e93a25fb942984f,2026-05-18T00:47:18Z,0,Why,616e9d29e70b4bf7b68908d1fbf31b34
spotify:track:6x4tKaOzfNJpEJHySoiJcs,fc418ffeadb64c3f8e93a25fb942984f,2026-05-18T00:47:18Z,1,,616e9d29e70b4bf7b68908d1fbf31b34
spotify:track:7pKfPomDEeI4TPT6EOYjn9,fc418ffeadb64c3f8e93a25fb942984f,2026-05-18T00:47:18Z,1,,616e9d29e70b4bf7b68908d1fbf31b34
spotify:track:7zsw78LtXUD7JfEwH64HK2,fc418ffeadb64c3f8e93a25fb942984f,2026-05-18T00:47:18Z,0,Literally purposefully evil ,616e9d29e70b4bf7b68908d1fbf31b34
spotify:track:043CB5VqGkGOXOCndP650N,b3c43885f6ce4e8b861545158a22b7a2,2026-05-18T02:51:03Z,1,,616e9d29e70b4bf7b68908d1fbf31b34
spotify:track:1Ge0iAZ692qwAR9LdlCBjl,b3c43885f6ce4e8b861545158a22b7a2,2026-05-18T02:51:03Z,1,,616e9d29e70b4bf7b68908d1fbf31b34
spotify:track:3IPnBzGRMg6BfViFxxa0Gq,b3c43885f6ce4e8b861545158a22b7a2,2026-05-18T02:51:03Z,1,,616e9d29e70b4bf7b68908d1fbf31b34
spotify:track:7DYH202qpZ1MwLBMd7uvb1,b3c43885f6ce4e8b861545158a22b7a2,2026-05-18T02:51:03Z,-1,,616e9d29e70b4bf7b68908d1fbf31b34
spotify:track:7pKfPomDEeI4TPT6EOYjn9,b3c43885f6ce4e8b861545158a22b7a2,2026-05-18T02:51:03Z,1,,616e9d29e70b4bf7b68908d1fbf31b34
spotify:track:043CB5VqGkGOXOCndP650N,6d8e32d102054531811ff5c8a625977c,2026-05-18T02:57:55Z,1,,616e9d29e70b4bf7b68908d1fbf31b34
spotify:track:1Ge0iAZ692qwAR9LdlCBjl,6d8e32d102054531811ff5c8a625977c,2026-05-18T02:57:55Z,1,"As Joseph once said, instrumental tracks have to work harder to get a vote and this one does. Very clever ",616e9d29e70b4bf7b68908d1fbf31b34
spotify:track:1JSTJqkT5qHq8MDJnJbRE1,6d8e32d102054531811ff5c8a625977c,2026-05-18T02:57:55Z,-1,This one is in a sense the opposite of accidentally evil; it’s intentionally evil but accidentally sounded otherwise ,616e9d29e70b4bf7b68908d1fbf31b34
spotify:track:3I09LQbHS3NSU46Ly3tPpR,6d8e32d102054531811ff5c8a625977c,2026-05-18T02:57:55Z,1,,616e9d29e70b4bf7b68908d1fbf31b34
spotify:track:6x4tKaOzfNJpEJHySoiJcs,6d8e32d102054531811ff5c8a625977c,2026-05-18T02:57:55Z,1,,616e9d29e70b4bf7b68908d1fbf31b34
spotify:track:0JBFlDivbkrskU7oYnjdIU,0f4f7275b1234127a43771293d707c5c,2026-05-20T05:47:51Z,0,"Not enough of a “banger” 
 for me ",be3ff0d69868491f8130eac376092923
spotify:track:1KTemUlHzS0SvVtTjY1NTw,0f4f7275b1234127a43771293d707c5c,2026-05-20T05:47:51Z,1,Love William. I think about his and Gordon’s talent show in Indianapolis often.,be3ff0d69868491f8130eac376092923
spotify:track:28cnXtME493VX9NOw9cIUh,0f4f7275b1234127a43771293d707c5c,2026-05-20T05:47:51Z,0,"it’s a repeat but it’s a banger, we know",be3ff0d69868491f8130eac376092923
spotify:track:2bD79gh9TsT1GT5khYcTu3,0f4f7275b1234127a43771293d707c5c,2026-05-20T05:47:51Z,0,This is an absolute classic in the Mulholland house (in an ironic way but also not since it slaps and works all too well) but I get that for most of you it might be an unwelcome cover at first listen. This whole album is super fun though,be3ff0d69868491f8130eac376092923
spotify:track:56qUBBEdeXNkq7JRDlJnJx,0f4f7275b1234127a43771293d707c5c,2026-05-20T05:47:51Z,1,"The Magdalen girl mentioned 

Love that this sounds like a 100 year old song ",be3ff0d69868491f8130eac376092923
spotify:track:59RZ5SRrzwUZm0b8QXQOI1,0f4f7275b1234127a43771293d707c5c,2026-05-20T05:47:51Z,1,Clever ,be3ff0d69868491f8130eac376092923
spotify:track:61JDaStnXY3vbaEjliB5WA,0f4f7275b1234127a43771293d707c5c,2026-05-20T05:47:51Z,0,Unbelievably mid in a way that leads me to believe this was Judd?,be3ff0d69868491f8130eac376092923
spotify:track:6dGnYIeXmHdcikdzNNDMm2,0f4f7275b1234127a43771293d707c5c,2026-05-20T05:47:51Z,0,"Idk if this is late career enough but maybe I’m just ignorant? It’s a classic but I feel like their stuff was all released so close together anyway 
But some others impressed me more with their creativity ",be3ff0d69868491f8130eac376092923
spotify:track:6TJhVQxco8v6eib1W3ylFW,0f4f7275b1234127a43771293d707c5c,2026-05-20T05:47:51Z,1,This is fun ,be3ff0d69868491f8130eac376092923
spotify:track:7hq1Zo9SwHN8Hi2Q4vn6PU,0f4f7275b1234127a43771293d707c5c,2026-05-20T05:47:51Z,0,"Fun
Generic eagles vibes",be3ff0d69868491f8130eac376092923
spotify:track:7ottDUMz3VomUN2Ln9FWdI,0f4f7275b1234127a43771293d707c5c,2026-05-20T05:47:51Z,-1,My voting this round was heavy on the “is this a “banger”?” (Since I didn’t feel like researching the career of each artist so I mainly trusted) And I liked this song but it’s not giving “banger” and there are just so many possibilities out there so I think you could have picked better.,be3ff0d69868491f8130eac376092923
spotify:track:1KTemUlHzS0SvVtTjY1NTw,f53f0969b04049b5ba39a303ebb3e987,2026-05-20T18:27:51Z,1,,be3ff0d69868491f8130eac376092923
spotify:track:28cnXtME493VX9NOw9cIUh,f53f0969b04049b5ba39a303ebb3e987,2026-05-20T18:27:51Z,1,,be3ff0d69868491f8130eac376092923
spotify:track:56qUBBEdeXNkq7JRDlJnJx,f53f0969b04049b5ba39a303ebb3e987,2026-05-20T18:27:51Z,1,,be3ff0d69868491f8130eac376092923
spotify:track:6dGnYIeXmHdcikdzNNDMm2,f53f0969b04049b5ba39a303ebb3e987,2026-05-20T18:27:51Z,-1,,be3ff0d69868491f8130eac376092923
spotify:track:7hq1Zo9SwHN8Hi2Q4vn6PU,f53f0969b04049b5ba39a303ebb3e987,2026-05-20T18:27:51Z,1,,be3ff0d69868491f8130eac376092923
spotify:track:28cnXtME493VX9NOw9cIUh,c1b6888dec1e4113b65883ad590d3969,2026-05-20T23:57:17Z,1,,be3ff0d69868491f8130eac376092923
spotify:track:2bD79gh9TsT1GT5khYcTu3,c1b6888dec1e4113b65883ad590d3969,2026-05-20T23:57:17Z,-1,,be3ff0d69868491f8130eac376092923
spotify:track:59RZ5SRrzwUZm0b8QXQOI1,c1b6888dec1e4113b65883ad590d3969,2026-05-20T23:57:17Z,1,,be3ff0d69868491f8130eac376092923
spotify:track:7ottDUMz3VomUN2Ln9FWdI,c1b6888dec1e4113b65883ad590d3969,2026-05-20T23:57:17Z,2,,be3ff0d69868491f8130eac376092923
spotify:track:0JBFlDivbkrskU7oYnjdIU,b3c43885f6ce4e8b861545158a22b7a2,2026-05-23T04:04:41Z,1,,be3ff0d69868491f8130eac376092923
spotify:track:28cnXtME493VX9NOw9cIUh,b3c43885f6ce4e8b861545158a22b7a2,2026-05-23T04:04:41Z,1,,be3ff0d69868491f8130eac376092923
spotify:track:59RZ5SRrzwUZm0b8QXQOI1,b3c43885f6ce4e8b861545158a22b7a2,2026-05-23T04:04:41Z,1,,be3ff0d69868491f8130eac376092923
spotify:track:6dGnYIeXmHdcikdzNNDMm2,b3c43885f6ce4e8b861545158a22b7a2,2026-05-23T04:04:41Z,-1,,be3ff0d69868491f8130eac376092923
spotify:track:6TJhVQxco8v6eib1W3ylFW,b3c43885f6ce4e8b861545158a22b7a2,2026-05-23T04:04:41Z,1,,be3ff0d69868491f8130eac376092923
spotify:track:28cnXtME493VX9NOw9cIUh,9800e906592547f4ab0717aa56097b49,2026-05-23T17:15:51Z,0,I just don’t think a cover captures the full essence of what the category is about (x2),be3ff0d69868491f8130eac376092923
spotify:track:0JBFlDivbkrskU7oYnjdIU,9800e906592547f4ab0717aa56097b49,2026-05-23T17:15:51Z,2,"What’s crazy is that you could pick at least two songs off every album he’s released since 1997 that could qualify for this category. From this one, this is a good choice, although I like “I’ve made up my mind to give myself to you” and “Key West (philosopher pirate)” just as much.

Giving 2 upvotes just because most others didn’t do it for me and I know people won’t appreciate this properly ",be3ff0d69868491f8130eac376092923
spotify:track:1KTemUlHzS0SvVtTjY1NTw,9800e906592547f4ab0717aa56097b49,2026-05-23T17:15:51Z,1,This was wonderful. I expected it to be from the early 2000s and was surprised to see it was 2024. Perfect choice. ,be3ff0d69868491f8130eac376092923
spotify:track:2bD79gh9TsT1GT5khYcTu3,9800e906592547f4ab0717aa56097b49,2026-05-23T17:15:51Z,0,I just don’t think a cover captures the full essence of what the category is about (x2),be3ff0d69868491f8130eac376092923
spotify:track:56qUBBEdeXNkq7JRDlJnJx,9800e906592547f4ab0717aa56097b49,2026-05-23T17:15:51Z,1,Banger. I’d see this musical. ,be3ff0d69868491f8130eac376092923
spotify:track:59RZ5SRrzwUZm0b8QXQOI1,9800e906592547f4ab0717aa56097b49,2026-05-23T17:15:51Z,0,"Dying during the height of your career makes this fit the letter of the round, but not the spirit of the round. ",be3ff0d69868491f8130eac376092923
spotify:track:61JDaStnXY3vbaEjliB5WA,9800e906592547f4ab0717aa56097b49,2026-05-23T17:15:51Z,0,"I feel like if Damon is still pumping out hits with Gorillaz, he should be able to do better than this with Blur ",be3ff0d69868491f8130eac376092923
spotify:track:6dGnYIeXmHdcikdzNNDMm2,9800e906592547f4ab0717aa56097b49,2026-05-23T17:15:51Z,-1,Don’t play cute with us,be3ff0d69868491f8130eac376092923
spotify:track:7hq1Zo9SwHN8Hi2Q4vn6PU,9800e906592547f4ab0717aa56097b49,2026-05-23T17:15:51Z,0,"This just didn’t stand out to me despite sounding technically so proficient and nice. It’s like “Eagles do the Eagles”

Which is true of the Billy Joel song too but that one actually felt like it had heart ",be3ff0d69868491f8130eac376092923
spotify:track:7ottDUMz3VomUN2Ln9FWdI,9800e906592547f4ab0717aa56097b49,2026-05-23T17:15:51Z,0,I just don’t think a cover captures the full essence of what the category is about (x3),be3ff0d69868491f8130eac376092923
spotify:track:1KTemUlHzS0SvVtTjY1NTw,42db3c63b69a4479bedfcc2d22a6b73a,2026-05-23T17:41:40Z,1,,be3ff0d69868491f8130eac376092923
spotify:track:28cnXtME493VX9NOw9cIUh,42db3c63b69a4479bedfcc2d22a6b73a,2026-05-23T17:41:40Z,1,,be3ff0d69868491f8130eac376092923
spotify:track:7hq1Zo9SwHN8Hi2Q4vn6PU,42db3c63b69a4479bedfcc2d22a6b73a,2026-05-23T17:41:40Z,1,,be3ff0d69868491f8130eac376092923
spotify:track:61JDaStnXY3vbaEjliB5WA,42db3c63b69a4479bedfcc2d22a6b73a,2026-05-23T17:41:40Z,1,,be3ff0d69868491f8130eac376092923
spotify:track:2bD79gh9TsT1GT5khYcTu3,42db3c63b69a4479bedfcc2d22a6b73a,2026-05-23T17:41:40Z,-1,,be3ff0d69868491f8130eac376092923
spotify:track:1KTemUlHzS0SvVtTjY1NTw,fc418ffeadb64c3f8e93a25fb942984f,2026-05-24T00:08:42Z,1,,be3ff0d69868491f8130eac376092923
spotify:track:28cnXtME493VX9NOw9cIUh,fc418ffeadb64c3f8e93a25fb942984f,2026-05-24T00:08:42Z,1,,be3ff0d69868491f8130eac376092923
spotify:track:56qUBBEdeXNkq7JRDlJnJx,fc418ffeadb64c3f8e93a25fb942984f,2026-05-24T00:08:42Z,2,,be3ff0d69868491f8130eac376092923
spotify:track:59RZ5SRrzwUZm0b8QXQOI1,fc418ffeadb64c3f8e93a25fb942984f,2026-05-24T00:08:42Z,-1,,be3ff0d69868491f8130eac376092923
spotify:track:0JBFlDivbkrskU7oYnjdIU,fa6235d130204772808d133e528b8ad7,2026-05-24T02:40:50Z,0,Crazy that he continues to make music this late in the game. This song was just alright though,be3ff0d69868491f8130eac376092923
spotify:track:1KTemUlHzS0SvVtTjY1NTw,fa6235d130204772808d133e528b8ad7,2026-05-24T02:40:50Z,1,Billy ily. Maybe I’m biased bc i have seen him perform so late in his career and can confirm that he’s still got it,be3ff0d69868491f8130eac376092923
spotify:track:2bD79gh9TsT1GT5khYcTu3,fa6235d130204772808d133e528b8ad7,2026-05-24T02:40:50Z,1,Not a “superior cover” but this is fun,be3ff0d69868491f8130eac376092923
spotify:track:56qUBBEdeXNkq7JRDlJnJx,fa6235d130204772808d133e528b8ad7,2026-05-24T02:40:50Z,1,Legend,be3ff0d69868491f8130eac376092923
spotify:track:59RZ5SRrzwUZm0b8QXQOI1,fa6235d130204772808d133e528b8ad7,2026-05-24T02:40:50Z,0,"This is a masterpiece, and late career, yes, and also I have that special fondness for it that one has for music one’s sung in the past. But I feel like it just doesn’t stand out *as a read of the category* the way the Bach did last round",be3ff0d69868491f8130eac376092923
spotify:track:61JDaStnXY3vbaEjliB5WA,fa6235d130204772808d133e528b8ad7,2026-05-24T02:40:50Z,0,Pleasant enough but didn’t make top 4 for me,be3ff0d69868491f8130eac376092923
spotify:track:6dGnYIeXmHdcikdzNNDMm2,fa6235d130204772808d133e528b8ad7,2026-05-24T02:40:50Z,-1,"Late in the active career of the band, yes, but it doesn’t have that “late in life” vibe that I’m looking for",be3ff0d69868491f8130eac376092923
spotify:track:6TJhVQxco8v6eib1W3ylFW,fa6235d130204772808d133e528b8ad7,2026-05-24T02:40:50Z,0,Fun song but went on for too long ,be3ff0d69868491f8130eac376092923
spotify:track:7hq1Zo9SwHN8Hi2Q4vn6PU,fa6235d130204772808d133e528b8ad7,2026-05-24T02:40:50Z,0,I had no idea they were making new music this recently ,be3ff0d69868491f8130eac376092923
spotify:track:7ottDUMz3VomUN2Ln9FWdI,fa6235d130204772808d133e528b8ad7,2026-05-24T02:40:50Z,1,Particularly fitting bc it’s also about being at the end of life,be3ff0d69868491f8130eac376092923
spotify:track:59RZ5SRrzwUZm0b8QXQOI1,6d8e32d102054531811ff5c8a625977c,2026-05-24T04:35:06Z,1,"I didn’t know this was late career, this is neat ",be3ff0d69868491f8130eac376092923
spotify:track:1KTemUlHzS0SvVtTjY1NTw,6d8e32d102054531811ff5c8a625977c,2026-05-24T04:35:06Z,1,Loved this. Billy Joel is a definitive example to me of a career with a couple noteworthy late hits. ,be3ff0d69868491f8130eac376092923
spotify:track:28cnXtME493VX9NOw9cIUh,6d8e32d102054531811ff5c8a625977c,2026-05-24T04:35:06Z,0,"In some ways the quintessential submission, but beat by other more unexpected ones. ",be3ff0d69868491f8130eac376092923
spotify:track:2bD79gh9TsT1GT5khYcTu3,6d8e32d102054531811ff5c8a625977c,2026-05-24T04:35:06Z,1,Spectacular ,be3ff0d69868491f8130eac376092923
spotify:track:56qUBBEdeXNkq7JRDlJnJx,6d8e32d102054531811ff5c8a625977c,2026-05-24T04:35:06Z,1,"This song is spellbinding. Casting the characters in the story of the Resurrection as, what, Scots Irish sailors? It’s mystical, the connections are inexplicable and murky, I loved every minute of it. Can’t believe I haven’t heard this before but my Sting knowledge is pretty shallow actually. ",be3ff0d69868491f8130eac376092923
spotify:track:6dGnYIeXmHdcikdzNNDMm2,6d8e32d102054531811ff5c8a625977c,2026-05-24T04:35:06Z,-1,The peak of a band’s (already famously short) career cannot possibly count as late career. ,be3ff0d69868491f8130eac376092923
spotify:track:6TJhVQxco8v6eib1W3ylFW,699c7b228f3b436880363c6d92c3976f,2026-05-24T04:59:09Z,1,,be3ff0d69868491f8130eac376092923
spotify:track:2bD79gh9TsT1GT5khYcTu3,699c7b228f3b436880363c6d92c3976f,2026-05-24T04:59:09Z,1,,be3ff0d69868491f8130eac376092923
spotify:track:28cnXtME493VX9NOw9cIUh,699c7b228f3b436880363c6d92c3976f,2026-05-24T04:59:09Z,2,,be3ff0d69868491f8130eac376092923
spotify:track:1KTemUlHzS0SvVtTjY1NTw,699c7b228f3b436880363c6d92c3976f,2026-05-24T04:59:09Z,-1,Weakest of the lot,be3ff0d69868491f8130eac376092923
spotify:track:20MxJN12WEqU5eWsuCrwM5,c1b6888dec1e4113b65883ad590d3969,2026-05-26T19:40:36Z,1,,7e83086d6c8b47e0af4f0455ecd5b70b
spotify:track:6ndmKwWqMozN2tcZqzCX4K,c1b6888dec1e4113b65883ad590d3969,2026-05-26T19:40:36Z,1,,7e83086d6c8b47e0af4f0455ecd5b70b
spotify:track:6Dk5fHTvH897XrVzCO64Mx,c1b6888dec1e4113b65883ad590d3969,2026-05-26T19:40:36Z,2,,7e83086d6c8b47e0af4f0455ecd5b70b
spotify:track:5it9RIRXDwiLpJKdce6Z7e,c1b6888dec1e4113b65883ad590d3969,2026-05-26T19:40:36Z,-1,,7e83086d6c8b47e0af4f0455ecd5b70b
spotify:track:4d9bwyRgedGqnu9Gd7Qcfy,f53f0969b04049b5ba39a303ebb3e987,2026-05-26T23:44:30Z,1,,7e83086d6c8b47e0af4f0455ecd5b70b
spotify:track:3qT4bUD1MaWpGrTwcvguhb,f53f0969b04049b5ba39a303ebb3e987,2026-05-26T23:44:30Z,-1,,7e83086d6c8b47e0af4f0455ecd5b70b
spotify:track:6ndmKwWqMozN2tcZqzCX4K,f53f0969b04049b5ba39a303ebb3e987,2026-05-26T23:44:30Z,1,,7e83086d6c8b47e0af4f0455ecd5b70b
spotify:track:5it9RIRXDwiLpJKdce6Z7e,f53f0969b04049b5ba39a303ebb3e987,2026-05-26T23:44:30Z,1,,7e83086d6c8b47e0af4f0455ecd5b70b
spotify:track:4SP9crxTnfhTUIabkFM01a,f53f0969b04049b5ba39a303ebb3e987,2026-05-26T23:44:30Z,1,,7e83086d6c8b47e0af4f0455ecd5b70b
spotify:track:36sUD4XPSwJjpWnMQyipcU,0f4f7275b1234127a43771293d707c5c,2026-05-27T03:29:02Z,0,🫠 I mean yeah ,7e83086d6c8b47e0af4f0455ecd5b70b
spotify:track:4d9bwyRgedGqnu9Gd7Qcfy,0f4f7275b1234127a43771293d707c5c,2026-05-27T03:29:02Z,1,,7e83086d6c8b47e0af4f0455ecd5b70b
spotify:track:2ixsaeFioXJmMgkkbd4uj1,0f4f7275b1234127a43771293d707c5c,2026-05-27T03:29:02Z,-1,I’ve never thought of this that way and I still don’t,7e83086d6c8b47e0af4f0455ecd5b70b
spotify:track:20MxJN12WEqU5eWsuCrwM5,0f4f7275b1234127a43771293d707c5c,2026-05-27T03:29:02Z,0,This was a similar vibe to my submission but a less iconic song. It felt a bit like they could have cut a minute and a half from the middle and been better for it,7e83086d6c8b47e0af4f0455ecd5b70b
spotify:track:5it9RIRXDwiLpJKdce6Z7e,0f4f7275b1234127a43771293d707c5c,2026-05-27T03:29:02Z,1,,7e83086d6c8b47e0af4f0455ecd5b70b
spotify:track:51fGhRZnTQbHKaYdpjygpG,0f4f7275b1234127a43771293d707c5c,2026-05-27T03:29:02Z,2,A bop,7e83086d6c8b47e0af4f0455ecd5b70b
spotify:track:51fGhRZnTQbHKaYdpjygpG,9800e906592547f4ab0717aa56097b49,2026-05-27T17:37:55Z,0,This is not a bad pick I just didn't like it as much. ,7e83086d6c8b47e0af4f0455ecd5b70b
spotify:track:5it9RIRXDwiLpJKdce6Z7e,9800e906592547f4ab0717aa56097b49,2026-05-27T17:37:55Z,1,Perfect choice going with the Live Lounge version. ,7e83086d6c8b47e0af4f0455ecd5b70b
spotify:track:4xkOaSrkexMciUUogZKVTS,9800e906592547f4ab0717aa56097b49,2026-05-27T17:37:55Z,0,Idk this one seems pretty white to me. ,7e83086d6c8b47e0af4f0455ecd5b70b
spotify:track:4SP9crxTnfhTUIabkFM01a,9800e906592547f4ab0717aa56097b49,2026-05-27T17:37:55Z,0,"I know I'm typecast as the Tom Waits submitter, but I had heard this song like 10 times and had no idea it was Tom Waits. I thought it was a black bluesman, until it came on shuffle on ""Tom Waits Essentials"" a while back. ",7e83086d6c8b47e0af4f0455ecd5b70b
spotify:track:4d9bwyRgedGqnu9Gd7Qcfy,9800e906592547f4ab0717aa56097b49,2026-05-27T17:37:55Z,1,"I like it. I think it fits musically, vocally, and stylistically. I think this is one of the more unique picks so I'm peeling a vote away from others for it. ",7e83086d6c8b47e0af4f0455ecd5b70b
spotify:track:3qT4bUD1MaWpGrTwcvguhb,9800e906592547f4ab0717aa56097b49,2026-05-27T17:37:55Z,0,"In many ways yes, but also no. So many Led Zeppelin songs are just them wanting to be black blues musicians. I think this one is not the best example of this imo. ",7e83086d6c8b47e0af4f0455ecd5b70b
spotify:track:3pbAV1Q2j1mNW78wqegBGt,9800e906592547f4ab0717aa56097b49,2026-05-27T17:37:55Z,0,"I really liked this, similar answer to Boz Scaggs though, I decided to just give one vote for this ""style"" and it went to Bobby Caldwell",7e83086d6c8b47e0af4f0455ecd5b70b
spotify:track:36sUD4XPSwJjpWnMQyipcU,9800e906592547f4ab0717aa56097b49,2026-05-27T17:37:55Z,0,"I will leave as my comment one of the comments from the YouTube version I watched:

""i love the song but why is their only white people. Like a damn bowl of UNFLAVORED rice! Bland. Lol they tried though.""",7e83086d6c8b47e0af4f0455ecd5b70b
spotify:track:2ixsaeFioXJmMgkkbd4uj1,9800e906592547f4ab0717aa56097b49,2026-05-27T17:37:55Z,-1,"Sounds black is NOT the same as black music. 
This song is SO WHITE",7e83086d6c8b47e0af4f0455ecd5b70b
spotify:track:20MxJN12WEqU5eWsuCrwM5,9800e906592547f4ab0717aa56097b49,2026-05-27T17:37:55Z,0,"Absolute bop. In the neck and neck race between this, ""A Love of Your Own"", and ""What You Won't Do for Love"" for soulful 70s style, I have to say this one falls slightly behind. Boz Scaggs sounds black and his music is deeply influenced for sure, but his melodies are pure 70s white guy yacht rock. ",7e83086d6c8b47e0af4f0455ecd5b70b
spotify:track:6ndmKwWqMozN2tcZqzCX4K,9800e906592547f4ab0717aa56097b49,2026-05-27T17:37:55Z,1,"This is the best submission imo. Never in a million years would I have thought this was a white dude. Listening again now, I can see it. But he really got me tricked. Iconic song too. ",7e83086d6c8b47e0af4f0455ecd5b70b
spotify:track:6Dk5fHTvH897XrVzCO64Mx,9800e906592547f4ab0717aa56097b49,2026-05-27T17:37:55Z,1,WOW this is so phenomenally good. I've heard this before and definitely thought it was a black guy. It also musically has some stylistic components that I think match that assumption better than the other 70s/smooth/soul entries. Perfect choice imo.  ,7e83086d6c8b47e0af4f0455ecd5b70b
spotify:track:5it9RIRXDwiLpJKdce6Z7e,80a489147c544db5a53c5cede65c4617,2026-05-28T22:32:29Z,1,Phenomenal submission because it’s a song we all know that I would never have thought of for this. Nice,7e83086d6c8b47e0af4f0455ecd5b70b
spotify:track:2ixsaeFioXJmMgkkbd4uj1,80a489147c544db5a53c5cede65c4617,2026-05-28T22:32:29Z,0,Not the strongest contender,7e83086d6c8b47e0af4f0455ecd5b70b
spotify:track:36sUD4XPSwJjpWnMQyipcU,80a489147c544db5a53c5cede65c4617,2026-05-28T22:32:29Z,0,Clever read,7e83086d6c8b47e0af4f0455ecd5b70b
spotify:track:3pbAV1Q2j1mNW78wqegBGt,80a489147c544db5a53c5cede65c4617,2026-05-28T22:32:29Z,1,Clearly self conscious but man this is so tasty,7e83086d6c8b47e0af4f0455ecd5b70b
spotify:track:4d9bwyRgedGqnu9Gd7Qcfy,80a489147c544db5a53c5cede65c4617,2026-05-28T22:32:29Z,1,I didn’t know white people were allowed to do this ,7e83086d6c8b47e0af4f0455ecd5b70b
spotify:track:4SP9crxTnfhTUIabkFM01a,80a489147c544db5a53c5cede65c4617,2026-05-28T22:32:29Z,1,"Very cool interpretation in style, delivery, and lyrical substance ",7e83086d6c8b47e0af4f0455ecd5b70b
spotify:track:4xkOaSrkexMciUUogZKVTS,80a489147c544db5a53c5cede65c4617,2026-05-28T22:32:29Z,0,Is it just me or do they just not do rap with this much attitude anymore? I say this as someone who never listens to rap ,7e83086d6c8b47e0af4f0455ecd5b70b
spotify:track:51fGhRZnTQbHKaYdpjygpG,80a489147c544db5a53c5cede65c4617,2026-05-28T22:32:29Z,0,This is a premium Belize-era Judd submission. The kind of submission that makes me go to the artist profile to double check,7e83086d6c8b47e0af4f0455ecd5b70b
spotify:track:6Dk5fHTvH897XrVzCO64Mx,80a489147c544db5a53c5cede65c4617,2026-05-28T22:32:29Z,0,Wish I had more upvotes ,7e83086d6c8b47e0af4f0455ecd5b70b
spotify:track:6ndmKwWqMozN2tcZqzCX4K,80a489147c544db5a53c5cede65c4617,2026-05-28T22:32:29Z,-1,Not even the tiniest part of me questioned whether this was a white person,7e83086d6c8b47e0af4f0455ecd5b70b
spotify:track:2ixsaeFioXJmMgkkbd4uj1,fa6235d130204772808d133e528b8ad7,2026-05-28T23:30:02Z,-1,"Apparently some people think he sounds black but tbh I don’t really get that, unless you think white people can’t have deep voices. In any case, as mentioned above, “wait that’s a white guy?” isn’t exactly the same thing as “white people doing black people music.” As for the latter category, I guess he has folk and blues influences, but tbh it still reads more as 2014 millennial slop to me than anything else",7e83086d6c8b47e0af4f0455ecd5b70b
spotify:track:36sUD4XPSwJjpWnMQyipcU,fa6235d130204772808d133e528b8ad7,2026-05-28T23:30:02Z,1,I think there are better picks from this subgenre (ie folk choir esque attempts at African music) but the choice of this subgenre is inspired. Kicking myself that I didn’t think of it. ,7e83086d6c8b47e0af4f0455ecd5b70b
spotify:track:3pbAV1Q2j1mNW78wqegBGt,fa6235d130204772808d133e528b8ad7,2026-05-28T23:30:02Z,1,Hell yeah,7e83086d6c8b47e0af4f0455ecd5b70b
spotify:track:4xkOaSrkexMciUUogZKVTS,fa6235d130204772808d133e528b8ad7,2026-05-28T23:30:02Z,0,"I love Eminem but imma be honest, it doesn’t feel like he’s doing “black people music” unless by that you just mean “rap”. But the line “a minimal swap to cop millions of Pac listeners” is right on theme and saved this from my downvote",7e83086d6c8b47e0af4f0455ecd5b70b
spotify:track:51fGhRZnTQbHKaYdpjygpG,fa6235d130204772808d133e528b8ad7,2026-05-28T23:30:02Z,0,I like this pull genre wise but the song itself felt aggressively meh ,7e83086d6c8b47e0af4f0455ecd5b70b
spotify:track:6Dk5fHTvH897XrVzCO64Mx,fa6235d130204772808d133e528b8ad7,2026-05-28T23:30:02Z,1,"Thought about submitting this one. Some have said that “wait that’s a white guy?!?” =/= “white people doing black people music” and while it’s true that those are two distinct categories, I think this song fits both",7e83086d6c8b47e0af4f0455ecd5b70b
spotify:track:6ndmKwWqMozN2tcZqzCX4K,fa6235d130204772808d133e528b8ad7,2026-05-28T23:30:02Z,0,Mike Shinoda I love you but your music still feels extremely white  ,7e83086d6c8b47e0af4f0455ecd5b70b
spotify:track:20MxJN12WEqU5eWsuCrwM5,fa6235d130204772808d133e528b8ad7,2026-05-28T23:30:02Z,1,Another inspired pull,7e83086d6c8b47e0af4f0455ecd5b70b
spotify:track:5it9RIRXDwiLpJKdce6Z7e,fc418ffeadb64c3f8e93a25fb942984f,2026-05-29T14:42:49Z,1,,7e83086d6c8b47e0af4f0455ecd5b70b
spotify:track:4SP9crxTnfhTUIabkFM01a,fc418ffeadb64c3f8e93a25fb942984f,2026-05-29T14:42:49Z,1,,7e83086d6c8b47e0af4f0455ecd5b70b
spotify:track:20MxJN12WEqU5eWsuCrwM5,fc418ffeadb64c3f8e93a25fb942984f,2026-05-29T14:42:49Z,1,,7e83086d6c8b47e0af4f0455ecd5b70b
spotify:track:2ixsaeFioXJmMgkkbd4uj1,fc418ffeadb64c3f8e93a25fb942984f,2026-05-29T14:42:49Z,-1,,7e83086d6c8b47e0af4f0455ecd5b70b
spotify:track:6Dk5fHTvH897XrVzCO64Mx,fc418ffeadb64c3f8e93a25fb942984f,2026-05-29T14:42:49Z,1,,7e83086d6c8b47e0af4f0455ecd5b70b
spotify:track:6Dk5fHTvH897XrVzCO64Mx,699c7b228f3b436880363c6d92c3976f,2026-05-29T20:08:45Z,1,,7e83086d6c8b47e0af4f0455ecd5b70b
spotify:track:3qT4bUD1MaWpGrTwcvguhb,699c7b228f3b436880363c6d92c3976f,2026-05-29T20:08:45Z,1,,7e83086d6c8b47e0af4f0455ecd5b70b
spotify:track:36sUD4XPSwJjpWnMQyipcU,699c7b228f3b436880363c6d92c3976f,2026-05-29T20:08:45Z,1,,7e83086d6c8b47e0af4f0455ecd5b70b
spotify:track:20MxJN12WEqU5eWsuCrwM5,699c7b228f3b436880363c6d92c3976f,2026-05-29T20:08:45Z,1,,7e83086d6c8b47e0af4f0455ecd5b70b
spotify:track:6ndmKwWqMozN2tcZqzCX4K,699c7b228f3b436880363c6d92c3976f,2026-05-29T20:08:45Z,-1,,7e83086d6c8b47e0af4f0455ecd5b70b
spotify:track:3pbAV1Q2j1mNW78wqegBGt,6d8e32d102054531811ff5c8a625977c,2026-05-29T23:48:47Z,1,I liked this a lot and I think it captures a particular sound well that is underrepresented in this playlist ,7e83086d6c8b47e0af4f0455ecd5b70b
spotify:track:36sUD4XPSwJjpWnMQyipcU,6d8e32d102054531811ff5c8a625977c,2026-05-29T23:48:47Z,1,Hahahahahahaha. I wonder how many black people are in fact in this choir ,7e83086d6c8b47e0af4f0455ecd5b70b
spotify:track:2ixsaeFioXJmMgkkbd4uj1,6d8e32d102054531811ff5c8a625977c,2026-05-29T23:48:47Z,-1,I think this is actually white people doing black people doing white people music ,7e83086d6c8b47e0af4f0455ecd5b70b
spotify:track:20MxJN12WEqU5eWsuCrwM5,6d8e32d102054531811ff5c8a625977c,2026-05-29T23:48:47Z,1,Particularly lovely ,7e83086d6c8b47e0af4f0455ecd5b70b
spotify:track:5it9RIRXDwiLpJKdce6Z7e,6d8e32d102054531811ff5c8a625977c,2026-05-29T23:48:47Z,0,Awesome song and fabulous vocals. But this playlist had a lot of good entries and I’m using slightly unfair grading criteria. Amy Winehouse feels like a more obvious read of the theme than others,7e83086d6c8b47e0af4f0455ecd5b70b
spotify:track:6ndmKwWqMozN2tcZqzCX4K,6d8e32d102054531811ff5c8a625977c,2026-05-29T23:48:47Z,0,The only vocalist here who sounds black is in fact black ,7e83086d6c8b47e0af4f0455ecd5b70b
spotify:track:4xkOaSrkexMciUUogZKVTS,6d8e32d102054531811ff5c8a625977c,2026-05-29T23:48:47Z,0,"Eminem, famous for doing black music so selfishly and using it to get himself wealthy, is too obvious here ",7e83086d6c8b47e0af4f0455ecd5b70b
spotify:track:4SP9crxTnfhTUIabkFM01a,6d8e32d102054531811ff5c8a625977c,2026-05-29T23:48:47Z,0,"White people doing blues is undeniably white people doing black music, and I love Tom Waits, but I liked some other reads of the theme better ",7e83086d6c8b47e0af4f0455ecd5b70b
spotify:track:4d9bwyRgedGqnu9Gd7Qcfy,6d8e32d102054531811ff5c8a625977c,2026-05-29T23:48:47Z,1,This was the point when I began to get an uncanny feeling about the fact that this whole playlist is white artists who want to sound black. So for that I feel it deserves an upvote ,7e83086d6c8b47e0af4f0455ecd5b70b
spotify:track:3qT4bUD1MaWpGrTwcvguhb,6d8e32d102054531811ff5c8a625977c,2026-05-29T23:48:47Z,0,"If you wanted to make a spicy commentary about white colonization of rock music, should have just full sent and submitted The Beatles ",7e83086d6c8b47e0af4f0455ecd5b70b
spotify:track:3qT4bUD1MaWpGrTwcvguhb,b3c43885f6ce4e8b861545158a22b7a2,2026-05-30T02:30:14Z,1,,7e83086d6c8b47e0af4f0455ecd5b70b
spotify:track:36sUD4XPSwJjpWnMQyipcU,b3c43885f6ce4e8b861545158a22b7a2,2026-05-30T02:30:14Z,1,,7e83086d6c8b47e0af4f0455ecd5b70b
spotify:track:20MxJN12WEqU5eWsuCrwM5,b3c43885f6ce4e8b861545158a22b7a2,2026-05-30T02:30:14Z,1,,7e83086d6c8b47e0af4f0455ecd5b70b
spotify:track:4SP9crxTnfhTUIabkFM01a,b3c43885f6ce4e8b861545158a22b7a2,2026-05-30T02:30:14Z,1,,7e83086d6c8b47e0af4f0455ecd5b70b
spotify:track:5it9RIRXDwiLpJKdce6Z7e,b3c43885f6ce4e8b861545158a22b7a2,2026-05-30T02:30:14Z,-1,,7e83086d6c8b47e0af4f0455ecd5b70b
spotify:track:6Dk5fHTvH897XrVzCO64Mx,98739434088f411e9e1918725eedb295,2026-05-30T02:38:56Z,0,"I enjoyed this song the most on this list, but it didn't really strike me as ""black people music""",7e83086d6c8b47e0af4f0455ecd5b70b
spotify:track:4xkOaSrkexMciUUogZKVTS,98739434088f411e9e1918725eedb295,2026-05-30T02:38:56Z,0,"Eminem was the ""too obvious"" pick in my mind for this category.",7e83086d6c8b47e0af4f0455ecd5b70b
spotify:track:4SP9crxTnfhTUIabkFM01a,98739434088f411e9e1918725eedb295,2026-05-30T02:38:56Z,1,"Although I just didn't like the song, giving it an upvote b/c it's definitely up the right alley.",7e83086d6c8b47e0af4f0455ecd5b70b
spotify:track:4d9bwyRgedGqnu9Gd7Qcfy,98739434088f411e9e1918725eedb295,2026-05-30T02:38:56Z,1,That gutteral singing is a key black lady singing technique.  I know this because I watched Hercules.,7e83086d6c8b47e0af4f0455ecd5b70b
spotify:track:3qT4bUD1MaWpGrTwcvguhb,98739434088f411e9e1918725eedb295,2026-05-30T02:38:56Z,-1,"Just the name is black, but this is definitely white people music.",7e83086d6c8b47e0af4f0455ecd5b70b
spotify:track:3pbAV1Q2j1mNW78wqegBGt,98739434088f411e9e1918725eedb295,2026-05-30T02:38:56Z,1,This could definitely have been a Marvin Gaye song.  Well done.,7e83086d6c8b47e0af4f0455ecd5b70b
spotify:track:36sUD4XPSwJjpWnMQyipcU,98739434088f411e9e1918725eedb295,2026-05-30T02:38:56Z,1,Excellent take on the category.,7e83086d6c8b47e0af4f0455ecd5b70b
spotify:track:2ixsaeFioXJmMgkkbd4uj1,98739434088f411e9e1918725eedb295,2026-05-30T02:38:56Z,0,Don't really get how this is black people music.,7e83086d6c8b47e0af4f0455ecd5b70b
spotify:track:20MxJN12WEqU5eWsuCrwM5,98739434088f411e9e1918725eedb295,2026-05-30T02:38:56Z,0,"Eh, disco is a multiracial reality.",7e83086d6c8b47e0af4f0455ecd5b70b
spotify:track:51fGhRZnTQbHKaYdpjygpG,98739434088f411e9e1918725eedb295,2026-05-30T02:38:56Z,0,"Love the raggae pull, but there's a rich tradition of lots of white guys doing it.",7e83086d6c8b47e0af4f0455ecd5b70b
spotify:track:5it9RIRXDwiLpJKdce6Z7e,98739434088f411e9e1918725eedb295,2026-05-30T02:38:56Z,0,Don't really get how this is black people music.,7e83086d6c8b47e0af4f0455ecd5b70b
spotify:track:4SP9crxTnfhTUIabkFM01a,42db3c63b69a4479bedfcc2d22a6b73a,2026-05-30T05:05:10Z,1,,7e83086d6c8b47e0af4f0455ecd5b70b
spotify:track:6ndmKwWqMozN2tcZqzCX4K,42db3c63b69a4479bedfcc2d22a6b73a,2026-05-30T05:05:10Z,1,,7e83086d6c8b47e0af4f0455ecd5b70b
spotify:track:6Dk5fHTvH897XrVzCO64Mx,42db3c63b69a4479bedfcc2d22a6b73a,2026-05-30T05:05:10Z,1,,7e83086d6c8b47e0af4f0455ecd5b70b
spotify:track:51fGhRZnTQbHKaYdpjygpG,42db3c63b69a4479bedfcc2d22a6b73a,2026-05-30T05:05:10Z,1,,7e83086d6c8b47e0af4f0455ecd5b70b
spotify:track:2ixsaeFioXJmMgkkbd4uj1,42db3c63b69a4479bedfcc2d22a6b73a,2026-05-30T05:05:10Z,-1,,7e83086d6c8b47e0af4f0455ecd5b70b
