Spotify URI,Voter ID,Created,Points Assigned,Comment,Round ID
spotify:track:08mG3Y1vljYA6bvDt4Wqkj,c1b6888dec1e4113b65883ad590d3969,2026-01-02T18:40:16Z,2,,12caa9c5ea8b4e4db8bf9a9ca7124af4
spotify:track:1kPpge9JDLpcj15qgrPbYX,c1b6888dec1e4113b65883ad590d3969,2026-01-02T18:40:16Z,1,,12caa9c5ea8b4e4db8bf9a9ca7124af4
spotify:track:5zsHmE2gO3RefVsPyw2e3T,c1b6888dec1e4113b65883ad590d3969,2026-01-02T18:40:16Z,1,,12caa9c5ea8b4e4db8bf9a9ca7124af4
spotify:track:7ccI9cStQbQdystvc6TvxD,c1b6888dec1e4113b65883ad590d3969,2026-01-02T18:40:16Z,-1,,12caa9c5ea8b4e4db8bf9a9ca7124af4
spotify:track:0U5sKurNP7yqpaxGBzGiyE,c1b6888dec1e4113b65883ad590d3969,2026-01-02T18:40:16Z,1,,12caa9c5ea8b4e4db8bf9a9ca7124af4
spotify:track:43DeSV93pJPT4lCZaWZ6b1,80a489147c544db5a53c5cede65c4617,2026-01-02T20:56:33Z,-1,We all thought about it. Curious to learn who took the low hanging fruit,12caa9c5ea8b4e4db8bf9a9ca7124af4
spotify:track:08mG3Y1vljYA6bvDt4Wqkj,80a489147c544db5a53c5cede65c4617,2026-01-02T20:56:33Z,0,Feels a little too obvious and boring ,12caa9c5ea8b4e4db8bf9a9ca7124af4
spotify:track:0clxQCtD1kPfKD1I50t0P4,80a489147c544db5a53c5cede65c4617,2026-01-02T20:56:33Z,0,"This is a wonderful overture to the start of a new league, nay, a new year",12caa9c5ea8b4e4db8bf9a9ca7124af4
spotify:track:0U5sKurNP7yqpaxGBzGiyE,80a489147c544db5a53c5cede65c4617,2026-01-02T20:56:33Z,0,Only the line “backstreet’s back” has anything to do with the theme,12caa9c5ea8b4e4db8bf9a9ca7124af4
spotify:track:1kPpge9JDLpcj15qgrPbYX,80a489147c544db5a53c5cede65c4617,2026-01-02T20:56:33Z,0,Takes me back to middle school swimming carpool. Picture 13 yo Joseph hearing this before putting in his earbuds and listening to Milo Xyloto for the 300th time on his lime green iPod Nano,12caa9c5ea8b4e4db8bf9a9ca7124af4
spotify:track:5zsHmE2gO3RefVsPyw2e3T,80a489147c544db5a53c5cede65c4617,2026-01-02T20:56:33Z,1,"Sure, based on vibes alone ",12caa9c5ea8b4e4db8bf9a9ca7124af4
spotify:track:6JH9yWhgbm0y9iAJhCslNc,80a489147c544db5a53c5cede65c4617,2026-01-02T20:56:33Z,0,"Wow, this is a journey. This would destroy a “warnings against hubris” category, but I don’t know if it fits here. Still, kind of profound ",12caa9c5ea8b4e4db8bf9a9ca7124af4
spotify:track:71HtT7HZb6sDI7ZGhlIPm6,80a489147c544db5a53c5cede65c4617,2026-01-02T20:56:33Z,2,"Yes, this is what we’re looking for, even if it is a little on the nose. Thank you Peter",12caa9c5ea8b4e4db8bf9a9ca7124af4
spotify:track:7a5VuzvBrtbqYT7kNlQlFd,80a489147c544db5a53c5cede65c4617,2026-01-02T20:56:33Z,0,Another train themed jazz tune. Will it soar to the heights of Masakela?,12caa9c5ea8b4e4db8bf9a9ca7124af4
spotify:track:7ccI9cStQbQdystvc6TvxD,80a489147c544db5a53c5cede65c4617,2026-01-02T20:56:33Z,2,I tried to submit this. I consider it a perfect submission.,12caa9c5ea8b4e4db8bf9a9ca7124af4
spotify:track:0U5sKurNP7yqpaxGBzGiyE,f53f0969b04049b5ba39a303ebb3e987,2026-01-02T21:37:43Z,3,The best submission!,12caa9c5ea8b4e4db8bf9a9ca7124af4
spotify:track:5umt6j4cZkfrL18u8KOnyq,f53f0969b04049b5ba39a303ebb3e987,2026-01-02T21:37:43Z,0,Hi Joseph!!,12caa9c5ea8b4e4db8bf9a9ca7124af4
spotify:track:6JH9yWhgbm0y9iAJhCslNc,f53f0969b04049b5ba39a303ebb3e987,2026-01-02T21:37:43Z,-1,"Just doesn't have the right energy, sorry",12caa9c5ea8b4e4db8bf9a9ca7124af4
spotify:track:71HtT7HZb6sDI7ZGhlIPm6,f53f0969b04049b5ba39a303ebb3e987,2026-01-02T21:37:43Z,0,Peter?,12caa9c5ea8b4e4db8bf9a9ca7124af4
spotify:track:7a5VuzvBrtbqYT7kNlQlFd,f53f0969b04049b5ba39a303ebb3e987,2026-01-02T21:37:43Z,0,Lol this is cute,12caa9c5ea8b4e4db8bf9a9ca7124af4
spotify:track:7ccI9cStQbQdystvc6TvxD,f53f0969b04049b5ba39a303ebb3e987,2026-01-02T21:37:43Z,0,Eh,12caa9c5ea8b4e4db8bf9a9ca7124af4
spotify:track:08mG3Y1vljYA6bvDt4Wqkj,f53f0969b04049b5ba39a303ebb3e987,2026-01-02T21:37:43Z,0,Too easy,12caa9c5ea8b4e4db8bf9a9ca7124af4
spotify:track:0clxQCtD1kPfKD1I50t0P4,f53f0969b04049b5ba39a303ebb3e987,2026-01-02T21:37:43Z,1,Hell yeah,12caa9c5ea8b4e4db8bf9a9ca7124af4
spotify:track:0NN32Knbyo4gM1DKY9rdzg,f53f0969b04049b5ba39a303ebb3e987,2026-01-02T21:37:43Z,1,There are better ELO picks imo but must respect,12caa9c5ea8b4e4db8bf9a9ca7124af4
spotify:track:43DeSV93pJPT4lCZaWZ6b1,f53f0969b04049b5ba39a303ebb3e987,2026-01-02T21:37:43Z,0,Dad rock,12caa9c5ea8b4e4db8bf9a9ca7124af4
spotify:track:1kPpge9JDLpcj15qgrPbYX,0f4f7275b1234127a43771293d707c5c,2026-01-02T23:25:01Z,0,I specifically was thinking Eddie would appreciate this; hope I’m right ,12caa9c5ea8b4e4db8bf9a9ca7124af4
spotify:track:08mG3Y1vljYA6bvDt4Wqkj,0f4f7275b1234127a43771293d707c5c,2026-01-02T23:25:01Z,1,Did you pay music league to make you first on the playlist?! Fr tho obvious but great pull 👌🏼😤🖤,12caa9c5ea8b4e4db8bf9a9ca7124af4
spotify:track:43DeSV93pJPT4lCZaWZ6b1,0f4f7275b1234127a43771293d707c5c,2026-01-02T23:25:01Z,1,"Can’t not 

I….if only the boys really were back in town 😔",12caa9c5ea8b4e4db8bf9a9ca7124af4
spotify:track:0U5sKurNP7yqpaxGBzGiyE,0f4f7275b1234127a43771293d707c5c,2026-01-02T23:25:01Z,-1,,12caa9c5ea8b4e4db8bf9a9ca7124af4
spotify:track:5umt6j4cZkfrL18u8KOnyq,0f4f7275b1234127a43771293d707c5c,2026-01-02T23:25:01Z,1,Loses its charm unless it’s joseph on stage dressed as a newsie ,12caa9c5ea8b4e4db8bf9a9ca7124af4
spotify:track:5zsHmE2gO3RefVsPyw2e3T,0f4f7275b1234127a43771293d707c5c,2026-01-02T23:25:01Z,1,Homeschooled edgy ,12caa9c5ea8b4e4db8bf9a9ca7124af4
spotify:track:7ccI9cStQbQdystvc6TvxD,0f4f7275b1234127a43771293d707c5c,2026-01-02T23:25:01Z,0,More of a credits one tbh ,12caa9c5ea8b4e4db8bf9a9ca7124af4
spotify:track:71HtT7HZb6sDI7ZGhlIPm6,0f4f7275b1234127a43771293d707c5c,2026-01-02T23:25:01Z,1,My brother Patrick wants you to know you know ball ,12caa9c5ea8b4e4db8bf9a9ca7124af4
spotify:track:7a5VuzvBrtbqYT7kNlQlFd,0f4f7275b1234127a43771293d707c5c,2026-01-02T23:25:01Z,0,Not the vibe my guy ,12caa9c5ea8b4e4db8bf9a9ca7124af4
spotify:track:7ccI9cStQbQdystvc6TvxD,699c7b228f3b436880363c6d92c3976f,2026-01-03T18:35:05Z,1,Yes. ,12caa9c5ea8b4e4db8bf9a9ca7124af4
spotify:track:0NN32Knbyo4gM1DKY9rdzg,699c7b228f3b436880363c6d92c3976f,2026-01-03T18:35:05Z,1,Yes. ,12caa9c5ea8b4e4db8bf9a9ca7124af4
spotify:track:0U5sKurNP7yqpaxGBzGiyE,699c7b228f3b436880363c6d92c3976f,2026-01-03T18:35:05Z,0,No.,12caa9c5ea8b4e4db8bf9a9ca7124af4
spotify:track:1kPpge9JDLpcj15qgrPbYX,699c7b228f3b436880363c6d92c3976f,2026-01-03T18:35:05Z,0,No.,12caa9c5ea8b4e4db8bf9a9ca7124af4
spotify:track:43DeSV93pJPT4lCZaWZ6b1,699c7b228f3b436880363c6d92c3976f,2026-01-03T18:35:05Z,1,Irish music at its finest.,12caa9c5ea8b4e4db8bf9a9ca7124af4
spotify:track:5umt6j4cZkfrL18u8KOnyq,699c7b228f3b436880363c6d92c3976f,2026-01-03T18:35:05Z,-1,"This is the problem with child labor. They start organizing, and then it's just obnoxious.",12caa9c5ea8b4e4db8bf9a9ca7124af4
spotify:track:5zsHmE2gO3RefVsPyw2e3T,699c7b228f3b436880363c6d92c3976f,2026-01-03T18:35:05Z,0,No.,12caa9c5ea8b4e4db8bf9a9ca7124af4
spotify:track:6JH9yWhgbm0y9iAJhCslNc,699c7b228f3b436880363c6d92c3976f,2026-01-03T18:35:05Z,0,No.,12caa9c5ea8b4e4db8bf9a9ca7124af4
spotify:track:7a5VuzvBrtbqYT7kNlQlFd,699c7b228f3b436880363c6d92c3976f,2026-01-03T18:35:05Z,2,Yes.,12caa9c5ea8b4e4db8bf9a9ca7124af4
spotify:track:0clxQCtD1kPfKD1I50t0P4,fa6235d130204772808d133e528b8ad7,2026-01-05T06:19:54Z,1,Now I want to rewatch hot rod ,12caa9c5ea8b4e4db8bf9a9ca7124af4
spotify:track:08mG3Y1vljYA6bvDt4Wqkj,fa6235d130204772808d133e528b8ad7,2026-01-05T06:19:54Z,0,Obviously a good fit but too obvious ,12caa9c5ea8b4e4db8bf9a9ca7124af4
spotify:track:0NN32Knbyo4gM1DKY9rdzg,fa6235d130204772808d133e528b8ad7,2026-01-05T06:19:54Z,-1,It pains me to downvote ELO but the connection to theme seems tenuous at best. But maybe I’m missing something,12caa9c5ea8b4e4db8bf9a9ca7124af4
spotify:track:1kPpge9JDLpcj15qgrPbYX,fa6235d130204772808d133e528b8ad7,2026-01-05T06:19:54Z,0,"I absolutely got down to this song in 2012. It’s fun but it just didn’t perfectly hit the theme for me

(also Carly you’re telling me you’ve dropped 2 phones in the pool? Or dropped the same phone twice? You good girl?)",12caa9c5ea8b4e4db8bf9a9ca7124af4
spotify:track:43DeSV93pJPT4lCZaWZ6b1,fa6235d130204772808d133e528b8ad7,2026-01-05T06:19:54Z,0,"again, obviously a good fit but too obvious ",12caa9c5ea8b4e4db8bf9a9ca7124af4
spotify:track:5umt6j4cZkfrL18u8KOnyq,fa6235d130204772808d133e528b8ad7,2026-01-05T06:19:54Z,1,insert sticker of Jharvey in his newsie outfit,12caa9c5ea8b4e4db8bf9a9ca7124af4
spotify:track:5zsHmE2gO3RefVsPyw2e3T,fa6235d130204772808d133e528b8ad7,2026-01-05T06:19:54Z,1,"Hard to evaluate without reading the content of the movie into it, but I do think this song sufficiently captures the right vibe on its own. So good",12caa9c5ea8b4e4db8bf9a9ca7124af4
spotify:track:6JH9yWhgbm0y9iAJhCslNc,fa6235d130204772808d133e528b8ad7,2026-01-05T06:19:54Z,1,Dang I haven’t thought about this song in close to a decade but it still hits,12caa9c5ea8b4e4db8bf9a9ca7124af4
spotify:track:71HtT7HZb6sDI7ZGhlIPm6,fa6235d130204772808d133e528b8ad7,2026-01-05T06:19:54Z,1,"I don’t always love this genre of song but it’s a clever read of the theme, and for that I give it a vote",12caa9c5ea8b4e4db8bf9a9ca7124af4
spotify:track:0clxQCtD1kPfKD1I50t0P4,b3c43885f6ce4e8b861545158a22b7a2,2026-01-05T21:40:40Z,-1,I don't know why the instrumental didn't really land for me! :(,12caa9c5ea8b4e4db8bf9a9ca7124af4
spotify:track:0NN32Knbyo4gM1DKY9rdzg,b3c43885f6ce4e8b861545158a22b7a2,2026-01-05T21:40:40Z,1,,12caa9c5ea8b4e4db8bf9a9ca7124af4
spotify:track:0U5sKurNP7yqpaxGBzGiyE,b3c43885f6ce4e8b861545158a22b7a2,2026-01-05T21:40:40Z,1,,12caa9c5ea8b4e4db8bf9a9ca7124af4
spotify:track:43DeSV93pJPT4lCZaWZ6b1,b3c43885f6ce4e8b861545158a22b7a2,2026-01-05T21:40:40Z,1,,12caa9c5ea8b4e4db8bf9a9ca7124af4
spotify:track:71HtT7HZb6sDI7ZGhlIPm6,b3c43885f6ce4e8b861545158a22b7a2,2026-01-05T21:40:40Z,1,,12caa9c5ea8b4e4db8bf9a9ca7124af4
spotify:track:7ccI9cStQbQdystvc6TvxD,b3c43885f6ce4e8b861545158a22b7a2,2026-01-05T21:40:40Z,1,,12caa9c5ea8b4e4db8bf9a9ca7124af4
spotify:track:0NN32Knbyo4gM1DKY9rdzg,98739434088f411e9e1918725eedb295,2026-01-06T00:43:59Z,1,,12caa9c5ea8b4e4db8bf9a9ca7124af4
spotify:track:0clxQCtD1kPfKD1I50t0P4,98739434088f411e9e1918725eedb295,2026-01-06T00:43:59Z,0,This would only work if you were watching the movie during it.  By itself it fails to convey the being-back.,12caa9c5ea8b4e4db8bf9a9ca7124af4
spotify:track:1kPpge9JDLpcj15qgrPbYX,98739434088f411e9e1918725eedb295,2026-01-06T00:43:59Z,-1,Owl City's voice sounds he doesn't even know what a good time is like.,12caa9c5ea8b4e4db8bf9a9ca7124af4
spotify:track:43DeSV93pJPT4lCZaWZ6b1,98739434088f411e9e1918725eedb295,2026-01-06T00:43:59Z,1,,12caa9c5ea8b4e4db8bf9a9ca7124af4
spotify:track:5umt6j4cZkfrL18u8KOnyq,98739434088f411e9e1918725eedb295,2026-01-06T00:43:59Z,0,"This may have gotten a vote from me if the theme had been ""the boys are back""... seeing as how it's about boys.  But it doesn't have the punchiness ",12caa9c5ea8b4e4db8bf9a9ca7124af4
spotify:track:5zsHmE2gO3RefVsPyw2e3T,98739434088f411e9e1918725eedb295,2026-01-06T00:43:59Z,1,Wasn't going to give this one a vote except I was working out while listening and felt a new surge of being-back halfway through a set while this was playing.,12caa9c5ea8b4e4db8bf9a9ca7124af4
spotify:track:71HtT7HZb6sDI7ZGhlIPm6,98739434088f411e9e1918725eedb295,2026-01-06T00:43:59Z,0,"This is maybe better fitting for ""We will be so back""",12caa9c5ea8b4e4db8bf9a9ca7124af4
spotify:track:7a5VuzvBrtbqYT7kNlQlFd,98739434088f411e9e1918725eedb295,2026-01-06T00:43:59Z,1,"Giving this one an upvote for thinking outside the box.  It doesn't quite capture ""we're so back,"" but I dig it.",12caa9c5ea8b4e4db8bf9a9ca7124af4
spotify:track:7ccI9cStQbQdystvc6TvxD,98739434088f411e9e1918725eedb295,2026-01-06T00:43:59Z,1,"Yep, especially when you pair this with we will rock you.",12caa9c5ea8b4e4db8bf9a9ca7124af4
spotify:track:08mG3Y1vljYA6bvDt4Wqkj,fc418ffeadb64c3f8e93a25fb942984f,2026-01-06T02:32:55Z,2,Just yes,12caa9c5ea8b4e4db8bf9a9ca7124af4
spotify:track:0NN32Knbyo4gM1DKY9rdzg,fc418ffeadb64c3f8e93a25fb942984f,2026-01-06T02:32:55Z,0,"I like this song, but the link to the prompt isn’t jumping out at me",12caa9c5ea8b4e4db8bf9a9ca7124af4
spotify:track:0U5sKurNP7yqpaxGBzGiyE,fc418ffeadb64c3f8e93a25fb942984f,2026-01-06T02:32:55Z,1,,12caa9c5ea8b4e4db8bf9a9ca7124af4
spotify:track:43DeSV93pJPT4lCZaWZ6b1,fc418ffeadb64c3f8e93a25fb942984f,2026-01-06T02:32:55Z,1,,12caa9c5ea8b4e4db8bf9a9ca7124af4
spotify:track:5umt6j4cZkfrL18u8KOnyq,fc418ffeadb64c3f8e93a25fb942984f,2026-01-06T02:32:55Z,1,,12caa9c5ea8b4e4db8bf9a9ca7124af4
spotify:track:7a5VuzvBrtbqYT7kNlQlFd,fc418ffeadb64c3f8e93a25fb942984f,2026-01-06T02:32:55Z,-1,,12caa9c5ea8b4e4db8bf9a9ca7124af4
spotify:track:7ccI9cStQbQdystvc6TvxD,42db3c63b69a4479bedfcc2d22a6b73a,2026-01-06T04:53:35Z,1,,12caa9c5ea8b4e4db8bf9a9ca7124af4
spotify:track:08mG3Y1vljYA6bvDt4Wqkj,42db3c63b69a4479bedfcc2d22a6b73a,2026-01-06T04:53:35Z,1,,12caa9c5ea8b4e4db8bf9a9ca7124af4
spotify:track:0clxQCtD1kPfKD1I50t0P4,42db3c63b69a4479bedfcc2d22a6b73a,2026-01-06T04:53:35Z,1,,12caa9c5ea8b4e4db8bf9a9ca7124af4
spotify:track:0U5sKurNP7yqpaxGBzGiyE,42db3c63b69a4479bedfcc2d22a6b73a,2026-01-06T04:53:35Z,1,,12caa9c5ea8b4e4db8bf9a9ca7124af4
spotify:track:1kPpge9JDLpcj15qgrPbYX,42db3c63b69a4479bedfcc2d22a6b73a,2026-01-06T04:53:35Z,-1,,12caa9c5ea8b4e4db8bf9a9ca7124af4
spotify:track:43DeSV93pJPT4lCZaWZ6b1,42db3c63b69a4479bedfcc2d22a6b73a,2026-01-06T04:53:35Z,1,,12caa9c5ea8b4e4db8bf9a9ca7124af4
spotify:track:0clxQCtD1kPfKD1I50t0P4,6d8e32d102054531811ff5c8a625977c,2026-01-06T05:53:27Z,1,,12caa9c5ea8b4e4db8bf9a9ca7124af4
spotify:track:0NN32Knbyo4gM1DKY9rdzg,6d8e32d102054531811ff5c8a625977c,2026-01-06T05:53:27Z,1,,12caa9c5ea8b4e4db8bf9a9ca7124af4
spotify:track:0U5sKurNP7yqpaxGBzGiyE,6d8e32d102054531811ff5c8a625977c,2026-01-06T05:53:27Z,1,,12caa9c5ea8b4e4db8bf9a9ca7124af4
spotify:track:5umt6j4cZkfrL18u8KOnyq,6d8e32d102054531811ff5c8a625977c,2026-01-06T05:53:27Z,1,,12caa9c5ea8b4e4db8bf9a9ca7124af4
spotify:track:5zsHmE2gO3RefVsPyw2e3T,6d8e32d102054531811ff5c8a625977c,2026-01-06T05:53:27Z,-1,,12caa9c5ea8b4e4db8bf9a9ca7124af4
spotify:track:71HtT7HZb6sDI7ZGhlIPm6,6d8e32d102054531811ff5c8a625977c,2026-01-06T05:53:27Z,1,,12caa9c5ea8b4e4db8bf9a9ca7124af4
spotify:track:4axPxMZwpzQWjcNjv1JOP6,80a489147c544db5a53c5cede65c4617,2026-01-08T20:59:20Z,0,This is just an amateur song,8fbde06da922442d99fc9b51f301ed02
spotify:track:5cbDTZG8lBJqVVa2zqROPI,80a489147c544db5a53c5cede65c4617,2026-01-08T20:59:20Z,-1,This is actually a very interesting song and reminds me of Radiohead! The lyrics are really interesting too. Come on people!,8fbde06da922442d99fc9b51f301ed02
spotify:track:32pCCGHzA29S16GmS6rH73,80a489147c544db5a53c5cede65c4617,2026-01-08T20:59:20Z,0,Hating this song would feel mean. Also can’t hate anything with this much ambient guitar ,8fbde06da922442d99fc9b51f301ed02
spotify:track:3DJzbnITxJVoLjtYGu4NeV,80a489147c544db5a53c5cede65c4617,2026-01-08T20:59:20Z,0,"Cons: 
- Lesbianism
- all the tiresome a cappella-isms

Pros:
- Good, memorable melodies
- Undeniable vocal chops
- cool production

Ok on balance, enjoyed listening",8fbde06da922442d99fc9b51f301ed02
spotify:track:3UbJXF3g7NcZMtGmeIARmM,80a489147c544db5a53c5cede65c4617,2026-01-08T20:59:20Z,0,🥈Blahhh. Hate the message but musically it’s basically ok. Not something that makes me want to crawl out of my skin. This doesn’t deserve second but there’s not much truly heinous on here I’m afraid,8fbde06da922442d99fc9b51f301ed02
spotify:track:56BfjyZVrW2hxZGEoDptOv,80a489147c544db5a53c5cede65c4617,2026-01-08T20:59:20Z,0,"This is not a song I enjoy listening to, but that’s the whole point. It accomplishes its goal absolutely perfectly. I prefer more order with my dissonance, but there is a (limited) place for stuff like this. ",8fbde06da922442d99fc9b51f301ed02
spotify:track:7BKLCZ1jbUBVqRi2FVlTVw,80a489147c544db5a53c5cede65c4617,2026-01-08T20:59:20Z,0,"This is a well done pop song, memorable if quite basic, and brings back swimming carpool memories. No hate",8fbde06da922442d99fc9b51f301ed02
spotify:track:5qrzjdPC1L0zqrtR0rUQb3,80a489147c544db5a53c5cede65c4617,2026-01-08T20:59:20Z,0,Genres I don’t usually listen to != songs I hate. This is nice enough and the super strong accent makes it interesting. Would happily spin again,8fbde06da922442d99fc9b51f301ed02
spotify:track:01zWTQLmP8nh01IRry09Vn,80a489147c544db5a53c5cede65c4617,2026-01-08T20:59:20Z,0,"🥉 Would be merely a blah pop song without the grating liberal platitudes thrown in. Still a somewhat fun concept, though irritating in execution. AJR somehow have a sound at once instantly identifiable and utterly generic. ",8fbde06da922442d99fc9b51f301ed02
spotify:track:13TT17u7VuvYiZZTwYESQ3,80a489147c544db5a53c5cede65c4617,2026-01-08T20:59:20Z,0,Richard came to ML to late to learn my appreciation of girl pop. There is (almost) nothing objectionable here,8fbde06da922442d99fc9b51f301ed02
spotify:track:1ynmMEK1fkyiZ6Z6F3ThEt,80a489147c544db5a53c5cede65c4617,2026-01-08T20:59:20Z,3,"🏆 The only submission (besides my own) that rises to the level of travesty. Degenerate, repetitive, utterly boring, and yet catchy enough to stay stuck in your head. I hate this kind of vapid major key rock and roll and this is an especially egregious example. ",8fbde06da922442d99fc9b51f301ed02
spotify:track:2g7gviEeJr6pyxO7G35EWQ,80a489147c544db5a53c5cede65c4617,2026-01-08T20:59:20Z,0,This song is a great moral lesson in not being led by your passions and earns its length with meaningful development and storytelling interest. The baseball interlude is clever. Some moments are downright theatrical and the vocals are great. What’s to hate?,8fbde06da922442d99fc9b51f301ed02
spotify:track:5cbDTZG8lBJqVVa2zqROPI,f53f0969b04049b5ba39a303ebb3e987,2026-01-08T21:42:45Z,1,,8fbde06da922442d99fc9b51f301ed02
spotify:track:4axPxMZwpzQWjcNjv1JOP6,f53f0969b04049b5ba39a303ebb3e987,2026-01-08T21:42:45Z,1,,8fbde06da922442d99fc9b51f301ed02
spotify:track:2g7gviEeJr6pyxO7G35EWQ,f53f0969b04049b5ba39a303ebb3e987,2026-01-08T21:42:45Z,1,,8fbde06da922442d99fc9b51f301ed02
spotify:track:5qrzjdPC1L0zqrtR0rUQb3,f53f0969b04049b5ba39a303ebb3e987,2026-01-08T21:42:45Z,-1,,8fbde06da922442d99fc9b51f301ed02
spotify:track:32pCCGHzA29S16GmS6rH73,699c7b228f3b436880363c6d92c3976f,2026-01-08T23:16:39Z,2,"""I messed up ag-ay-ay-an"" killed me",8fbde06da922442d99fc9b51f301ed02
spotify:track:7BkAlVpGwXXl3sYNn5OoJ7,699c7b228f3b436880363c6d92c3976f,2026-01-08T23:16:39Z,0,What precisely did Sammy do to deserve this?,8fbde06da922442d99fc9b51f301ed02
spotify:track:01zWTQLmP8nh01IRry09Vn,699c7b228f3b436880363c6d92c3976f,2026-01-08T23:16:39Z,0,I laughed.,8fbde06da922442d99fc9b51f301ed02
spotify:track:2g7gviEeJr6pyxO7G35EWQ,699c7b228f3b436880363c6d92c3976f,2026-01-08T23:16:39Z,-1,Too normal,8fbde06da922442d99fc9b51f301ed02
spotify:track:5cbDTZG8lBJqVVa2zqROPI,699c7b228f3b436880363c6d92c3976f,2026-01-08T23:16:39Z,1,I laughed.,8fbde06da922442d99fc9b51f301ed02
spotify:track:32pCCGHzA29S16GmS6rH73,c1b6888dec1e4113b65883ad590d3969,2026-01-08T23:20:05Z,-1,I refuse to believe that anyone listens to this earnestly or for comedic value.,8fbde06da922442d99fc9b51f301ed02
spotify:track:56BfjyZVrW2hxZGEoDptOv,c1b6888dec1e4113b65883ad590d3969,2026-01-08T23:20:05Z,0,Shelob,8fbde06da922442d99fc9b51f301ed02
spotify:track:7BKLCZ1jbUBVqRi2FVlTVw,c1b6888dec1e4113b65883ad590d3969,2026-01-08T23:20:05Z,1,,8fbde06da922442d99fc9b51f301ed02
spotify:track:13TT17u7VuvYiZZTwYESQ3,c1b6888dec1e4113b65883ad590d3969,2026-01-08T23:20:05Z,1,,8fbde06da922442d99fc9b51f301ed02
spotify:track:1ynmMEK1fkyiZ6Z6F3ThEt,c1b6888dec1e4113b65883ad590d3969,2026-01-08T23:20:05Z,1,If he knows/knew what this was about? Certainly.,8fbde06da922442d99fc9b51f301ed02
spotify:track:2g7gviEeJr6pyxO7G35EWQ,c1b6888dec1e4113b65883ad590d3969,2026-01-08T23:20:05Z,0,Fun fact: went to a wedding last year of a good friend where the grooms family does a whole bit to this song at every family wedding. All the guys sing the guy part and the girls sing the girl park and they form ranks and sing at each other. It was incredible. ,8fbde06da922442d99fc9b51f301ed02
spotify:track:2g7gviEeJr6pyxO7G35EWQ,0f4f7275b1234127a43771293d707c5c,2026-01-08T23:21:22Z,0,"“They sang this on Glee” - Claire
“…praying for the end of the song to come” - Claire in the 8th minute ",8fbde06da922442d99fc9b51f301ed02
spotify:track:13TT17u7VuvYiZZTwYESQ3,0f4f7275b1234127a43771293d707c5c,2026-01-08T23:21:22Z,0,“This is not that offensive” - Claire ,8fbde06da922442d99fc9b51f301ed02
spotify:track:1ynmMEK1fkyiZ6Z6F3ThEt,0f4f7275b1234127a43771293d707c5c,2026-01-08T23:21:22Z,0,“This riff is so good” *dances* - Claire ,8fbde06da922442d99fc9b51f301ed02
spotify:track:32pCCGHzA29S16GmS6rH73,0f4f7275b1234127a43771293d707c5c,2026-01-08T23:21:22Z,0,“This is going to wreck my Spotify algorithm for the rest of the year” - Claire ,8fbde06da922442d99fc9b51f301ed02
spotify:track:3DJzbnITxJVoLjtYGu4NeV,0f4f7275b1234127a43771293d707c5c,2026-01-08T23:21:22Z,0,“Maybe Joseph will like this because the clicking noises will remind him of dolphins” - Claire 🐬🐬🐬,8fbde06da922442d99fc9b51f301ed02
spotify:track:3UbJXF3g7NcZMtGmeIARmM,0f4f7275b1234127a43771293d707c5c,2026-01-08T23:21:22Z,0,“I could see Joseph furrowing his brow at this but I don’t think it would actually hurt him” - Claire ,8fbde06da922442d99fc9b51f301ed02
spotify:track:4axPxMZwpzQWjcNjv1JOP6,0f4f7275b1234127a43771293d707c5c,2026-01-08T23:21:22Z,0,“The lyrics are inane but the music is fine” - Claire,8fbde06da922442d99fc9b51f301ed02
spotify:track:56BfjyZVrW2hxZGEoDptOv,0f4f7275b1234127a43771293d707c5c,2026-01-08T23:21:22Z,-1,"“I respect this artistically and I can’t say the same for all of the songs on this list” - Claire 

I’m downvoting because I think Joseph might think it’s cool and most of these songs are mid to me. I’d listen to this again highkey.",8fbde06da922442d99fc9b51f301ed02
spotify:track:5cbDTZG8lBJqVVa2zqROPI,0f4f7275b1234127a43771293d707c5c,2026-01-08T23:21:22Z,1,“I have a sneaking suspicion this is Joseph because I think he’s the kind of person who would know about the hype this is getting and not understand the hype whatsoever” - Claire,8fbde06da922442d99fc9b51f301ed02
spotify:track:5qrzjdPC1L0zqrtR0rUQb3,0f4f7275b1234127a43771293d707c5c,2026-01-08T23:21:22Z,0,"“People forget Joseph has a soft spot for Irish music. And as you know, I’m the authority on songs joseph would love” - Claire ",8fbde06da922442d99fc9b51f301ed02
spotify:track:7BkAlVpGwXXl3sYNn5OoJ7,0f4f7275b1234127a43771293d707c5c,2026-01-08T23:21:22Z,1,“This seems like what Eddie would play to punish Joseph for bad roommate behavior or something” - Claire ,8fbde06da922442d99fc9b51f301ed02
spotify:track:7BKLCZ1jbUBVqRi2FVlTVw,0f4f7275b1234127a43771293d707c5c,2026-01-08T23:21:22Z,0,"“If you and I sang this at karaoke at the hangar, Joseph would bob his head” - Claire ",8fbde06da922442d99fc9b51f301ed02
spotify:track:01zWTQLmP8nh01IRry09Vn,0f4f7275b1234127a43771293d707c5c,2026-01-08T23:21:22Z,1,I listened to this before Claire submitted it and was affirmative of its badness. This one is the worst for Joseph by my estimation.,8fbde06da922442d99fc9b51f301ed02
spotify:track:3DJzbnITxJVoLjtYGu4NeV,9800e906592547f4ab0717aa56097b49,2026-01-09T23:39:17Z,1,"I hate the original song so much. And I didn’t even know there was a pentatonix version, which means I had to learn how much more I could hate it. It’s like everything I couldn’t stand in 2015 combined into one. 
But would Joseph hate it? Also yes ",8fbde06da922442d99fc9b51f301ed02
spotify:track:3UbJXF3g7NcZMtGmeIARmM,9800e906592547f4ab0717aa56097b49,2026-01-09T23:39:17Z,0,Content over musicality. Meh ,8fbde06da922442d99fc9b51f301ed02
spotify:track:56BfjyZVrW2hxZGEoDptOv,9800e906592547f4ab0717aa56097b49,2026-01-09T23:39:17Z,-1,No ,8fbde06da922442d99fc9b51f301ed02
spotify:track:5cbDTZG8lBJqVVa2zqROPI,9800e906592547f4ab0717aa56097b49,2026-01-09T23:39:17Z,0,Joseph would hate the insufferable Gen Z nature of this song more than anything ,8fbde06da922442d99fc9b51f301ed02
spotify:track:5qrzjdPC1L0zqrtR0rUQb3,9800e906592547f4ab0717aa56097b49,2026-01-09T23:39:17Z,0,Nah ,8fbde06da922442d99fc9b51f301ed02
spotify:track:7BkAlVpGwXXl3sYNn5OoJ7,9800e906592547f4ab0717aa56097b49,2026-01-09T23:39:17Z,1,"This is probably the perfect Bob Dylan choice. There are others that would work more, but everyone else would hate them so much, I don’t think they would do well. This is also a super popular song, but I hate it. I think it drags down what is otherwise a perfect album. Wish I had thought of it.",8fbde06da922442d99fc9b51f301ed02
spotify:track:7BKLCZ1jbUBVqRi2FVlTVw,9800e906592547f4ab0717aa56097b49,2026-01-09T23:39:17Z,0,"This song is like a millennial sleeper agent activation. It’s just so good. You can only imagine how must play this got in Tucson lol. I don’t think Joseph would like it, but he also wouldn’t hate it.",8fbde06da922442d99fc9b51f301ed02
spotify:track:2g7gviEeJr6pyxO7G35EWQ,9800e906592547f4ab0717aa56097b49,2026-01-09T23:39:17Z,1,"I am voting for this because I think Joseph would hate it musically, not because of the content ",8fbde06da922442d99fc9b51f301ed02
spotify:track:1ynmMEK1fkyiZ6Z6F3ThEt,9800e906592547f4ab0717aa56097b49,2026-01-09T23:39:17Z,0,"I think this is the best content choice, but don’t think Joseph would actually hate it ",8fbde06da922442d99fc9b51f301ed02
spotify:track:13TT17u7VuvYiZZTwYESQ3,9800e906592547f4ab0717aa56097b49,2026-01-09T23:39:17Z,0,Joseph wouldn’t like this but he wouldn’t hate it ,8fbde06da922442d99fc9b51f301ed02
spotify:track:01zWTQLmP8nh01IRry09Vn,9800e906592547f4ab0717aa56097b49,2026-01-09T23:39:17Z,0,"This is the only song that made me feel visceral hatred. Complete millenniall slop. Great pick. Given the paucity of upvotes though, going to go with others. 4th place ",8fbde06da922442d99fc9b51f301ed02
spotify:track:3DJzbnITxJVoLjtYGu4NeV,42db3c63b69a4479bedfcc2d22a6b73a,2026-01-10T00:32:55Z,1,,8fbde06da922442d99fc9b51f301ed02
spotify:track:4axPxMZwpzQWjcNjv1JOP6,42db3c63b69a4479bedfcc2d22a6b73a,2026-01-10T00:32:55Z,1,,8fbde06da922442d99fc9b51f301ed02
spotify:track:56BfjyZVrW2hxZGEoDptOv,42db3c63b69a4479bedfcc2d22a6b73a,2026-01-10T00:32:55Z,1,,8fbde06da922442d99fc9b51f301ed02
spotify:track:7BkAlVpGwXXl3sYNn5OoJ7,42db3c63b69a4479bedfcc2d22a6b73a,2026-01-10T00:32:55Z,-1,,8fbde06da922442d99fc9b51f301ed02
spotify:track:1ynmMEK1fkyiZ6Z6F3ThEt,fa6235d130204772808d133e528b8ad7,2026-01-10T05:55:00Z,1,"NB: I (Claire) considered submitting this and now I’m kicking myself that I didn’t go with it 

“I think my knowledge of Joseph’s musical dislikes is incomplete because it doesn’t seem that bad to me” -Fiona",8fbde06da922442d99fc9b51f301ed02
spotify:track:2g7gviEeJr6pyxO7G35EWQ,fa6235d130204772808d133e528b8ad7,2026-01-10T05:55:00Z,0,“This song is eight and a half fucking minutes” -Fiona ,8fbde06da922442d99fc9b51f301ed02
spotify:track:32pCCGHzA29S16GmS6rH73,fa6235d130204772808d133e528b8ad7,2026-01-10T05:55:00Z,1,"“How did this not hurt Joseph?” 
“This has to be satire”
-Fiona",8fbde06da922442d99fc9b51f301ed02
spotify:track:3DJzbnITxJVoLjtYGu4NeV,fa6235d130204772808d133e528b8ad7,2026-01-10T05:55:00Z,0,"“Unfortunately we did this in show choir”

“I had a gleeful time finding one of the worst Pentatonix covers so I could torture Joseph”

*suspicious squeaking noise*“Oh I don’t like that sound.”

“Maybe Joseph will like it because he hopes to find himself a cheerleader one day”
-Fiona",8fbde06da922442d99fc9b51f301ed02
spotify:track:3UbJXF3g7NcZMtGmeIARmM,fa6235d130204772808d133e528b8ad7,2026-01-10T05:55:00Z,0,“Sonically this sounds like Bruce Springsteen mixed with Bob Dylan” -Fiona,8fbde06da922442d99fc9b51f301ed02
spotify:track:4axPxMZwpzQWjcNjv1JOP6,fa6235d130204772808d133e528b8ad7,2026-01-10T05:55:00Z,0,"“This does seem kind of like Grease should sue [for copying their chord progression]
…and maybe the country of Greece should sue for that shirt” -Fiona",8fbde06da922442d99fc9b51f301ed02
spotify:track:56BfjyZVrW2hxZGEoDptOv,fa6235d130204772808d133e528b8ad7,2026-01-10T05:55:00Z,-1,"“This is what it would sound like for me to be drugged by the fear drug in Batman Begins”

“Lowkey I’m having a better listening experience than I did with meatloaf”

“(Joseph) likes screaming, remember?” 

(at the end) “I’m kind of sad that we’re going to listen to something else now”

-Fiona

Downvoting bc I feel like Joseph will respect this artistically in a way he wouldn’t with other songs -CM",8fbde06da922442d99fc9b51f301ed02
spotify:track:5qrzjdPC1L0zqrtR0rUQb3,fa6235d130204772808d133e528b8ad7,2026-01-10T05:55:00Z,0,"“Joseph wishes he could shred acoustic like this”

“If Joseph upvotes this he hates the Irish people”

People forget that Joseph does indeed enjoy a good Irish tune every now and then… -CM",8fbde06da922442d99fc9b51f301ed02
spotify:track:5cbDTZG8lBJqVVa2zqROPI,fa6235d130204772808d133e528b8ad7,2026-01-10T05:55:00Z,0,"“I would throw ass to this”
*proceeds to throw ass*
-Fiona",8fbde06da922442d99fc9b51f301ed02
spotify:track:7BKLCZ1jbUBVqRi2FVlTVw,fa6235d130204772808d133e528b8ad7,2026-01-10T05:55:00Z,0,“I appreciate that this is the only other person who acknowledged his pop dislike” -Fiona,8fbde06da922442d99fc9b51f301ed02
spotify:track:7BkAlVpGwXXl3sYNn5OoJ7,fa6235d130204772808d133e528b8ad7,2026-01-10T05:55:00Z,1,"“Yeah this is bad”
“Not even timothee chalamet likes this song”
-Fiona",8fbde06da922442d99fc9b51f301ed02
spotify:track:01zWTQLmP8nh01IRry09Vn,fa6235d130204772808d133e528b8ad7,2026-01-10T05:55:00Z,0,“Yeah this is pretty bad to me and I’d think to Joseph too.” -Fiona,8fbde06da922442d99fc9b51f301ed02
spotify:track:13TT17u7VuvYiZZTwYESQ3,fa6235d130204772808d133e528b8ad7,2026-01-10T05:55:00Z,0,“This one seems mildly bad to me” -Fiona,8fbde06da922442d99fc9b51f301ed02
spotify:track:2g7gviEeJr6pyxO7G35EWQ,98739434088f411e9e1918725eedb295,2026-01-10T16:06:37Z,-1,"Honestly, this is pretty up Joseph's alley (other than the subject matter).  ""Now I'm preaying for the end of time"" is just such a hilarious line.",8fbde06da922442d99fc9b51f301ed02
spotify:track:7BkAlVpGwXXl3sYNn5OoJ7,98739434088f411e9e1918725eedb295,2026-01-10T16:06:37Z,1,I do think Joseph would hate this song.,8fbde06da922442d99fc9b51f301ed02
spotify:track:5qrzjdPC1L0zqrtR0rUQb3,98739434088f411e9e1918725eedb295,2026-01-10T16:06:37Z,0,"I think Joseph would love this song, except for the lyrics.",8fbde06da922442d99fc9b51f301ed02
spotify:track:5cbDTZG8lBJqVVa2zqROPI,98739434088f411e9e1918725eedb295,2026-01-10T16:06:37Z,0,"i dunno, i kinda dug this one.  I think joseph would too.",8fbde06da922442d99fc9b51f301ed02
spotify:track:56BfjyZVrW2hxZGEoDptOv,98739434088f411e9e1918725eedb295,2026-01-10T16:06:37Z,0,"Joseph would hate this song, but basically everybody else would too.",8fbde06da922442d99fc9b51f301ed02
spotify:track:3UbJXF3g7NcZMtGmeIARmM,98739434088f411e9e1918725eedb295,2026-01-10T16:06:37Z,1,I can just imagine Joseph listening to this song and verbally reacting to basically every stanza.  Well picked.,8fbde06da922442d99fc9b51f301ed02
spotify:track:3DJzbnITxJVoLjtYGu4NeV,98739434088f411e9e1918725eedb295,2026-01-10T16:06:37Z,0,"I thought about submitting ""Cheerleader"" as well.  But not this version, which I think joseph would dislike more than the original.  Joseph despises bland, predictable, and insipid songs like this one.",8fbde06da922442d99fc9b51f301ed02
spotify:track:01zWTQLmP8nh01IRry09Vn,98739434088f411e9e1918725eedb295,2026-01-10T16:06:37Z,0,"This is a whiny song, which Joseph wouldn't like.  But musically I think he'd be okay with it.  It's kinda interesting.",8fbde06da922442d99fc9b51f301ed02
spotify:track:13TT17u7VuvYiZZTwYESQ3,98739434088f411e9e1918725eedb295,2026-01-10T16:06:37Z,0,Eddie and I have danced to this song many times.  Hard for me to imagine Joseph hating that.,8fbde06da922442d99fc9b51f301ed02
spotify:track:32pCCGHzA29S16GmS6rH73,98739434088f411e9e1918725eedb295,2026-01-10T16:06:37Z,1,"Would Joseph hate it? Yes.
Would everyone else hate it? Yes.
Would God himself hate it? I'm leaning towards yes.",8fbde06da922442d99fc9b51f301ed02
spotify:track:3UbJXF3g7NcZMtGmeIARmM,fc418ffeadb64c3f8e93a25fb942984f,2026-01-10T18:52:42Z,1,“Not in my good Catholic Hangar”,8fbde06da922442d99fc9b51f301ed02
spotify:track:7BKLCZ1jbUBVqRi2FVlTVw,fc418ffeadb64c3f8e93a25fb942984f,2026-01-10T18:52:42Z,-1,"Sometimes I think “yeah Joseph doesn’t like basic pop” but he likes Coldplay and Taylor Swift, so I don’t know what’s what anymore",8fbde06da922442d99fc9b51f301ed02
spotify:track:2g7gviEeJr6pyxO7G35EWQ,fc418ffeadb64c3f8e93a25fb942984f,2026-01-10T18:52:42Z,0,"If I were voting on what songs I liked, this song would get three upvotes!",8fbde06da922442d99fc9b51f301ed02
spotify:track:32pCCGHzA29S16GmS6rH73,fc418ffeadb64c3f8e93a25fb942984f,2026-01-10T18:52:42Z,2,"Ok first of all, this sounds like something Sam would make for fun. Second, I need to listen to this whenever I’m feeling discouraged hahahahah",8fbde06da922442d99fc9b51f301ed02
spotify:track:01zWTQLmP8nh01IRry09Vn,6d8e32d102054531811ff5c8a625977c,2026-01-11T03:04:01Z,0,"I have no doubt Joseph would hate this, but so would any reasonable person, so it doesn’t feel particularly inspired ",8fbde06da922442d99fc9b51f301ed02
spotify:track:4axPxMZwpzQWjcNjv1JOP6,6d8e32d102054531811ff5c8a625977c,2026-01-11T03:04:01Z,1,"Hahaha I loved this, which is surely a sign it will perform well in a crowd of songs Joseph would hate",8fbde06da922442d99fc9b51f301ed02
spotify:track:56BfjyZVrW2hxZGEoDptOv,6d8e32d102054531811ff5c8a625977c,2026-01-11T03:04:01Z,-1,This is awesome. Why would Joseph hate this ,8fbde06da922442d99fc9b51f301ed02
spotify:track:5cbDTZG8lBJqVVa2zqROPI,6d8e32d102054531811ff5c8a625977c,2026-01-11T03:04:01Z,1,"Instrumentally I think this is fantastic, and it might be the type of alt rock song that Joseph inexplicably vibes with, but the particularly whiny Will Toledo-esque vocals tip the scales towards upvote for me",8fbde06da922442d99fc9b51f301ed02
spotify:track:5qrzjdPC1L0zqrtR0rUQb3,6d8e32d102054531811ff5c8a625977c,2026-01-11T03:04:01Z,0,"I’m not convinced Joseph would actually hate this song, but I am pleased to see the Catholic Worker Songbook represented among submissions ",8fbde06da922442d99fc9b51f301ed02
spotify:track:7BkAlVpGwXXl3sYNn5OoJ7,6d8e32d102054531811ff5c8a625977c,2026-01-11T03:04:01Z,0,"Bob feels like the easy way out. Fantastic song tho, and a pretty enlightened submission from among the Dylan corpus, I admit",8fbde06da922442d99fc9b51f301ed02
spotify:track:7BKLCZ1jbUBVqRi2FVlTVw,6d8e32d102054531811ff5c8a625977c,2026-01-11T03:04:01Z,0,yawn,8fbde06da922442d99fc9b51f301ed02
spotify:track:1ynmMEK1fkyiZ6Z6F3ThEt,6d8e32d102054531811ff5c8a625977c,2026-01-11T03:04:01Z,1,either this is Alex or Alex appeared to OP in a dream and told him/her to post this ,8fbde06da922442d99fc9b51f301ed02
spotify:track:13TT17u7VuvYiZZTwYESQ3,6d8e32d102054531811ff5c8a625977c,2026-01-11T03:04:01Z,0,Songs Joseph Would Feel Lukewarm About,8fbde06da922442d99fc9b51f301ed02
spotify:track:32pCCGHzA29S16GmS6rH73,6d8e32d102054531811ff5c8a625977c,2026-01-11T03:04:01Z,0,"Something about this song itself actually feels inspired. For being a genuinely creative song with (probably intentionally?) imperfect vocals,  however, it’s not really an inspired choice for this round. Joseph would probably dislike the vocals, sure, but that feels too obvious to me. ",8fbde06da922442d99fc9b51f301ed02
spotify:track:3DJzbnITxJVoLjtYGu4NeV,6d8e32d102054531811ff5c8a625977c,2026-01-11T03:04:01Z,0,Pentatonix goes into the “generically terrible” and therefore non-upvotable wastebasket,8fbde06da922442d99fc9b51f301ed02
spotify:track:3DJzbnITxJVoLjtYGu4NeV,c8e8de6d21ac4bfba566bc0a8eeef629,2026-01-11T05:47:12Z,1,,8fbde06da922442d99fc9b51f301ed02
spotify:track:01zWTQLmP8nh01IRry09Vn,c8e8de6d21ac4bfba566bc0a8eeef629,2026-01-11T05:47:12Z,1,,8fbde06da922442d99fc9b51f301ed02
spotify:track:1ynmMEK1fkyiZ6Z6F3ThEt,c8e8de6d21ac4bfba566bc0a8eeef629,2026-01-11T05:47:12Z,-1,,8fbde06da922442d99fc9b51f301ed02
spotify:track:32pCCGHzA29S16GmS6rH73,c8e8de6d21ac4bfba566bc0a8eeef629,2026-01-11T05:47:12Z,1,,8fbde06da922442d99fc9b51f301ed02
spotify:track:32pCCGHzA29S16GmS6rH73,b3c43885f6ce4e8b861545158a22b7a2,2026-01-11T23:28:45Z,2,Egregious. You nailed it.,8fbde06da922442d99fc9b51f301ed02
spotify:track:5cbDTZG8lBJqVVa2zqROPI,b3c43885f6ce4e8b861545158a22b7a2,2026-01-11T23:28:45Z,0,Fun fact: my MDiv classmate shared this song with me.,8fbde06da922442d99fc9b51f301ed02
spotify:track:3UbJXF3g7NcZMtGmeIARmM,b3c43885f6ce4e8b861545158a22b7a2,2026-01-11T23:28:45Z,1,,8fbde06da922442d99fc9b51f301ed02
spotify:track:7BKLCZ1jbUBVqRi2FVlTVw,b3c43885f6ce4e8b861545158a22b7a2,2026-01-11T23:28:45Z,-1,Feels slightly too common of a song to be an intense hatred. But perhaps... right on the mark for that reason?,8fbde06da922442d99fc9b51f301ed02
spotify:track:3DUv0EFyKYatFD2YCkmf9N,c1b6888dec1e4113b65883ad590d3969,2026-01-14T16:48:52Z,0,Pure Michigan.,b660ab431e4c4218a8411dc44cf7a544
spotify:track:1CM1wOqD2AIjt2MWd31LV2,c1b6888dec1e4113b65883ad590d3969,2026-01-14T16:48:52Z,1,,b660ab431e4c4218a8411dc44cf7a544
spotify:track:0kz35q6rsNDB6d6XHNfLO4,c1b6888dec1e4113b65883ad590d3969,2026-01-14T16:48:52Z,1,This song demonstrates diner supremacy. Only thing it messes up is that Denny’s would 100% make him that cheeseburger. Love “Love songs with Mr. Lundt”,b660ab431e4c4218a8411dc44cf7a544
spotify:track:0KMGxYKeUzK9wc5DZCt3HT,c1b6888dec1e4113b65883ad590d3969,2026-01-14T16:48:52Z,-1,"
",b660ab431e4c4218a8411dc44cf7a544
spotify:track:6dnco8haegnJYtylV26cBq,c1b6888dec1e4113b65883ad590d3969,2026-01-14T16:48:52Z,1,,b660ab431e4c4218a8411dc44cf7a544
spotify:track:1CM1wOqD2AIjt2MWd31LV2,f53f0969b04049b5ba39a303ebb3e987,2026-01-14T19:36:41Z,0,Almost there. #4. ,b660ab431e4c4218a8411dc44cf7a544
spotify:track:13ma919PJzi9qbMc2UfJ6R,f53f0969b04049b5ba39a303ebb3e987,2026-01-14T19:36:41Z,0,"Father John Misty-ass song that plays at a diner called ""Doc Brichter's Farmacy"" that has a ""Boozy Brunch"" with a $30 omelette ",b660ab431e4c4218a8411dc44cf7a544
spotify:track:0uzioJOXr8vqADpxTFY9Hg,f53f0969b04049b5ba39a303ebb3e987,2026-01-14T19:36:41Z,1,Probably a lot of Kitchenette customers like this so it works,b660ab431e4c4218a8411dc44cf7a544
spotify:track:0kz35q6rsNDB6d6XHNfLO4,f53f0969b04049b5ba39a303ebb3e987,2026-01-14T19:36:41Z,-1,Awful submission. Also adulting legitimation of VeggieTales needs to stop.,b660ab431e4c4218a8411dc44cf7a544
spotify:track:6dnco8haegnJYtylV26cBq,f53f0969b04049b5ba39a303ebb3e987,2026-01-14T19:36:41Z,1,This is the vibe. Love this song.,b660ab431e4c4218a8411dc44cf7a544
spotify:track:5VbwM8nvvQLXcwsZUwgm9K,f53f0969b04049b5ba39a303ebb3e987,2026-01-14T19:36:41Z,0,Song goes hard as theme in Halloween II,b660ab431e4c4218a8411dc44cf7a544
spotify:track:4Z2PtqWOBXJOgQ7UCLO3py,f53f0969b04049b5ba39a303ebb3e987,2026-01-14T19:36:41Z,0,"Sad story, not good enough though",b660ab431e4c4218a8411dc44cf7a544
spotify:track:4rfxu3vOUWRaOx8YwUEpbi,f53f0969b04049b5ba39a303ebb3e987,2026-01-14T19:36:41Z,0,Cute! But absolutely not.,b660ab431e4c4218a8411dc44cf7a544
spotify:track:4DMKwE2E2iYDKY01C335Uw,f53f0969b04049b5ba39a303ebb3e987,2026-01-14T19:36:41Z,0,Too hype for diner. Try again please!!,b660ab431e4c4218a8411dc44cf7a544
spotify:track:3DUv0EFyKYatFD2YCkmf9N,f53f0969b04049b5ba39a303ebb3e987,2026-01-14T19:36:41Z,1,Really deserves all three votes but I can't justify that with only 3 to spare,b660ab431e4c4218a8411dc44cf7a544
spotify:track:2s45jzEVXjE0Y0Fu6CjG5u,f53f0969b04049b5ba39a303ebb3e987,2026-01-14T19:36:41Z,0,Would ghost this person at the diner,b660ab431e4c4218a8411dc44cf7a544
spotify:track:20OFwXhEXf12DzwXmaV7fj,f53f0969b04049b5ba39a303ebb3e987,2026-01-14T19:36:41Z,0,Too hype for diner. Try again please!!,b660ab431e4c4218a8411dc44cf7a544
spotify:track:4Z2PtqWOBXJOgQ7UCLO3py,0f4f7275b1234127a43771293d707c5c,2026-01-14T20:17:54Z,1,Wait I’ve never heard this I love.,b660ab431e4c4218a8411dc44cf7a544
spotify:track:4rfxu3vOUWRaOx8YwUEpbi,0f4f7275b1234127a43771293d707c5c,2026-01-14T20:17:54Z,0,Nah ,b660ab431e4c4218a8411dc44cf7a544
spotify:track:4DMKwE2E2iYDKY01C335Uw,0f4f7275b1234127a43771293d707c5c,2026-01-14T20:17:54Z,0,🤘🏼feeling motivated to cry less and rock more ,b660ab431e4c4218a8411dc44cf7a544
spotify:track:3DUv0EFyKYatFD2YCkmf9N,0f4f7275b1234127a43771293d707c5c,2026-01-14T20:17:54Z,-1,…no,b660ab431e4c4218a8411dc44cf7a544
spotify:track:2s45jzEVXjE0Y0Fu6CjG5u,0f4f7275b1234127a43771293d707c5c,2026-01-14T20:17:54Z,1,Yeah I like the retro ones. Almost went this route myself.,b660ab431e4c4218a8411dc44cf7a544
spotify:track:20OFwXhEXf12DzwXmaV7fj,0f4f7275b1234127a43771293d707c5c,2026-01-14T20:17:54Z,1,"Yes 
A great misheard lyric: “there’s a bathroom on the right”",b660ab431e4c4218a8411dc44cf7a544
spotify:track:1CM1wOqD2AIjt2MWd31LV2,0f4f7275b1234127a43771293d707c5c,2026-01-14T20:17:54Z,0,Sure ,b660ab431e4c4218a8411dc44cf7a544
spotify:track:13ma919PJzi9qbMc2UfJ6R,0f4f7275b1234127a43771293d707c5c,2026-01-14T20:17:54Z,0,Nah ,b660ab431e4c4218a8411dc44cf7a544
spotify:track:0uzioJOXr8vqADpxTFY9Hg,0f4f7275b1234127a43771293d707c5c,2026-01-14T20:17:54Z,0,Love you but no. And no I didn’t listen to the entire thing.,b660ab431e4c4218a8411dc44cf7a544
spotify:track:0kz35q6rsNDB6d6XHNfLO4,0f4f7275b1234127a43771293d707c5c,2026-01-14T20:17:54Z,0,I want to vote for it but I was taking it more seriously and I dont think I’d actually hear this at a diner ,b660ab431e4c4218a8411dc44cf7a544
spotify:track:0KMGxYKeUzK9wc5DZCt3HT,0f4f7275b1234127a43771293d707c5c,2026-01-14T20:17:54Z,0,Fits enough ,b660ab431e4c4218a8411dc44cf7a544
spotify:track:6dnco8haegnJYtylV26cBq,0f4f7275b1234127a43771293d707c5c,2026-01-14T20:17:54Z,0,Didn’t have enough votes but liked this too ,b660ab431e4c4218a8411dc44cf7a544
spotify:track:5VbwM8nvvQLXcwsZUwgm9K,0f4f7275b1234127a43771293d707c5c,2026-01-14T20:17:54Z,0,"🩷 cutesy 
Unfortunately I went with the retro one I didn’t know before because I dont have a 4th vote I’m sry ",b660ab431e4c4218a8411dc44cf7a544
spotify:track:6dnco8haegnJYtylV26cBq,699c7b228f3b436880363c6d92c3976f,2026-01-15T00:38:41Z,1,"Dolly, I must confess: I love you. ",b660ab431e4c4218a8411dc44cf7a544
spotify:track:4Z2PtqWOBXJOgQ7UCLO3py,699c7b228f3b436880363c6d92c3976f,2026-01-15T00:38:41Z,0,Ok.,b660ab431e4c4218a8411dc44cf7a544
spotify:track:4rfxu3vOUWRaOx8YwUEpbi,699c7b228f3b436880363c6d92c3976f,2026-01-15T00:38:41Z,0,Mmmmm.,b660ab431e4c4218a8411dc44cf7a544
spotify:track:4DMKwE2E2iYDKY01C335Uw,699c7b228f3b436880363c6d92c3976f,2026-01-15T00:38:41Z,0,Good.,b660ab431e4c4218a8411dc44cf7a544
spotify:track:3DUv0EFyKYatFD2YCkmf9N,699c7b228f3b436880363c6d92c3976f,2026-01-15T00:38:41Z,0,I still don't see what this has to do with the band.,b660ab431e4c4218a8411dc44cf7a544
spotify:track:2s45jzEVXjE0Y0Fu6CjG5u,699c7b228f3b436880363c6d92c3976f,2026-01-15T00:38:41Z,-1,Fits the genre. I just think it exemplifies the worst of the genre.,b660ab431e4c4218a8411dc44cf7a544
spotify:track:20OFwXhEXf12DzwXmaV7fj,699c7b228f3b436880363c6d92c3976f,2026-01-15T00:38:41Z,1,Much enjoy.,b660ab431e4c4218a8411dc44cf7a544
spotify:track:1CM1wOqD2AIjt2MWd31LV2,699c7b228f3b436880363c6d92c3976f,2026-01-15T00:38:41Z,0,Good.,b660ab431e4c4218a8411dc44cf7a544
spotify:track:13ma919PJzi9qbMc2UfJ6R,699c7b228f3b436880363c6d92c3976f,2026-01-15T00:38:41Z,1,A good twist on this type of music.,b660ab431e4c4218a8411dc44cf7a544
spotify:track:0uzioJOXr8vqADpxTFY9Hg,699c7b228f3b436880363c6d92c3976f,2026-01-15T00:38:41Z,0,"I like to imagine some modern Phillip Neri had you submit this song as a penance for your vainglory. As the musical scapegoat, you will attract all the downvotes. But I refuse to give you that satisfaction.",b660ab431e4c4218a8411dc44cf7a544
spotify:track:0KMGxYKeUzK9wc5DZCt3HT,699c7b228f3b436880363c6d92c3976f,2026-01-15T00:38:41Z,0,Good.,b660ab431e4c4218a8411dc44cf7a544
spotify:track:5VbwM8nvvQLXcwsZUwgm9K,699c7b228f3b436880363c6d92c3976f,2026-01-15T00:38:41Z,0,"""lonely heart like Pagliacci/ with wavy hair like Liberace"" is an amazing and messed up line. ",b660ab431e4c4218a8411dc44cf7a544
spotify:track:4DMKwE2E2iYDKY01C335Uw,80a489147c544db5a53c5cede65c4617,2026-01-15T17:56:03Z,1,This song is a total banger and also could quite plausibly play in a diner,b660ab431e4c4218a8411dc44cf7a544
spotify:track:5VbwM8nvvQLXcwsZUwgm9K,80a489147c544db5a53c5cede65c4617,2026-01-15T17:56:03Z,1,"Was this big on TikTok or something? Incredibly cute, would enjoy over a Kitchenette omlet",b660ab431e4c4218a8411dc44cf7a544
spotify:track:0KMGxYKeUzK9wc5DZCt3HT,80a489147c544db5a53c5cede65c4617,2026-01-15T17:56:03Z,0,Pretty interesting in the moment but also forgettable ,b660ab431e4c4218a8411dc44cf7a544
spotify:track:6dnco8haegnJYtylV26cBq,80a489147c544db5a53c5cede65c4617,2026-01-15T17:56:03Z,0,Pretty good!,b660ab431e4c4218a8411dc44cf7a544
spotify:track:0kz35q6rsNDB6d6XHNfLO4,80a489147c544db5a53c5cede65c4617,2026-01-15T17:56:03Z,-1,I would hate to have to hear this while eating,b660ab431e4c4218a8411dc44cf7a544
spotify:track:1CM1wOqD2AIjt2MWd31LV2,80a489147c544db5a53c5cede65c4617,2026-01-15T17:56:03Z,1,I would be thrilled to hear this in a diner,b660ab431e4c4218a8411dc44cf7a544
spotify:track:3DUv0EFyKYatFD2YCkmf9N,80a489147c544db5a53c5cede65c4617,2026-01-15T17:56:03Z,0,Cool but not a great fit,b660ab431e4c4218a8411dc44cf7a544
spotify:track:4DMKwE2E2iYDKY01C335Uw,6d8e32d102054531811ff5c8a625977c,2026-01-15T19:09:49Z,0,"Tempted, this is canonically diner-core I suppose, but it feels too obvious and honestly, how many times have you actually heard this at a diner?",b660ab431e4c4218a8411dc44cf7a544
spotify:track:0kz35q6rsNDB6d6XHNfLO4,6d8e32d102054531811ff5c8a625977c,2026-01-15T19:09:49Z,-1,The diner is the villain in this song ,b660ab431e4c4218a8411dc44cf7a544
spotify:track:0uzioJOXr8vqADpxTFY9Hg,6d8e32d102054531811ff5c8a625977c,2026-01-15T19:09:49Z,0,I was sweeping and mopping my apartment while listening to this and it’s unexpectedly a vibe,b660ab431e4c4218a8411dc44cf7a544
spotify:track:13ma919PJzi9qbMc2UfJ6R,6d8e32d102054531811ff5c8a625977c,2026-01-15T19:09:49Z,0,"Bradcore. Awesome song, loved this. Good lyrics and a cool sound. Not upvoted, I just can’t really imagine hearing this at a diner",b660ab431e4c4218a8411dc44cf7a544
spotify:track:20OFwXhEXf12DzwXmaV7fj,6d8e32d102054531811ff5c8a625977c,2026-01-15T19:09:49Z,1,CCR is the sort of thing I would hope for if diner-core is to be interpreted as 70s rock,b660ab431e4c4218a8411dc44cf7a544
spotify:track:3DUv0EFyKYatFD2YCkmf9N,6d8e32d102054531811ff5c8a625977c,2026-01-15T19:09:49Z,0,This would be a title winning submission if we were playing a game called Poem League,b660ab431e4c4218a8411dc44cf7a544
spotify:track:4Z2PtqWOBXJOgQ7UCLO3py,6d8e32d102054531811ff5c8a625977c,2026-01-15T19:09:49Z,1,Nice. Would listen to while enjoying black coffee and a short stack,b660ab431e4c4218a8411dc44cf7a544
spotify:track:5VbwM8nvvQLXcwsZUwgm9K,6d8e32d102054531811ff5c8a625977c,2026-01-15T19:09:49Z,0,"But doctor, I have a lonely heart like Pagliacci",b660ab431e4c4218a8411dc44cf7a544
spotify:track:6dnco8haegnJYtylV26cBq,6d8e32d102054531811ff5c8a625977c,2026-01-15T19:09:49Z,1,"I think this is the most inspired submission on this list. I could totally imagine hearing this at a diner. It’s an unexpected pick with perfect sound and vibe for the imagined backdrop, which is delightful.",b660ab431e4c4218a8411dc44cf7a544
spotify:track:1CM1wOqD2AIjt2MWd31LV2,b3c43885f6ce4e8b861545158a22b7a2,2026-01-17T17:38:07Z,1,,b660ab431e4c4218a8411dc44cf7a544
spotify:track:13ma919PJzi9qbMc2UfJ6R,b3c43885f6ce4e8b861545158a22b7a2,2026-01-17T17:38:07Z,1,,b660ab431e4c4218a8411dc44cf7a544
spotify:track:4DMKwE2E2iYDKY01C335Uw,b3c43885f6ce4e8b861545158a22b7a2,2026-01-17T17:38:07Z,-1,,b660ab431e4c4218a8411dc44cf7a544
spotify:track:4Z2PtqWOBXJOgQ7UCLO3py,b3c43885f6ce4e8b861545158a22b7a2,2026-01-17T17:38:07Z,1,,b660ab431e4c4218a8411dc44cf7a544
spotify:track:13ma919PJzi9qbMc2UfJ6R,fa6235d130204772808d133e528b8ad7,2026-01-17T19:10:40Z,0,This is “song that would play at the end of an indie movie as a scene of characters at a diner transitions to a montage of everyday scenes from a small town”,b660ab431e4c4218a8411dc44cf7a544
spotify:track:3DUv0EFyKYatFD2YCkmf9N,fa6235d130204772808d133e528b8ad7,2026-01-17T19:10:40Z,0,Respect the unorthodox read of the category and it’s a cool track but with a paucity of upvotes it didn’t quite make the podium,b660ab431e4c4218a8411dc44cf7a544
spotify:track:4Z2PtqWOBXJOgQ7UCLO3py,fa6235d130204772808d133e528b8ad7,2026-01-17T19:10:40Z,1,This is the vibe,b660ab431e4c4218a8411dc44cf7a544
spotify:track:1CM1wOqD2AIjt2MWd31LV2,fa6235d130204772808d133e528b8ad7,2026-01-17T19:10:40Z,1,I could see myself picking to play this on a jukebox,b660ab431e4c4218a8411dc44cf7a544
spotify:track:0KMGxYKeUzK9wc5DZCt3HT,fa6235d130204772808d133e528b8ad7,2026-01-17T19:10:40Z,0,A close runner up for me but ultimately lost out bc it was the most normie of my top 4 contenders,b660ab431e4c4218a8411dc44cf7a544
spotify:track:0kz35q6rsNDB6d6XHNfLO4,fa6235d130204772808d133e528b8ad7,2026-01-17T19:10:40Z,-1,With apologies to the person who submitted this: I would not want to listen to this song at a diner,b660ab431e4c4218a8411dc44cf7a544
spotify:track:0uzioJOXr8vqADpxTFY9Hg,fa6235d130204772808d133e528b8ad7,2026-01-17T19:10:40Z,0,Joseph this is a beautiful story but it didn’t make my top 3 sorry :(,b660ab431e4c4218a8411dc44cf7a544
spotify:track:6dnco8haegnJYtylV26cBq,fa6235d130204772808d133e528b8ad7,2026-01-17T19:10:40Z,1,I can picture the entry for this one on the Kitchenette jukebox so clearly ,b660ab431e4c4218a8411dc44cf7a544
spotify:track:20OFwXhEXf12DzwXmaV7fj,c8e8de6d21ac4bfba566bc0a8eeef629,2026-01-17T22:36:22Z,1,,b660ab431e4c4218a8411dc44cf7a544
spotify:track:0kz35q6rsNDB6d6XHNfLO4,c8e8de6d21ac4bfba566bc0a8eeef629,2026-01-17T22:36:22Z,1,,b660ab431e4c4218a8411dc44cf7a544
spotify:track:0uzioJOXr8vqADpxTFY9Hg,c8e8de6d21ac4bfba566bc0a8eeef629,2026-01-17T22:36:22Z,-1,,b660ab431e4c4218a8411dc44cf7a544
spotify:track:5VbwM8nvvQLXcwsZUwgm9K,c8e8de6d21ac4bfba566bc0a8eeef629,2026-01-17T22:36:22Z,1,,b660ab431e4c4218a8411dc44cf7a544
spotify:track:0kz35q6rsNDB6d6XHNfLO4,9800e906592547f4ab0717aa56097b49,2026-01-17T22:46:57Z,0,"This is a runner-up for sure. I haven’t heard this in at least 10 years, and I forgot how good it actually is. ",b660ab431e4c4218a8411dc44cf7a544
spotify:track:6dnco8haegnJYtylV26cBq,9800e906592547f4ab0717aa56097b49,2026-01-17T22:46:57Z,0,"Honorable mention as runner-up. I like this one a lot, and it would be playing in a good diner. ",b660ab431e4c4218a8411dc44cf7a544
spotify:track:5VbwM8nvvQLXcwsZUwgm9K,9800e906592547f4ab0717aa56097b49,2026-01-17T22:46:57Z,0,See comment above on 50s/60s songs for diners,b660ab431e4c4218a8411dc44cf7a544
spotify:track:4Z2PtqWOBXJOgQ7UCLO3py,9800e906592547f4ab0717aa56097b49,2026-01-17T22:46:57Z,1,"Similar to Alex’s song, this one gets a vote because it both encapsulates what is most beautiful about what the diner represents, and it also sounds like something that would be playing in one",b660ab431e4c4218a8411dc44cf7a544
spotify:track:4rfxu3vOUWRaOx8YwUEpbi,9800e906592547f4ab0717aa56097b49,2026-01-17T22:46:57Z,0,Guys…I don’t think they’re talking about food,b660ab431e4c4218a8411dc44cf7a544
spotify:track:4DMKwE2E2iYDKY01C335Uw,9800e906592547f4ab0717aa56097b49,2026-01-17T22:46:57Z,0,"As mentioned above, definitely likely to be playing in a diner. Great submission, but not getting a vote for the reasons mentioned above.",b660ab431e4c4218a8411dc44cf7a544
spotify:track:3DUv0EFyKYatFD2YCkmf9N,9800e906592547f4ab0717aa56097b49,2026-01-17T22:46:57Z,0,"""And they hadn't noticed the magic.""",b660ab431e4c4218a8411dc44cf7a544
spotify:track:2s45jzEVXjE0Y0Fu6CjG5u,9800e906592547f4ab0717aa56097b49,2026-01-17T22:46:57Z,0,"Sorry for the treatise (that’s a lie. I’m not sorry.) this song to me makes me think of the faux 1950s/60s diners that seek to freeze forever in resin a specific time period in America so that they can hoover up the vast surplus wealth of the boomers. The 50s and 60s diner might be iconic, but the diner is a living breathing institution. When I hear this, it just makes me think of cashing in on real American culture.",b660ab431e4c4218a8411dc44cf7a544
spotify:track:20OFwXhEXf12DzwXmaV7fj,9800e906592547f4ab0717aa56097b49,2026-01-17T22:46:57Z,0,"Great song, and I get where you’re coming from, but didn’t stand out",b660ab431e4c4218a8411dc44cf7a544
spotify:track:1CM1wOqD2AIjt2MWd31LV2,9800e906592547f4ab0717aa56097b49,2026-01-17T22:46:57Z,0,"Richard, you were so close with this. I have to say, this, carry on my wayward , and the Dolly Parton song are the ones I think might be most likely to be playing in a diner. But my votes were based on the songs I think best encapsulate the feel of a diner.",b660ab431e4c4218a8411dc44cf7a544
spotify:track:13ma919PJzi9qbMc2UfJ6R,9800e906592547f4ab0717aa56097b49,2026-01-17T22:46:57Z,1,The diner is the prism of America. This song makes me think of what I love about them. Well done Alex.,b660ab431e4c4218a8411dc44cf7a544
spotify:track:0uzioJOXr8vqADpxTFY9Hg,9800e906592547f4ab0717aa56097b49,2026-01-17T22:46:57Z,-1,"Joseph, I would be tempted to vote for this if it was a meta critique on the fact that the working class people of America most likely to frequent the remaining real diners might actually be more drawn to this type of music. But I feel like you just wanted to submit it lol",b660ab431e4c4218a8411dc44cf7a544
spotify:track:0KMGxYKeUzK9wc5DZCt3HT,9800e906592547f4ab0717aa56097b49,2026-01-17T22:46:57Z,1,"To me, this is the song that best encapsulates the feel of actually being at a diner at the perfect moment for all the possible emotions it can create. A calm early morning, late night, feeling all the humanity of the people around you radiating out in all their goodness and brokenness. Long live the diner.",b660ab431e4c4218a8411dc44cf7a544
spotify:track:0uzioJOXr8vqADpxTFY9Hg,fc418ffeadb64c3f8e93a25fb942984f,2026-01-18T02:14:16Z,-1,,b660ab431e4c4218a8411dc44cf7a544
spotify:track:20OFwXhEXf12DzwXmaV7fj,fc418ffeadb64c3f8e93a25fb942984f,2026-01-18T02:14:16Z,1,,b660ab431e4c4218a8411dc44cf7a544
spotify:track:4DMKwE2E2iYDKY01C335Uw,fc418ffeadb64c3f8e93a25fb942984f,2026-01-18T02:14:16Z,0,"Not quite diner-core for me, but I love this song",b660ab431e4c4218a8411dc44cf7a544
spotify:track:6dnco8haegnJYtylV26cBq,fc418ffeadb64c3f8e93a25fb942984f,2026-01-18T02:14:16Z,1,,b660ab431e4c4218a8411dc44cf7a544
spotify:track:0KMGxYKeUzK9wc5DZCt3HT,fc418ffeadb64c3f8e93a25fb942984f,2026-01-18T02:14:16Z,1,,b660ab431e4c4218a8411dc44cf7a544
spotify:track:4DMKwE2E2iYDKY01C335Uw,98739434088f411e9e1918725eedb295,2026-01-18T03:24:06Z,0,Goes a little too hard for diner core.,b660ab431e4c4218a8411dc44cf7a544
spotify:track:5VbwM8nvvQLXcwsZUwgm9K,98739434088f411e9e1918725eedb295,2026-01-18T03:24:06Z,1,50's music is a shortcut to winning at diner core,b660ab431e4c4218a8411dc44cf7a544
spotify:track:4rfxu3vOUWRaOx8YwUEpbi,98739434088f411e9e1918725eedb295,2026-01-18T03:24:06Z,1,thematically and stylistically on point,b660ab431e4c4218a8411dc44cf7a544
spotify:track:0KMGxYKeUzK9wc5DZCt3HT,98739434088f411e9e1918725eedb295,2026-01-18T03:24:06Z,0,I can definitely imagine myself sipping coffee while this plays through the grainy speaker barely audible over local news.,b660ab431e4c4218a8411dc44cf7a544
spotify:track:0kz35q6rsNDB6d6XHNfLO4,98739434088f411e9e1918725eedb295,2026-01-18T03:24:06Z,1,A very nice pick.  Definitely shows the devotion of a man to his local diner.  Well done.,b660ab431e4c4218a8411dc44cf7a544
spotify:track:0uzioJOXr8vqADpxTFY9Hg,98739434088f411e9e1918725eedb295,2026-01-18T03:24:06Z,0,I could imagine the one highschooler who works in the kitchen playing this.  Also I'm not sure I'd patronize a diner that has touchtunes.,b660ab431e4c4218a8411dc44cf7a544
spotify:track:3DUv0EFyKYatFD2YCkmf9N,98739434088f411e9e1918725eedb295,2026-01-18T03:24:06Z,-1,This is music league not monologue league,b660ab431e4c4218a8411dc44cf7a544
spotify:track:4rfxu3vOUWRaOx8YwUEpbi,42db3c63b69a4479bedfcc2d22a6b73a,2026-01-18T03:45:11Z,1,,b660ab431e4c4218a8411dc44cf7a544
spotify:track:0KMGxYKeUzK9wc5DZCt3HT,42db3c63b69a4479bedfcc2d22a6b73a,2026-01-18T03:45:11Z,1,,b660ab431e4c4218a8411dc44cf7a544
spotify:track:6dnco8haegnJYtylV26cBq,42db3c63b69a4479bedfcc2d22a6b73a,2026-01-18T03:45:11Z,1,,b660ab431e4c4218a8411dc44cf7a544
spotify:track:0kz35q6rsNDB6d6XHNfLO4,42db3c63b69a4479bedfcc2d22a6b73a,2026-01-18T03:45:11Z,-1,,b660ab431e4c4218a8411dc44cf7a544
spotify:track:1IvsDBc862D5BHiZX8cUjR,0f4f7275b1234127a43771293d707c5c,2026-01-20T20:26:44Z,0,"Reminds me of our Saturday seratonin playlist, Regina
Adjacent to “say it’s alright” and sort of a 90s romcom opener 
Got beat but this is in my top 5",91285678ca584beca8886e4acaacca49
spotify:track:1pqCFukcwdlkJLRBiyPNR4,0f4f7275b1234127a43771293d707c5c,2026-01-20T20:26:44Z,0,"This is far too long for a kyrie imo
And the content didn’t convince me it was worth it 

I also hate the soprano line 

6th minute was the best part

Regina may have a different take from mine but im guessing it won’t make her podium ",91285678ca584beca8886e4acaacca49
spotify:track:2NVTpSoonYCVm7RE8zczEy,0f4f7275b1234127a43771293d707c5c,2026-01-20T20:26:44Z,0,"Mmm lake street drive is a good shout 
I liked this and I think she would too but ultimately got mogged
*insert complaint about amount of votes*",91285678ca584beca8886e4acaacca49
spotify:track:2oIFaafMda5ATaMr2b9pK8,0f4f7275b1234127a43771293d707c5c,2026-01-20T20:26:44Z,0,She may have heard this before so that’s my main critique but this is a great one ,91285678ca584beca8886e4acaacca49
spotify:track:39HgNoEwV9xAJgLctTOtb5,0f4f7275b1234127a43771293d707c5c,2026-01-20T20:26:44Z,0,I’m guessing she knows this but ofc it’s great ,91285678ca584beca8886e4acaacca49
spotify:track:3LeSaLcjfyeVER5BIl634d,0f4f7275b1234127a43771293d707c5c,2026-01-20T20:26:44Z,1,I think this is Regina so I’ll vote for it,91285678ca584beca8886e4acaacca49
spotify:track:3qV9bJOxi3T5hpgrn26R1K,0f4f7275b1234127a43771293d707c5c,2026-01-20T20:26:44Z,0,Crazy I wasn’t the only Russian church music submission but just attests to Regina’s taste and poise ,91285678ca584beca8886e4acaacca49
spotify:track:4lxTwvoaAlvefN1wGwvoD9,0f4f7275b1234127a43771293d707c5c,2026-01-20T20:26:44Z,1,I like this a lot personally. Added it to a playlist mid-listen. Is this Claire?? But im wondering if that means it’s more my taste than hers? But I can’t help but selfishly vote for it.,91285678ca584beca8886e4acaacca49
spotify:track:4xWqRo8GPwMQ02LjiaX4D8,0f4f7275b1234127a43771293d707c5c,2026-01-20T20:26:44Z,-1,"The intro is sorta broadway to me in a good way and then he pronounced “lady” that way and it ruined it 

I think Regina would be less annoyed than I but wouldn’t dig the voice either ",91285678ca584beca8886e4acaacca49
spotify:track:5EkyjDDb4rrCWvKcuPiGKT,0f4f7275b1234127a43771293d707c5c,2026-01-20T20:26:44Z,0,This is cool but idk if it’s an “I love this” song for me personally or for me in persona Regina ,91285678ca584beca8886e4acaacca49
spotify:track:6j6bTAiW0oEfLlAjmRNcbb,0f4f7275b1234127a43771293d707c5c,2026-01-20T20:26:44Z,0,Aww meet the robinsons. Lowkey this could be her but imma not vote for it since I liked some others better and I think she’s the J-Hud one.,91285678ca584beca8886e4acaacca49
spotify:track:6QZbDUZEgkwaVWROtWzjQ0,0f4f7275b1234127a43771293d707c5c,2026-01-20T20:26:44Z,1,The voice is sort of percussive in a good way. Grew on me overall as I listened. I think she would like this a lot. I hope this is Sammy since the artist is Sammy and that would be cute.,91285678ca584beca8886e4acaacca49
spotify:track:39HgNoEwV9xAJgLctTOtb5,c1b6888dec1e4113b65883ad590d3969,2026-01-21T01:25:20Z,1,,91285678ca584beca8886e4acaacca49
spotify:track:3LeSaLcjfyeVER5BIl634d,c1b6888dec1e4113b65883ad590d3969,2026-01-21T01:25:20Z,1,,91285678ca584beca8886e4acaacca49
spotify:track:4lxTwvoaAlvefN1wGwvoD9,c1b6888dec1e4113b65883ad590d3969,2026-01-21T01:25:20Z,1,,91285678ca584beca8886e4acaacca49
spotify:track:5EkyjDDb4rrCWvKcuPiGKT,c1b6888dec1e4113b65883ad590d3969,2026-01-21T01:25:20Z,-1,,91285678ca584beca8886e4acaacca49
spotify:track:1IvsDBc862D5BHiZX8cUjR,f53f0969b04049b5ba39a303ebb3e987,2026-01-21T03:04:34Z,0,Best of the Motown bits,91285678ca584beca8886e4acaacca49
spotify:track:1pqCFukcwdlkJLRBiyPNR4,f53f0969b04049b5ba39a303ebb3e987,2026-01-21T03:04:34Z,0,Low energy Jeb posting mass arrangements she's undoubtedly heard,91285678ca584beca8886e4acaacca49
spotify:track:2NVTpSoonYCVm7RE8zczEy,f53f0969b04049b5ba39a303ebb3e987,2026-01-21T03:04:34Z,0,Terrible,91285678ca584beca8886e4acaacca49
spotify:track:2oIFaafMda5ATaMr2b9pK8,f53f0969b04049b5ba39a303ebb3e987,2026-01-21T03:04:34Z,1,I hated this but Regina would love it I think so have your upvote,91285678ca584beca8886e4acaacca49
spotify:track:39HgNoEwV9xAJgLctTOtb5,f53f0969b04049b5ba39a303ebb3e987,2026-01-21T03:04:34Z,0,"I was there Gandalf when Joseph discovered the Octavists. No dice, Miata Man.",91285678ca584beca8886e4acaacca49
spotify:track:3LeSaLcjfyeVER5BIl634d,f53f0969b04049b5ba39a303ebb3e987,2026-01-21T03:04:34Z,0,Lazy slop,91285678ca584beca8886e4acaacca49
spotify:track:3qV9bJOxi3T5hpgrn26R1K,f53f0969b04049b5ba39a303ebb3e987,2026-01-21T03:04:34Z,0,"More Orthodox chant, I love it. Slightly edged out.",91285678ca584beca8886e4acaacca49
spotify:track:4lxTwvoaAlvefN1wGwvoD9,f53f0969b04049b5ba39a303ebb3e987,2026-01-21T03:04:34Z,1,"This song kicked balls, really amazing and I think Regina will like it too",91285678ca584beca8886e4acaacca49
spotify:track:4xWqRo8GPwMQ02LjiaX4D8,f53f0969b04049b5ba39a303ebb3e987,2026-01-21T03:04:34Z,0,Annoying as hell,91285678ca584beca8886e4acaacca49
spotify:track:5EkyjDDb4rrCWvKcuPiGKT,f53f0969b04049b5ba39a303ebb3e987,2026-01-21T03:04:34Z,1,I liked this a lot! Original and something Regina probably hasn't heard,91285678ca584beca8886e4acaacca49
spotify:track:6j6bTAiW0oEfLlAjmRNcbb,f53f0969b04049b5ba39a303ebb3e987,2026-01-21T03:04:34Z,-1,"Alex thinks this is revenge for downvoting Chicago, and it probably is on some level, but I also think his caricature of Regina's taste here is horribly misguided. Jimmy Ruffin or something would've been more obvious. The real crime is that Alex didn't honor her heritage and submit Kid Rock.",91285678ca584beca8886e4acaacca49
spotify:track:6QZbDUZEgkwaVWROtWzjQ0,f53f0969b04049b5ba39a303ebb3e987,2026-01-21T03:04:34Z,0,Utterly awful,91285678ca584beca8886e4acaacca49
spotify:track:1IvsDBc862D5BHiZX8cUjR,9800e906592547f4ab0717aa56097b49,2026-01-22T03:36:48Z,1,I really enjoyed this one. Reminds me a bit of so are the songs that I remember Regina liking in earlier leagues.,91285678ca584beca8886e4acaacca49
spotify:track:1pqCFukcwdlkJLRBiyPNR4,9800e906592547f4ab0717aa56097b49,2026-01-22T03:36:48Z,1,This was my favorite of the mass pieces,91285678ca584beca8886e4acaacca49
spotify:track:2DPDFXl32bqLxrWGmeHoXC,9800e906592547f4ab0717aa56097b49,2026-01-22T03:36:48Z,0,"This is such an incredible song that I can’t imagine Regina won’t like it. But I also don’t know if I think it will make her top three.
Let’s all just sit back and enjoy the fact that a jazz fusion song about prehistoric cave paintings exists. ",91285678ca584beca8886e4acaacca49
spotify:track:2NVTpSoonYCVm7RE8zczEy,9800e906592547f4ab0717aa56097b49,2026-01-22T03:36:48Z,0,I’m guessing this is one of the two that Regina has heard before,91285678ca584beca8886e4acaacca49
spotify:track:2oIFaafMda5ATaMr2b9pK8,9800e906592547f4ab0717aa56097b49,2026-01-22T03:36:48Z,0,"Have they created Gen Z versions of the 1990s protestant Church lady? 
I really enjoyed this one.",91285678ca584beca8886e4acaacca49
spotify:track:39HgNoEwV9xAJgLctTOtb5,9800e906592547f4ab0717aa56097b49,2026-01-22T03:36:48Z,0,"Can’t really remember this one, but it sounded nice",91285678ca584beca8886e4acaacca49
spotify:track:3LeSaLcjfyeVER5BIl634d,9800e906592547f4ab0717aa56097b49,2026-01-22T03:36:48Z,0,"I like the Motown connection, but I think the song connection has to come first. And I think there were a lot better choices in this genre imo. ",91285678ca584beca8886e4acaacca49
spotify:track:3qV9bJOxi3T5hpgrn26R1K,9800e906592547f4ab0717aa56097b49,2026-01-22T03:36:48Z,0,This album art gives it away as Joseph immediately. I liked this one a lot.,91285678ca584beca8886e4acaacca49
spotify:track:4lxTwvoaAlvefN1wGwvoD9,9800e906592547f4ab0717aa56097b49,2026-01-22T03:36:48Z,1,"This is the song that stands out to me the most, and is most similar to Missing Piece, Regina’s top song from Music League wrapped (submitted by yours truly). 
I have a feeling this might be the other one she has heard already, but I’m willing to take that chance because of how good it is",91285678ca584beca8886e4acaacca49
spotify:track:4xWqRo8GPwMQ02LjiaX4D8,9800e906592547f4ab0717aa56097b49,2026-01-22T03:36:48Z,-1,The people singing this song make it sound like they have never actually felt this emotion,91285678ca584beca8886e4acaacca49
spotify:track:5EkyjDDb4rrCWvKcuPiGKT,9800e906592547f4ab0717aa56097b49,2026-01-22T03:36:48Z,0,"Regina might like this, but I didn’t really like it that much",91285678ca584beca8886e4acaacca49
spotify:track:6j6bTAiW0oEfLlAjmRNcbb,9800e906592547f4ab0717aa56097b49,2026-01-22T03:36:48Z,0,"Alex, I applaud and respect you for this",91285678ca584beca8886e4acaacca49
spotify:track:1IvsDBc862D5BHiZX8cUjR,80a489147c544db5a53c5cede65c4617,2026-01-23T01:31:12Z,0,In all honesty this deserves a vote but there aren’t enough. Regina would bop for sure,91285678ca584beca8886e4acaacca49
spotify:track:1pqCFukcwdlkJLRBiyPNR4,80a489147c544db5a53c5cede65c4617,2026-01-23T01:31:12Z,0,Beautiful. I don’t know this kind of thing well enough to know if it will hit home,91285678ca584beca8886e4acaacca49
spotify:track:2DPDFXl32bqLxrWGmeHoXC,80a489147c544db5a53c5cede65c4617,2026-01-23T01:31:12Z,1,This is absolutely stellar. I’m sure Regina will recognize that there is far more musical substance to this than any of the other jazz-pop tracks on here. I upvote in that hope,91285678ca584beca8886e4acaacca49
spotify:track:2oIFaafMda5ATaMr2b9pK8,80a489147c544db5a53c5cede65c4617,2026-01-23T01:31:12Z,0,Regina would love the lyrics of this if not the utter dearth of musical substance,91285678ca584beca8886e4acaacca49
spotify:track:3qV9bJOxi3T5hpgrn26R1K,80a489147c544db5a53c5cede65c4617,2026-01-23T01:31:12Z,1,Have to pay my respects to my fellow Russian chant submitter here 🫡,91285678ca584beca8886e4acaacca49
spotify:track:4lxTwvoaAlvefN1wGwvoD9,80a489147c544db5a53c5cede65c4617,2026-01-23T01:31:12Z,1,"Several songs on here are going for this kind of thing, but this one pulls it off",91285678ca584beca8886e4acaacca49
spotify:track:4xWqRo8GPwMQ02LjiaX4D8,80a489147c544db5a53c5cede65c4617,2026-01-23T01:31:12Z,0,A little stomp clap stomp for Regina,91285678ca584beca8886e4acaacca49
spotify:track:5EkyjDDb4rrCWvKcuPiGKT,80a489147c544db5a53c5cede65c4617,2026-01-23T01:31:12Z,0,"Ok, this is out there, I’ll give it that. Classical vocal noodling accompanied by upright bass is a bold choice. Regina either submitted this or she will think it an amusing if questionable novelty",91285678ca584beca8886e4acaacca49
spotify:track:6j6bTAiW0oEfLlAjmRNcbb,80a489147c544db5a53c5cede65c4617,2026-01-23T01:31:12Z,0,Lead guitar sounds like a ripoff of The Edge from U2,91285678ca584beca8886e4acaacca49
spotify:track:6QZbDUZEgkwaVWROtWzjQ0,80a489147c544db5a53c5cede65c4617,2026-01-23T01:31:12Z,-1,"Sorry, even if this is Regina’s favorite song ever I just cannot. Far worse than anything in songs I would hate, this hurts to listen to",91285678ca584beca8886e4acaacca49
spotify:track:1IvsDBc862D5BHiZX8cUjR,fa6235d130204772808d133e528b8ad7,2026-01-23T05:09:13Z,-1,"It was hard to pick a downvote this round bc none of the songs this round struck me as ones she’d dislike. This one just didn’t leave much of an impression on me, positive or negative",91285678ca584beca8886e4acaacca49
spotify:track:1pqCFukcwdlkJLRBiyPNR4,fa6235d130204772808d133e528b8ad7,2026-01-23T05:09:13Z,1,"Of all the choral submissions, this was the coolest imo",91285678ca584beca8886e4acaacca49
spotify:track:2DPDFXl32bqLxrWGmeHoXC,fa6235d130204772808d133e528b8ad7,2026-01-23T05:09:13Z,1,I like this read: a song that’s not squarely in the typical Regina genre but that I feel like she would probably enjoy. And the fact that it’s steely dan just sweetens the deal,91285678ca584beca8886e4acaacca49
spotify:track:2oIFaafMda5ATaMr2b9pK8,fa6235d130204772808d133e528b8ad7,2026-01-23T05:09:13Z,0,This is really lovely and while it didn’t make my podium I do think she’d quite like it ,91285678ca584beca8886e4acaacca49
spotify:track:3LeSaLcjfyeVER5BIl634d,fa6235d130204772808d133e528b8ad7,2026-01-23T05:09:13Z,0,Was a contender for me but ultimately edged out by other songs with that impressed me more,91285678ca584beca8886e4acaacca49
spotify:track:4xWqRo8GPwMQ02LjiaX4D8,fa6235d130204772808d133e528b8ad7,2026-01-23T05:09:13Z,0,I think she’d probably like it? But didn’t stand out enough to make podium for me,91285678ca584beca8886e4acaacca49
spotify:track:5EkyjDDb4rrCWvKcuPiGKT,fa6235d130204772808d133e528b8ad7,2026-01-23T05:09:13Z,1,Hell yeah. This is the song Regina would sing to clinch the South Bend Idol victory ,91285678ca584beca8886e4acaacca49
spotify:track:6j6bTAiW0oEfLlAjmRNcbb,fa6235d130204772808d133e528b8ad7,2026-01-23T05:09:13Z,0,"Classic movie, great song. Definitely got me feeling a lil sentimental. But I don’t have a strong intuition as to whether Regina would like this",91285678ca584beca8886e4acaacca49
spotify:track:6QZbDUZEgkwaVWROtWzjQ0,fa6235d130204772808d133e528b8ad7,2026-01-23T05:09:13Z,0,The second I saw this song on the playlist I was like “yes I see the vision.” Like it strikes me as very squarely Reginacore. I also recognize that Reginacore != songs Regina would love. I do think she’d enjoy this but decided to vote for other songs that impressed me more.,91285678ca584beca8886e4acaacca49
spotify:track:39HgNoEwV9xAJgLctTOtb5,699c7b228f3b436880363c6d92c3976f,2026-01-23T05:21:32Z,1,Yes.,91285678ca584beca8886e4acaacca49
spotify:track:3qV9bJOxi3T5hpgrn26R1K,699c7b228f3b436880363c6d92c3976f,2026-01-23T05:21:32Z,2,Yes. ,91285678ca584beca8886e4acaacca49
spotify:track:4lxTwvoaAlvefN1wGwvoD9,699c7b228f3b436880363c6d92c3976f,2026-01-23T05:21:32Z,0,I loved the instrumentation. Not s huge fan of the vocals. ,91285678ca584beca8886e4acaacca49
spotify:track:6QZbDUZEgkwaVWROtWzjQ0,699c7b228f3b436880363c6d92c3976f,2026-01-23T05:21:32Z,-1,,91285678ca584beca8886e4acaacca49
spotify:track:1IvsDBc862D5BHiZX8cUjR,b3c43885f6ce4e8b861545158a22b7a2,2026-01-23T15:11:57Z,1,,91285678ca584beca8886e4acaacca49
spotify:track:2NVTpSoonYCVm7RE8zczEy,b3c43885f6ce4e8b861545158a22b7a2,2026-01-23T15:11:57Z,-1,,91285678ca584beca8886e4acaacca49
spotify:track:4xWqRo8GPwMQ02LjiaX4D8,b3c43885f6ce4e8b861545158a22b7a2,2026-01-23T15:11:57Z,1,,91285678ca584beca8886e4acaacca49
spotify:track:6QZbDUZEgkwaVWROtWzjQ0,b3c43885f6ce4e8b861545158a22b7a2,2026-01-23T15:11:57Z,1,,91285678ca584beca8886e4acaacca49
spotify:track:1IvsDBc862D5BHiZX8cUjR,c8e8de6d21ac4bfba566bc0a8eeef629,2026-01-23T20:29:34Z,0,Joseph,91285678ca584beca8886e4acaacca49
spotify:track:1pqCFukcwdlkJLRBiyPNR4,c8e8de6d21ac4bfba566bc0a8eeef629,2026-01-23T20:29:34Z,0,Sammy,91285678ca584beca8886e4acaacca49
spotify:track:2DPDFXl32bqLxrWGmeHoXC,c8e8de6d21ac4bfba566bc0a8eeef629,2026-01-23T20:29:34Z,1,Eddie,91285678ca584beca8886e4acaacca49
spotify:track:2NVTpSoonYCVm7RE8zczEy,c8e8de6d21ac4bfba566bc0a8eeef629,2026-01-23T20:29:34Z,0,Sam,91285678ca584beca8886e4acaacca49
spotify:track:2oIFaafMda5ATaMr2b9pK8,c8e8de6d21ac4bfba566bc0a8eeef629,2026-01-23T20:29:34Z,-1,Fiona,91285678ca584beca8886e4acaacca49
spotify:track:39HgNoEwV9xAJgLctTOtb5,c8e8de6d21ac4bfba566bc0a8eeef629,2026-01-23T20:29:34Z,0,Claire,91285678ca584beca8886e4acaacca49
spotify:track:3LeSaLcjfyeVER5BIl634d,c8e8de6d21ac4bfba566bc0a8eeef629,2026-01-23T20:29:34Z,0,Judd,91285678ca584beca8886e4acaacca49
spotify:track:3qV9bJOxi3T5hpgrn26R1K,c8e8de6d21ac4bfba566bc0a8eeef629,2026-01-23T20:29:34Z,0,Shea,91285678ca584beca8886e4acaacca49
spotify:track:4lxTwvoaAlvefN1wGwvoD9,c8e8de6d21ac4bfba566bc0a8eeef629,2026-01-23T20:29:34Z,0,Peter,91285678ca584beca8886e4acaacca49
spotify:track:5EkyjDDb4rrCWvKcuPiGKT,c8e8de6d21ac4bfba566bc0a8eeef629,2026-01-23T20:29:34Z,0,Corey,91285678ca584beca8886e4acaacca49
spotify:track:6j6bTAiW0oEfLlAjmRNcbb,c8e8de6d21ac4bfba566bc0a8eeef629,2026-01-23T20:29:34Z,1,Alex,91285678ca584beca8886e4acaacca49
spotify:track:6QZbDUZEgkwaVWROtWzjQ0,c8e8de6d21ac4bfba566bc0a8eeef629,2026-01-23T20:29:34Z,1,Brad,91285678ca584beca8886e4acaacca49
spotify:track:2NVTpSoonYCVm7RE8zczEy,42db3c63b69a4479bedfcc2d22a6b73a,2026-01-24T01:21:11Z,1,,91285678ca584beca8886e4acaacca49
spotify:track:39HgNoEwV9xAJgLctTOtb5,42db3c63b69a4479bedfcc2d22a6b73a,2026-01-24T01:21:11Z,-1,Too basic,91285678ca584beca8886e4acaacca49
spotify:track:3LeSaLcjfyeVER5BIl634d,42db3c63b69a4479bedfcc2d22a6b73a,2026-01-24T01:21:11Z,1,,91285678ca584beca8886e4acaacca49
spotify:track:6QZbDUZEgkwaVWROtWzjQ0,42db3c63b69a4479bedfcc2d22a6b73a,2026-01-24T01:21:11Z,1,,91285678ca584beca8886e4acaacca49
spotify:track:1IvsDBc862D5BHiZX8cUjR,98739434088f411e9e1918725eedb295,2026-01-24T02:57:03Z,0,"Great vocals, upbeat, catchy.  I think Regina would dig this.  Love the random elevator music break halfway through.",91285678ca584beca8886e4acaacca49
spotify:track:1pqCFukcwdlkJLRBiyPNR4,98739434088f411e9e1918725eedb295,2026-01-24T02:57:03Z,0,Pretty sure Regina would love this.  Feels a little on the nose though.,91285678ca584beca8886e4acaacca49
spotify:track:2DPDFXl32bqLxrWGmeHoXC,98739434088f411e9e1918725eedb295,2026-01-24T02:57:03Z,0,"Man, I love this one.  Horn lines are just tasty.  ",91285678ca584beca8886e4acaacca49
spotify:track:2oIFaafMda5ATaMr2b9pK8,98739434088f411e9e1918725eedb295,2026-01-24T02:57:03Z,1,"I'm not the biggest P&W fan typically, but this is just so great.  This is good music.",91285678ca584beca8886e4acaacca49
spotify:track:39HgNoEwV9xAJgLctTOtb5,98739434088f411e9e1918725eedb295,2026-01-24T02:57:03Z,-1,"Didn't really get into this one the way I did with the other choral piece.  Felt like this one didn't stand out.  Sorry, had to give one downvote.",91285678ca584beca8886e4acaacca49
spotify:track:3LeSaLcjfyeVER5BIl634d,98739434088f411e9e1918725eedb295,2026-01-24T02:57:03Z,1,Great vocals. Great horn line.,91285678ca584beca8886e4acaacca49
spotify:track:4lxTwvoaAlvefN1wGwvoD9,98739434088f411e9e1918725eedb295,2026-01-24T02:57:03Z,1,I WANTED TO SUBMIT THIS ONE EDDIE.  Feel like I have to give it an upvote.,91285678ca584beca8886e4acaacca49
spotify:track:4xWqRo8GPwMQ02LjiaX4D8,98739434088f411e9e1918725eedb295,2026-01-24T02:57:03Z,0,Loved the trumpet solo ,91285678ca584beca8886e4acaacca49
spotify:track:6j6bTAiW0oEfLlAjmRNcbb,98739434088f411e9e1918725eedb295,2026-01-24T02:57:03Z,0,This song feels like high school nostalgia.,91285678ca584beca8886e4acaacca49
spotify:track:6QZbDUZEgkwaVWROtWzjQ0,98739434088f411e9e1918725eedb295,2026-01-24T02:57:03Z,0,This song was really swell.  4th place.,91285678ca584beca8886e4acaacca49
spotify:track:1IvsDBc862D5BHiZX8cUjR,fc418ffeadb64c3f8e93a25fb942984f,2026-01-24T03:46:48Z,1,LOVE! Immediately adding to my morning playlist:) I’m a sucker for a background choir with a gospel feel🥈,91285678ca584beca8886e4acaacca49
spotify:track:1pqCFukcwdlkJLRBiyPNR4,fc418ffeadb64c3f8e93a25fb942984f,2026-01-24T03:46:48Z,1,"spot on guess for choral music! Often paired with Pizzetti’s Mass (iykyk). Hints of the chant, which I LOVE!🥉",91285678ca584beca8886e4acaacca49
spotify:track:2DPDFXl32bqLxrWGmeHoXC,fc418ffeadb64c3f8e93a25fb942984f,2026-01-24T03:46:48Z,0,"first of all, the cover art would give me sleep paralysis nightmares lol. ok horn line! Harmonic intrigue!! It’s giving Chicago, which I love. love the saxophone! If I had another upvote, it would have gone to you:)",91285678ca584beca8886e4acaacca49
spotify:track:2NVTpSoonYCVm7RE8zczEy,fc418ffeadb64c3f8e93a25fb942984f,2026-01-24T03:46:48Z,0,"love Lake Street Dive, spot on! Lots of vocal talent here, and I love their love songs and such because they’re not basic texts haha, they always make it a little interesting:) HORNS",91285678ca584beca8886e4acaacca49
spotify:track:2oIFaafMda5ATaMr2b9pK8,fc418ffeadb64c3f8e93a25fb942984f,2026-01-24T03:46:48Z,0,"Shea😭😭😭 all I can say is “amen, hallelujah!”",91285678ca584beca8886e4acaacca49
spotify:track:39HgNoEwV9xAJgLctTOtb5,fc418ffeadb64c3f8e93a25fb942984f,2026-01-24T03:46:48Z,0,"mmkay Joseph. Maybe this is mean, but I feel like you just picked the choral music that you like👀 don’t get me wrong, I love Eastern/Orthodox choral music, but I’m pretty sure you’ve sent this song to me before lol",91285678ca584beca8886e4acaacca49
spotify:track:3qV9bJOxi3T5hpgrn26R1K,fc418ffeadb64c3f8e93a25fb942984f,2026-01-24T03:46:48Z,0,definitely like this one more than the Chesnakov,91285678ca584beca8886e4acaacca49
spotify:track:4lxTwvoaAlvefN1wGwvoD9,fc418ffeadb64c3f8e93a25fb942984f,2026-01-24T03:46:48Z,0,"this is making me realize that my perceived musical taste consists of great female vocal talent, so heck yes!",91285678ca584beca8886e4acaacca49
spotify:track:4xWqRo8GPwMQ02LjiaX4D8,fc418ffeadb64c3f8e93a25fb942984f,2026-01-24T03:46:48Z,0,"this taps into my slight delight with millennial songs… I liked it, it just wasn’t up there for me",91285678ca584beca8886e4acaacca49
spotify:track:5EkyjDDb4rrCWvKcuPiGKT,fc418ffeadb64c3f8e93a25fb942984f,2026-01-24T03:46:48Z,1,YES! 10 Jesus points to whoever found this. Fascinating intersection of classical and jazz… I had no idea this existed. Looks like I have some new music to learn! I shouted when the sax first came in and was mesmerized by it all the way through🥇,91285678ca584beca8886e4acaacca49
spotify:track:6j6bTAiW0oEfLlAjmRNcbb,fc418ffeadb64c3f8e93a25fb942984f,2026-01-24T03:46:48Z,-1,"ok so I don’t think I’ve ever actually watched this movie. I didn’t dislike this song, but it didn’t really leave an impression. Now that I think about it, is this supposed to be a short joke…",91285678ca584beca8886e4acaacca49
spotify:track:6QZbDUZEgkwaVWROtWzjQ0,fc418ffeadb64c3f8e93a25fb942984f,2026-01-24T03:46:48Z,0,"this song makes me want to move my hips💃 I liked that this song was last on the playlist, the last 2.5 minutes were gold:)",91285678ca584beca8886e4acaacca49
spotify:track:0IoSFkZLYHLeMIy5HqVLHE,0f4f7275b1234127a43771293d707c5c,2026-01-26T14:14:41Z,-1,The sound needs to match the lyrics for me this round ,008cb97875fd48ed956c35310bf1c3c2
spotify:track:0WE0h1qUWJBt97DtvuMWRN,0f4f7275b1234127a43771293d707c5c,2026-01-26T14:14:41Z,0,"This mother wrote the song with Taylor about a real little boy who passed away. Since it was mentioned - I chose the Taylor’s version because think she sounds older, and dare I say more motherly, and understands this better the older she gets.",008cb97875fd48ed956c35310bf1c3c2
spotify:track:13LT9Y0RP7C9KhNIvroXLi,0f4f7275b1234127a43771293d707c5c,2026-01-26T14:14:41Z,0,Good pull. The Anne Hathaway one might have been better for me personally.,008cb97875fd48ed956c35310bf1c3c2
spotify:track:2lFlveK1y13WWp3vnQtrr3,0f4f7275b1234127a43771293d707c5c,2026-01-26T14:14:41Z,0,My high school voice teacher would play this 🥹,008cb97875fd48ed956c35310bf1c3c2
spotify:track:2ooZajrDL4Com6ZUW736le,0f4f7275b1234127a43771293d707c5c,2026-01-26T14:14:41Z,0,Beautiful. Samewise Gamgee core ,008cb97875fd48ed956c35310bf1c3c2
spotify:track:3A1lpeW9lJYP1tDOATEcCg,0f4f7275b1234127a43771293d707c5c,2026-01-26T14:14:41Z,0,"If you had written a scenario in the comments I may have considered 
(Military coming home videos are one thing that makes me cry without fail)",008cb97875fd48ed956c35310bf1c3c2
spotify:track:41yxhOlZsNKl5DzApuuUex,0f4f7275b1234127a43771293d707c5c,2026-01-26T14:14:41Z,1,"Ok like 🥲🥲🥲
My desire to homeschool my kids just escalated
I hope I never listen to this again",008cb97875fd48ed956c35310bf1c3c2
spotify:track:4ykQ18swXrkrrbwsZKxQo7,0f4f7275b1234127a43771293d707c5c,2026-01-26T14:14:41Z,0,Not gonna do it for me but I didn’t dislike ,008cb97875fd48ed956c35310bf1c3c2
spotify:track:6frDDMJeVZPcjhoDfqdRIW,0f4f7275b1234127a43771293d707c5c,2026-01-26T14:14:41Z,1,"Nice strings 
I do love sappy country 
Poetry 
This is the type of thing that would make my mom cry
and I understand every year even more",008cb97875fd48ed956c35310bf1c3c2
spotify:track:6XKX6ctwKFBUYYDpoJhNdn,0f4f7275b1234127a43771293d707c5c,2026-01-26T14:14:41Z,1,"This is making me wish I had submitted an Irish or Scottish song sorta (I know this isn’t Irish but it’s folky)
This is something like the songs my brothers play in the living room and just break your heart ",008cb97875fd48ed956c35310bf1c3c2
spotify:track:73uJybGAhwGRD9MZYrOmTY,0f4f7275b1234127a43771293d707c5c,2026-01-26T14:14:41Z,0,I see the vision but idk if this would ever make me choke up ,008cb97875fd48ed956c35310bf1c3c2
spotify:track:7aKp76olC9OMNEmrll6ZT6,0f4f7275b1234127a43771293d707c5c,2026-01-26T14:14:41Z,0,"I liked this idea a lot but the “called and shouted” part and the voice in general isn’t doing it for me 
But a good shout nonetheless. This prayer is always so beautiful and relatable.",008cb97875fd48ed956c35310bf1c3c2
spotify:track:0IoSFkZLYHLeMIy5HqVLHE,9800e906592547f4ab0717aa56097b49,2026-01-26T14:29:23Z,0,"Richard, I respect you. One of my potential choices was Indian Sunset by Elton John. Would’ve been great if we had two songs about Native Americans written by Europeans. ",008cb97875fd48ed956c35310bf1c3c2
spotify:track:0WE0h1qUWJBt97DtvuMWRN,9800e906592547f4ab0717aa56097b49,2026-01-26T14:29:23Z,2,This is actually the only song that made me tear up (other than my own) therefore I award 2 upvotes on principle. Anything with kids and/or the passage of time gets me good. ,008cb97875fd48ed956c35310bf1c3c2
spotify:track:13LT9Y0RP7C9KhNIvroXLi,9800e906592547f4ab0717aa56097b49,2026-01-26T14:29:23Z,0,"This is a great example of the subjective element. Over the last few years, I don’t think I’ve ever made it through the Anne Hathaway version from the movie without crying. But this did nothing for me.",008cb97875fd48ed956c35310bf1c3c2
spotify:track:2lFlveK1y13WWp3vnQtrr3,9800e906592547f4ab0717aa56097b49,2026-01-26T14:29:23Z,0,"The passage of time always gets me. 

Lord, what is man that you take notice of him;
    the son of man, that you think of him?
Man is but a breath,
    his days are like a passing shadow.",008cb97875fd48ed956c35310bf1c3c2
spotify:track:2ooZajrDL4Com6ZUW736le,9800e906592547f4ab0717aa56097b49,2026-01-26T14:29:23Z,1,"I’m not gonna lie, I think this is kind of a mediocre song. But, and this is subjective of course, it didn’t get me closest to crying. Reflecting on life with my own brother. Therefore, the category demands it.",008cb97875fd48ed956c35310bf1c3c2
spotify:track:3A1lpeW9lJYP1tDOATEcCg,9800e906592547f4ab0717aa56097b49,2026-01-26T14:29:23Z,-1,"I see the vision, but didn’t work for me. Strikes me as low effort. ",008cb97875fd48ed956c35310bf1c3c2
spotify:track:41yxhOlZsNKl5DzApuuUex,9800e906592547f4ab0717aa56097b49,2026-01-26T14:29:23Z,0,"If I need the context to understand why this version should be sadder, I don’t think it works. Would’ve probably gotten me if it was the Israel Kamakawiwoʻole version. ",008cb97875fd48ed956c35310bf1c3c2
spotify:track:4ykQ18swXrkrrbwsZKxQo7,9800e906592547f4ab0717aa56097b49,2026-01-26T14:29:23Z,0,"Extremely Judd coded. Again, I see the vision, but this seems like a song that would have to be dripping in subjective meaning/association. I liked it a lot though! ",008cb97875fd48ed956c35310bf1c3c2
spotify:track:6frDDMJeVZPcjhoDfqdRIW,9800e906592547f4ab0717aa56097b49,2026-01-26T14:29:23Z,0,"Good Sammy pick. Didn’t get the tears, but I enjoyed it.",008cb97875fd48ed956c35310bf1c3c2
spotify:track:6XKX6ctwKFBUYYDpoJhNdn,9800e906592547f4ab0717aa56097b49,2026-01-26T14:29:23Z,0,"Hadn’t heard this and it’s so good. I don’t think this is something that would make me cry, but did make me deeply reflective. ",008cb97875fd48ed956c35310bf1c3c2
spotify:track:73uJybGAhwGRD9MZYrOmTY,9800e906592547f4ab0717aa56097b49,2026-01-26T14:29:23Z,0,"Doesn’t do it for me, sorry. ",008cb97875fd48ed956c35310bf1c3c2
spotify:track:7aKp76olC9OMNEmrll6ZT6,9800e906592547f4ab0717aa56097b49,2026-01-26T14:29:23Z,0,"Don’t like this guy’s voice, sorry.",008cb97875fd48ed956c35310bf1c3c2
spotify:track:13LT9Y0RP7C9KhNIvroXLi,c1b6888dec1e4113b65883ad590d3969,2026-01-27T04:03:06Z,-1,"Not even a top 5 crying song in Les Mis

1. Finale
2. A little fall of rain
3. Empty Chairs at Empty Tables
4. Javert’s Suicide
5. What have I done",008cb97875fd48ed956c35310bf1c3c2
spotify:track:3A1lpeW9lJYP1tDOATEcCg,c1b6888dec1e4113b65883ad590d3969,2026-01-27T04:03:06Z,1,,008cb97875fd48ed956c35310bf1c3c2
spotify:track:41yxhOlZsNKl5DzApuuUex,c1b6888dec1e4113b65883ad590d3969,2026-01-27T04:03:06Z,1,,008cb97875fd48ed956c35310bf1c3c2
spotify:track:6frDDMJeVZPcjhoDfqdRIW,c1b6888dec1e4113b65883ad590d3969,2026-01-27T04:03:06Z,1,,008cb97875fd48ed956c35310bf1c3c2
spotify:track:0IoSFkZLYHLeMIy5HqVLHE,98739434088f411e9e1918725eedb295,2026-01-27T13:24:25Z,0,"Tells an awful tale, but doesn't really jerk any tears for me.",008cb97875fd48ed956c35310bf1c3c2
spotify:track:13LT9Y0RP7C9KhNIvroXLi,98739434088f411e9e1918725eedb295,2026-01-27T13:24:25Z,0,"I played in the pit orchestra for my high school's performance of Les Mis.  Because they're laced with nostalgia and the general distress of moving from high school to college and the reflection that produces, these songs always have a disproportionate emotional effect on me.  

But objectively, this is one of the saddest songs ever written.",008cb97875fd48ed956c35310bf1c3c2
spotify:track:2lFlveK1y13WWp3vnQtrr3,98739434088f411e9e1918725eedb295,2026-01-27T13:24:25Z,0,"I wrote this song off when I first started listening, but man it's a beautiful carpe diem song.  Plus these days anything that mentions the meaningfulness of being a father is gonna get me. ",008cb97875fd48ed956c35310bf1c3c2
spotify:track:2ooZajrDL4Com6ZUW736le,98739434088f411e9e1918725eedb295,2026-01-27T13:24:25Z,2,"My dad made a playlist for me not too long before he died. Many of the songs he put on there I'd heard hundreds of times. 

I'd only heard this song's title used as an expression, but never the actual song.  When I first heard this song on that playlist, i just about broke down.  I miss my dad.

None of you could have known this, but I'm grateful for whoever submitted this song.",008cb97875fd48ed956c35310bf1c3c2
spotify:track:41yxhOlZsNKl5DzApuuUex,98739434088f411e9e1918725eedb295,2026-01-27T13:24:25Z,0,"This song gets its emotional power from the backstory, and not really the song itself.",008cb97875fd48ed956c35310bf1c3c2
spotify:track:4ykQ18swXrkrrbwsZKxQo7,98739434088f411e9e1918725eedb295,2026-01-27T13:24:25Z,0,kinda had a hard time deciphering the meaning of this one. Tear-jerkery was sorely hindered as a result.,008cb97875fd48ed956c35310bf1c3c2
spotify:track:6frDDMJeVZPcjhoDfqdRIW,98739434088f411e9e1918725eedb295,2026-01-27T13:24:25Z,1,Beautiful.  Tales of enduring love always get me.,008cb97875fd48ed956c35310bf1c3c2
spotify:track:6XKX6ctwKFBUYYDpoJhNdn,98739434088f411e9e1918725eedb295,2026-01-27T13:24:25Z,0,"I should probably be more moved at the sinking of a ship, but It really didn't jerk any tears from my eyes.",008cb97875fd48ed956c35310bf1c3c2
spotify:track:73uJybGAhwGRD9MZYrOmTY,98739434088f411e9e1918725eedb295,2026-01-27T13:24:25Z,-1,Too hard to decipher. Sorry.,008cb97875fd48ed956c35310bf1c3c2
spotify:track:0IoSFkZLYHLeMIy5HqVLHE,80a489147c544db5a53c5cede65c4617,2026-01-28T15:39:16Z,-1,,008cb97875fd48ed956c35310bf1c3c2
spotify:track:0WE0h1qUWJBt97DtvuMWRN,80a489147c544db5a53c5cede65c4617,2026-01-28T15:39:16Z,1,"Dang this got me pretty close once I read the lyrics. That’s beautiful and very sad, artfully done Taylor",008cb97875fd48ed956c35310bf1c3c2
spotify:track:13LT9Y0RP7C9KhNIvroXLi,80a489147c544db5a53c5cede65c4617,2026-01-28T15:39:16Z,0,Just can’t get behind this performance ,008cb97875fd48ed956c35310bf1c3c2
spotify:track:2lFlveK1y13WWp3vnQtrr3,80a489147c544db5a53c5cede65c4617,2026-01-28T15:39:16Z,1,This was hard to get through,008cb97875fd48ed956c35310bf1c3c2
spotify:track:6XKX6ctwKFBUYYDpoJhNdn,80a489147c544db5a53c5cede65c4617,2026-01-28T15:39:16Z,1,Stan is very good at this,008cb97875fd48ed956c35310bf1c3c2
spotify:track:7aKp76olC9OMNEmrll6ZT6,80a489147c544db5a53c5cede65c4617,2026-01-28T15:39:16Z,0,I loved Gungor in high school. A shame they become eastern synchrotists,008cb97875fd48ed956c35310bf1c3c2
spotify:track:0IoSFkZLYHLeMIy5HqVLHE,699c7b228f3b436880363c6d92c3976f,2026-01-28T17:57:23Z,0,I like this. Some what.,008cb97875fd48ed956c35310bf1c3c2
spotify:track:13LT9Y0RP7C9KhNIvroXLi,699c7b228f3b436880363c6d92c3976f,2026-01-28T17:57:23Z,3,,008cb97875fd48ed956c35310bf1c3c2
spotify:track:3A1lpeW9lJYP1tDOATEcCg,699c7b228f3b436880363c6d92c3976f,2026-01-28T17:57:23Z,0,🫡🫡🫡🫡🫡🫡🫡🫡🫡🫡🫡🫡🫡🫡🫡🫡🫡🫡🫡🫡🫡🫡🫡🫡🫡🫡🫡🫡🫡🫡🫡🫡🫡🫡🫡🫡🫡🫡🫡🫡🫡🫡🫡🫡🫡🫡🫡🫡🫡🫡🫡🫡🫡🫡🫡🫡🫡🫡🫡🫡🫡🫡🫡🫡🫡🫡🫡🫡🫡🫡🫡🫡🫡🫡🫡🫡🫡🫡🫡🫡🫡🫡🫡🫡🫡🫡🫡🫡🫡🫡🫡🫡🫡🫡🫡🫡🫡🫡🫡🫡🫡🫡🫡🫡🫡🫡🫡🫡🫡🫡🫡🫡🫡🫡🫡🫡🫡🫡🫡🫡🫡🫡🫡🫡🫡🫡🫡🫡🫡🫡🫡🫡🫡🫡🫡🫡🫡🫡🫡🫡🫡🫡🫡🫡🫡🫡🫡🫡🫡🫡🫡🫡🫡🫡🫡🫡🫡🫡🫡🫡🫡🫡🫡🫡🫡🫡🫡🫡🫡🫡🫡🫡🫡🫡🫡🫡🫡🫡🫡🫡🫡🫡🫡🫡🫡🫡🫡🫡🫡🫡🫡🫡🫡🫡🫡🫡🫡🫡🫡🫡🫡🫡🫡🫡🫡🫡🫡🫡🫡🫡🫡🫡🫡🫡🫡🫡🫡🫡🫡🫡🫡🫡🫡🫡🫡🫡🫡🫡🫡🫡🫡🫡🫡🫡🫡🫡🫡🫡🫡🫡🫡🫡🫡🫡🫡🫡🫡🫡🫡🫡🫡🫡🫡🫡🫡🫡🫡🫡🫡🫡🫡🫡🫡🫡🫡🫡🫡🫡🫡🫡🫡🫡🫡🫡🫡🫡🫡🫡🫡🫡🫡🫡🫡🫡🫡🫡🫡🫡🫡🫡🫡🫡🫡🫡🫡🫡🫡🫡🫡🫡🫡🫡🫡🫡🫡🫡🫡🫡🫡🫡🫡🫡🫡🫡🫡🫡🫡🫡🫡🫡🫡🫡🫡🫡🫡🫡🫡🫡🫡🫡🫡🫡🫡🫡🫡🫡🫡🫡🫡🫡🫡🫡🫡🫡🫡🫡🫡🫡🫡🫡🫡🫡🫡🫡🫡🫡🫡🫡🫡🫡🫡🫡🫡🫡🫡🫡🫡🫡🫡🫡🫡🫡🫡🫡🫡🫡🫡🫡🫡🫡🫡🫡🫡🫡🫡🫡🫡🫡🫡🫡🫡🫡🫡🫡🫡🫡🫡🫡🫡🫡🫡🫡🫡🫡🫡🫡🫡🫡🫡🫡🫡🫡🫡🫡🫡🫡🫡🫡🫡🫡🫡🫡🫡🫡🫡🫡🫡🫡🫡🫡🫡🫡🫡🫡🫡🫡🫡🫡🫡🫡🫡🫡🫡🫡🫡🫡🫡🫡🫡🫡🫡🫡🫡🫡🫡🫡🫡🫡🫡🫡🫡🫡🫡🫡🫡🫡🫡🫡🫡🫡🫡🫡🫡🫡🫡🫡🫡🫡🫡🫡🫡🫡🫡🫡🫡🫡🫡🫡🫡🫡🫡🫡🫡🫡🫡🫡🫡🫡🫡😭,008cb97875fd48ed956c35310bf1c3c2
spotify:track:4ykQ18swXrkrrbwsZKxQo7,699c7b228f3b436880363c6d92c3976f,2026-01-28T17:57:23Z,-1,The lyrics were too mumbly too understand ,008cb97875fd48ed956c35310bf1c3c2
spotify:track:0IoSFkZLYHLeMIy5HqVLHE,f53f0969b04049b5ba39a303ebb3e987,2026-01-28T19:42:08Z,-1,,008cb97875fd48ed956c35310bf1c3c2
spotify:track:3A1lpeW9lJYP1tDOATEcCg,f53f0969b04049b5ba39a303ebb3e987,2026-01-28T19:42:08Z,1,,008cb97875fd48ed956c35310bf1c3c2
spotify:track:41yxhOlZsNKl5DzApuuUex,f53f0969b04049b5ba39a303ebb3e987,2026-01-28T19:42:08Z,1,,008cb97875fd48ed956c35310bf1c3c2
spotify:track:6XKX6ctwKFBUYYDpoJhNdn,f53f0969b04049b5ba39a303ebb3e987,2026-01-28T19:42:08Z,1,,008cb97875fd48ed956c35310bf1c3c2
spotify:track:13LT9Y0RP7C9KhNIvroXLi,c8e8de6d21ac4bfba566bc0a8eeef629,2026-01-28T21:30:59Z,-1,,008cb97875fd48ed956c35310bf1c3c2
spotify:track:6frDDMJeVZPcjhoDfqdRIW,c8e8de6d21ac4bfba566bc0a8eeef629,2026-01-28T21:30:59Z,3,💰,008cb97875fd48ed956c35310bf1c3c2
spotify:track:0WE0h1qUWJBt97DtvuMWRN,fc418ffeadb64c3f8e93a25fb942984f,2026-01-28T23:56:31Z,0,Yeah this hurt,008cb97875fd48ed956c35310bf1c3c2
spotify:track:13LT9Y0RP7C9KhNIvroXLi,fc418ffeadb64c3f8e93a25fb942984f,2026-01-28T23:56:31Z,0,"This one gave me, Peter, Paul, and Mary vibes￼",008cb97875fd48ed956c35310bf1c3c2
spotify:track:6XKX6ctwKFBUYYDpoJhNdn,fc418ffeadb64c3f8e93a25fb942984f,2026-01-28T23:56:31Z,-1,"Sorry, maybe it’s because I’m a woman but I don’t really get it",008cb97875fd48ed956c35310bf1c3c2
spotify:track:7aKp76olC9OMNEmrll6ZT6,fc418ffeadb64c3f8e93a25fb942984f,2026-01-28T23:56:31Z,3,This one brought me the closest to tears…. Probably just where I’m at spiritually right now. St Augustine describes the ache just SO WELL,008cb97875fd48ed956c35310bf1c3c2
spotify:track:0WE0h1qUWJBt97DtvuMWRN,fa6235d130204772808d133e528b8ad7,2026-01-29T19:24:09Z,1,Devastating,008cb97875fd48ed956c35310bf1c3c2
spotify:track:13LT9Y0RP7C9KhNIvroXLi,fa6235d130204772808d133e528b8ad7,2026-01-29T19:24:09Z,1,Not sure if anyone here knows the extent to which this musical and book formed young Claire. Still gets me. (Of course my immediate thought was “oooh I wonder why this person decided to submit the Patti lupone version” bc naturally I have many takes about various casts and recordings. But I recognize that it’s probably not that deep.),008cb97875fd48ed956c35310bf1c3c2
spotify:track:2lFlveK1y13WWp3vnQtrr3,fa6235d130204772808d133e528b8ad7,2026-01-29T19:24:09Z,0,"Corny as hell but I do still have a soft spot in my heart for this. At my Catholic school in the early 2000s they often had the eighth graders sing this at graduation, along with Seasons of Love from Rent",008cb97875fd48ed956c35310bf1c3c2
spotify:track:2ooZajrDL4Com6ZUW736le,fa6235d130204772808d133e528b8ad7,2026-01-29T19:24:09Z,0,"The sentiment of this song is lovely but I’m just not feeling the tears. Idk, maybe that’s a me problem ",008cb97875fd48ed956c35310bf1c3c2
spotify:track:41yxhOlZsNKl5DzApuuUex,fa6235d130204772808d133e528b8ad7,2026-01-29T19:24:09Z,-1,I feel like a terrible person downvoting this but I had planned to do so before I realized who was singing it. It just feels very twee to me,008cb97875fd48ed956c35310bf1c3c2
spotify:track:4ykQ18swXrkrrbwsZKxQo7,fa6235d130204772808d133e528b8ad7,2026-01-29T19:24:09Z,0,"As the token diy/emo enjoyer in this chat I feel like I ought to vote for this, and to be clear I do enjoy this song, but it just didn’t get me nearly as much as many other emo songs I wish I could have submitted (but which would not have been well received)",008cb97875fd48ed956c35310bf1c3c2
spotify:track:6frDDMJeVZPcjhoDfqdRIW,fa6235d130204772808d133e528b8ad7,2026-01-29T19:24:09Z,1,I suspected Sammy might submit this. I really do like the read where the tears are poignant but not sad ,008cb97875fd48ed956c35310bf1c3c2
spotify:track:73uJybGAhwGRD9MZYrOmTY,fa6235d130204772808d133e528b8ad7,2026-01-29T19:24:09Z,0,"Even if it’s not a song that’s been submitted before, Sufjan feels obvious and a bit tired for this round, sorry (and to be clear I LOVE him and this song and album)",008cb97875fd48ed956c35310bf1c3c2
spotify:track:0IoSFkZLYHLeMIy5HqVLHE,b3c43885f6ce4e8b861545158a22b7a2,2026-01-30T04:41:06Z,1,,008cb97875fd48ed956c35310bf1c3c2
spotify:track:0WE0h1qUWJBt97DtvuMWRN,b3c43885f6ce4e8b861545158a22b7a2,2026-01-30T04:41:06Z,1,,008cb97875fd48ed956c35310bf1c3c2
spotify:track:13LT9Y0RP7C9KhNIvroXLi,b3c43885f6ce4e8b861545158a22b7a2,2026-01-30T04:41:06Z,-1,,008cb97875fd48ed956c35310bf1c3c2
spotify:track:2ooZajrDL4Com6ZUW736le,b3c43885f6ce4e8b861545158a22b7a2,2026-01-30T04:41:06Z,1,,008cb97875fd48ed956c35310bf1c3c2
spotify:track:0TBEx3nrsV7gnEL3gQPj9W,80a489147c544db5a53c5cede65c4617,2026-02-01T13:46:26Z,0,I have no earthly clue who submitted this /s,20f599114f0343c0900cf4fec3374cb6
spotify:track:0yM1sU6TAp8OEhwTC1ImNN,80a489147c544db5a53c5cede65c4617,2026-02-01T13:46:26Z,1,Everything you want in a short song. Amusing concept that doesn’t overstay its welcome,20f599114f0343c0900cf4fec3374cb6
spotify:track:35iszqjgLhqZZ6Rk9TjIdf,80a489147c544db5a53c5cede65c4617,2026-02-01T13:46:26Z,0,"I know this is what people think my music taste sounds like, but I hate this quite a bit",20f599114f0343c0900cf4fec3374cb6
spotify:track:3YrIqQ0M7GE1oZgPMMARkx,80a489147c544db5a53c5cede65c4617,2026-02-01T13:46:26Z,-1,Not under 2 minutes and also not good,20f599114f0343c0900cf4fec3374cb6
spotify:track:3ZpapZEZgcT8tdMuQnEMPk,80a489147c544db5a53c5cede65c4617,2026-02-01T13:46:26Z,1,"This got a big laugh from me both times I listened. Great musical comedy, nice work Judd",20f599114f0343c0900cf4fec3374cb6
spotify:track:4KRgqwb4kvBuTz1utbYxfb,80a489147c544db5a53c5cede65c4617,2026-02-01T13:46:26Z,0,"Gosh the Beatles were just great. That one guitar part is so darn cool. Tragically, this is not less than 2 minutes",20f599114f0343c0900cf4fec3374cb6
spotify:track:6UCFZ9ZOFRxK8oak7MdPZu,80a489147c544db5a53c5cede65c4617,2026-02-01T13:46:26Z,1,Cute ending to a phenomenal album,20f599114f0343c0900cf4fec3374cb6
spotify:track:0TBEx3nrsV7gnEL3gQPj9W,f53f0969b04049b5ba39a303ebb3e987,2026-02-01T14:12:46Z,1,,20f599114f0343c0900cf4fec3374cb6
spotify:track:21Qsj3cMVCx2xF2EVVNbEu,f53f0969b04049b5ba39a303ebb3e987,2026-02-01T14:12:46Z,-1,,20f599114f0343c0900cf4fec3374cb6
spotify:track:3ZpapZEZgcT8tdMuQnEMPk,f53f0969b04049b5ba39a303ebb3e987,2026-02-01T14:12:46Z,1,,20f599114f0343c0900cf4fec3374cb6
spotify:track:6rm14uNoxuSZx23rCh69GF,f53f0969b04049b5ba39a303ebb3e987,2026-02-01T14:12:46Z,1,,20f599114f0343c0900cf4fec3374cb6
spotify:track:0TBEx3nrsV7gnEL3gQPj9W,c1b6888dec1e4113b65883ad590d3969,2026-02-01T17:32:00Z,2,,20f599114f0343c0900cf4fec3374cb6
spotify:track:5PbdVk09VHHcvGa0pX86RP,c1b6888dec1e4113b65883ad590d3969,2026-02-01T17:32:00Z,1,,20f599114f0343c0900cf4fec3374cb6
spotify:track:6UCFZ9ZOFRxK8oak7MdPZu,c1b6888dec1e4113b65883ad590d3969,2026-02-01T17:32:00Z,-1,,20f599114f0343c0900cf4fec3374cb6
spotify:track:01SfTM5nfCou5gQL70r6gs,0f4f7275b1234127a43771293d707c5c,2026-02-02T19:48:52Z,1,"They really came up with this and only made it 1:30 🤌🏼

Leave em wanting more ig",20f599114f0343c0900cf4fec3374cb6
spotify:track:0mWXrr6HQZUhCQG4JMkT2e,0f4f7275b1234127a43771293d707c5c,2026-02-02T19:48:52Z,1,Friendship goals frfr ☺️😊🥹,20f599114f0343c0900cf4fec3374cb6
spotify:track:0TBEx3nrsV7gnEL3gQPj9W,0f4f7275b1234127a43771293d707c5c,2026-02-02T19:48:52Z,-1,"Eh nah 
This fellllt too long 
somehow and I just sorta hated it
Middle school band brass section 
If this is Richard congrats on your marriage and sorry im an angry elf

If it’s not Richard, I am not sorry for downvoting you ",20f599114f0343c0900cf4fec3374cb6
spotify:track:0yM1sU6TAp8OEhwTC1ImNN,0f4f7275b1234127a43771293d707c5c,2026-02-02T19:48:52Z,0,"Might become my top song of the year (if you listened thrice it’s still under the time limit)
Wish I could vote for my own I just love this song 
Sometimes I play it to get myself out of bed ",20f599114f0343c0900cf4fec3374cb6
spotify:track:21Qsj3cMVCx2xF2EVVNbEu,0f4f7275b1234127a43771293d707c5c,2026-02-02T19:48:52Z,0,Fun ,20f599114f0343c0900cf4fec3374cb6
spotify:track:35iszqjgLhqZZ6Rk9TjIdf,0f4f7275b1234127a43771293d707c5c,2026-02-02T19:48:52Z,0,"I see what you did here
If I downvote I look like a nazi supporter 

Tempting but I relent ",20f599114f0343c0900cf4fec3374cb6
spotify:track:3YrIqQ0M7GE1oZgPMMARkx,0f4f7275b1234127a43771293d707c5c,2026-02-02T19:48:52Z,1,😌 This is the sort of thing my brothers will play in the living room and it sounds like home.,20f599114f0343c0900cf4fec3374cb6
spotify:track:3ZpapZEZgcT8tdMuQnEMPk,0f4f7275b1234127a43771293d707c5c,2026-02-02T19:48:52Z,0,Trying to figure out what they’re trying to say here. Like that it should exist ig? I’m wishing we had the Dr Pepper song in here ,20f599114f0343c0900cf4fec3374cb6
spotify:track:4KRgqwb4kvBuTz1utbYxfb,0f4f7275b1234127a43771293d707c5c,2026-02-02T19:48:52Z,0,"Like I said, Golden Slumbers is just too good and I couldn’t help but compare the other Beatles ones",20f599114f0343c0900cf4fec3374cb6
spotify:track:5PbdVk09VHHcvGa0pX86RP,0f4f7275b1234127a43771293d707c5c,2026-02-02T19:48:52Z,0,Super mid // millennial round again // stomp clap slop ,20f599114f0343c0900cf4fec3374cb6
spotify:track:6rm14uNoxuSZx23rCh69GF,0f4f7275b1234127a43771293d707c5c,2026-02-02T19:48:52Z,0,🦻🏼I’d turn off my hearing aids ,20f599114f0343c0900cf4fec3374cb6
spotify:track:6UCFZ9ZOFRxK8oak7MdPZu,0f4f7275b1234127a43771293d707c5c,2026-02-02T19:48:52Z,0,This isn’t even the best Beatles submission so that’s what’s tough here ,20f599114f0343c0900cf4fec3374cb6
spotify:track:0mWXrr6HQZUhCQG4JMkT2e,699c7b228f3b436880363c6d92c3976f,2026-02-03T06:01:44Z,1,,20f599114f0343c0900cf4fec3374cb6
spotify:track:0TBEx3nrsV7gnEL3gQPj9W,699c7b228f3b436880363c6d92c3976f,2026-02-03T06:01:44Z,1,,20f599114f0343c0900cf4fec3374cb6
spotify:track:35iszqjgLhqZZ6Rk9TjIdf,699c7b228f3b436880363c6d92c3976f,2026-02-03T06:01:44Z,0,This needs an Animaniacs inspired music video,20f599114f0343c0900cf4fec3374cb6
spotify:track:3ZpapZEZgcT8tdMuQnEMPk,699c7b228f3b436880363c6d92c3976f,2026-02-03T06:01:44Z,-1,"Not bad , just less interesting than the other submissions. Though I did like whip crack at the beginning ",20f599114f0343c0900cf4fec3374cb6
spotify:track:4KRgqwb4kvBuTz1utbYxfb,699c7b228f3b436880363c6d92c3976f,2026-02-03T06:01:44Z,1,,20f599114f0343c0900cf4fec3374cb6
spotify:track:01SfTM5nfCou5gQL70r6gs,9800e906592547f4ab0717aa56097b49,2026-02-03T18:06:47Z,1,"Almost submitted this myself. One of the most beautiful little tunes ever written. I love the ""Paul is Dead"" conspiracy, because if he did die, they managed to replace him with the greatest musician/songwriter to ever live. ",20f599114f0343c0900cf4fec3374cb6
spotify:track:0mWXrr6HQZUhCQG4JMkT2e,9800e906592547f4ab0717aa56097b49,2026-02-03T18:06:47Z,-1,I'm not gonna lie this just vaguely annoyed me. I have no explanation for myself. ,20f599114f0343c0900cf4fec3374cb6
spotify:track:0TBEx3nrsV7gnEL3gQPj9W,9800e906592547f4ab0717aa56097b49,2026-02-03T18:06:47Z,1,"Assuming this is Brad. This to me is the essence of the ""gotta go fast"" concept. This song feels much longer than it is. Banger. ",20f599114f0343c0900cf4fec3374cb6
spotify:track:0yM1sU6TAp8OEhwTC1ImNN,9800e906592547f4ab0717aa56097b49,2026-02-03T18:06:47Z,0,I really enjoyed this but novelty wasn't enough to make the leaderboard. ,20f599114f0343c0900cf4fec3374cb6
spotify:track:21Qsj3cMVCx2xF2EVVNbEu,9800e906592547f4ab0717aa56097b49,2026-02-03T18:06:47Z,0,One of my potential submissions. The White Stripes seem to get less attention now than they deserve. ,20f599114f0343c0900cf4fec3374cb6
spotify:track:35iszqjgLhqZZ6Rk9TjIdf,9800e906592547f4ab0717aa56097b49,2026-02-03T18:06:47Z,0,"Sorry Judd, you should know this is not a safe space for libbing out 
And if this is Fiona, as the emoji might indicate, you should know it too",20f599114f0343c0900cf4fec3374cb6
spotify:track:3YrIqQ0M7GE1oZgPMMARkx,9800e906592547f4ab0717aa56097b49,2026-02-03T18:06:47Z,0,Good songwriting but didn't grip me musically. Sorry Alex. ,20f599114f0343c0900cf4fec3374cb6
spotify:track:3ZpapZEZgcT8tdMuQnEMPk,9800e906592547f4ab0717aa56097b49,2026-02-03T18:06:47Z,0,"YES
Loved this. Would probably get a vote if we still had 4. ",20f599114f0343c0900cf4fec3374cb6
spotify:track:4KRgqwb4kvBuTz1utbYxfb,9800e906592547f4ab0717aa56097b49,2026-02-03T18:06:47Z,0,So many Beatles potentials but this one stands out to me for being less known and also fast. ,20f599114f0343c0900cf4fec3374cb6
spotify:track:5PbdVk09VHHcvGa0pX86RP,9800e906592547f4ab0717aa56097b49,2026-02-03T18:06:47Z,0,You should know better,20f599114f0343c0900cf4fec3374cb6
spotify:track:6rm14uNoxuSZx23rCh69GF,9800e906592547f4ab0717aa56097b49,2026-02-03T18:06:47Z,1,"The idea of an album named Waterloo, Tennessee where a bunch of 2000s looking white women sing a song about Napoleon is guaranteed to get me. Well done",20f599114f0343c0900cf4fec3374cb6
spotify:track:6UCFZ9ZOFRxK8oak7MdPZu,9800e906592547f4ab0717aa56097b49,2026-02-03T18:06:47Z,0,"Love this, just missed a vote. Paul at his most powerful, just forcing everyone to accept his grandma music. ",20f599114f0343c0900cf4fec3374cb6
spotify:track:0TBEx3nrsV7gnEL3gQPj9W,fc418ffeadb64c3f8e93a25fb942984f,2026-02-03T22:08:15Z,1,,20f599114f0343c0900cf4fec3374cb6
spotify:track:0yM1sU6TAp8OEhwTC1ImNN,fc418ffeadb64c3f8e93a25fb942984f,2026-02-03T22:08:15Z,-1,Uncomf,20f599114f0343c0900cf4fec3374cb6
spotify:track:3YrIqQ0M7GE1oZgPMMARkx,fc418ffeadb64c3f8e93a25fb942984f,2026-02-03T22:08:15Z,1,,20f599114f0343c0900cf4fec3374cb6
spotify:track:3ZpapZEZgcT8tdMuQnEMPk,fc418ffeadb64c3f8e93a25fb942984f,2026-02-03T22:08:15Z,1,,20f599114f0343c0900cf4fec3374cb6
spotify:track:01SfTM5nfCou5gQL70r6gs,42db3c63b69a4479bedfcc2d22a6b73a,2026-02-04T03:12:02Z,1,,20f599114f0343c0900cf4fec3374cb6
spotify:track:0mWXrr6HQZUhCQG4JMkT2e,42db3c63b69a4479bedfcc2d22a6b73a,2026-02-04T03:12:02Z,1,,20f599114f0343c0900cf4fec3374cb6
spotify:track:0yM1sU6TAp8OEhwTC1ImNN,42db3c63b69a4479bedfcc2d22a6b73a,2026-02-04T03:12:02Z,-1,,20f599114f0343c0900cf4fec3374cb6
spotify:track:21Qsj3cMVCx2xF2EVVNbEu,42db3c63b69a4479bedfcc2d22a6b73a,2026-02-04T03:12:02Z,1,,20f599114f0343c0900cf4fec3374cb6
spotify:track:0mWXrr6HQZUhCQG4JMkT2e,98739434088f411e9e1918725eedb295,2026-02-04T21:37:18Z,1,*Katie from halfway across the house* IS THAT ROBIN HOOD?,20f599114f0343c0900cf4fec3374cb6
spotify:track:0TBEx3nrsV7gnEL3gQPj9W,98739434088f411e9e1918725eedb295,2026-02-04T21:37:18Z,0,*Katie from halfway across the house* IS THAT YOUR SUBMISSION?,20f599114f0343c0900cf4fec3374cb6
spotify:track:0yM1sU6TAp8OEhwTC1ImNN,98739434088f411e9e1918725eedb295,2026-02-04T21:37:18Z,0,So catchy,20f599114f0343c0900cf4fec3374cb6
spotify:track:21Qsj3cMVCx2xF2EVVNbEu,98739434088f411e9e1918725eedb295,2026-02-04T21:37:18Z,0,I know this song from the Weird Al Polka cover of it.  Which I think I prefer.,20f599114f0343c0900cf4fec3374cb6
spotify:track:35iszqjgLhqZZ6Rk9TjIdf,98739434088f411e9e1918725eedb295,2026-02-04T21:37:18Z,-1,"Least subtle song of all time.  Don't get me wrong I'm not a fan of Nazi Punks, but I'm really glad this song was only a minute long.",20f599114f0343c0900cf4fec3374cb6
spotify:track:3ZpapZEZgcT8tdMuQnEMPk,98739434088f411e9e1918725eedb295,2026-02-04T21:37:18Z,0,Minimum lyrics,20f599114f0343c0900cf4fec3374cb6
spotify:track:4KRgqwb4kvBuTz1utbYxfb,98739434088f411e9e1918725eedb295,2026-02-04T21:37:18Z,1,Maybe my favorite of the list. ,20f599114f0343c0900cf4fec3374cb6
spotify:track:6rm14uNoxuSZx23rCh69GF,98739434088f411e9e1918725eedb295,2026-02-04T21:37:18Z,1,,20f599114f0343c0900cf4fec3374cb6
spotify:track:0TBEx3nrsV7gnEL3gQPj9W,fa6235d130204772808d133e528b8ad7,2026-02-04T23:10:53Z,0,My honorable mention. Ska also an ideal venue for the short song,20f599114f0343c0900cf4fec3374cb6
spotify:track:0yM1sU6TAp8OEhwTC1ImNN,fa6235d130204772808d133e528b8ad7,2026-02-04T23:10:53Z,1,This song is way too catchy for its own good,20f599114f0343c0900cf4fec3374cb6
spotify:track:35iszqjgLhqZZ6Rk9TjIdf,fa6235d130204772808d133e528b8ad7,2026-02-04T23:10:53Z,1,The punk genre is where the sub-2-minute song was really mastered ,20f599114f0343c0900cf4fec3374cb6
spotify:track:6rm14uNoxuSZx23rCh69GF,fa6235d130204772808d133e528b8ad7,2026-02-04T23:10:53Z,1,This is weird but in a way that I enjoyed,20f599114f0343c0900cf4fec3374cb6
spotify:track:6UCFZ9ZOFRxK8oak7MdPZu,fa6235d130204772808d133e528b8ad7,2026-02-04T23:10:53Z,-1,I just feel like it makes sense to downvote my least favorite of the three Beatles submissions. Sorry y’all ,20f599114f0343c0900cf4fec3374cb6
spotify:track:0TBEx3nrsV7gnEL3gQPj9W,6d8e32d102054531811ff5c8a625977c,2026-02-05T00:13:04Z,1,Loved this. Brad (I assume) is a Music League revelation. ,20f599114f0343c0900cf4fec3374cb6
spotify:track:21Qsj3cMVCx2xF2EVVNbEu,6d8e32d102054531811ff5c8a625977c,2026-02-05T00:13:04Z,1,I had forgotten this song existed and was delighted to hear it on this playlist. The catchiness factor is high which is essential I think in a good sub-2 minute song. ,20f599114f0343c0900cf4fec3374cb6
spotify:track:35iszqjgLhqZZ6Rk9TjIdf,6d8e32d102054531811ff5c8a625977c,2026-02-05T00:13:04Z,0,So true,20f599114f0343c0900cf4fec3374cb6
spotify:track:3YrIqQ0M7GE1oZgPMMARkx,6d8e32d102054531811ff5c8a625977c,2026-02-05T00:13:04Z,-1,I think the mark of a great 2-minute song is that it leaves you wanting more. This song does not leave me wanting more and so gets the downvote. ,20f599114f0343c0900cf4fec3374cb6
spotify:track:4KRgqwb4kvBuTz1utbYxfb,6d8e32d102054531811ff5c8a625977c,2026-02-05T00:13:04Z,1,This is my favorite Beatles song and is I think the best and least obvious of the Beatles submissions here ,20f599114f0343c0900cf4fec3374cb6
spotify:track:6UCFZ9ZOFRxK8oak7MdPZu,6d8e32d102054531811ff5c8a625977c,2026-02-05T00:13:04Z,0,Who did you bribe at Spotify HQ to make this the last song on the playlist ,20f599114f0343c0900cf4fec3374cb6
spotify:track:35iszqjgLhqZZ6Rk9TjIdf,b3c43885f6ce4e8b861545158a22b7a2,2026-02-05T02:48:24Z,-1,,20f599114f0343c0900cf4fec3374cb6
spotify:track:3YrIqQ0M7GE1oZgPMMARkx,b3c43885f6ce4e8b861545158a22b7a2,2026-02-05T02:48:24Z,1,,20f599114f0343c0900cf4fec3374cb6
spotify:track:4KRgqwb4kvBuTz1utbYxfb,b3c43885f6ce4e8b861545158a22b7a2,2026-02-05T02:48:24Z,1,,20f599114f0343c0900cf4fec3374cb6
spotify:track:6UCFZ9ZOFRxK8oak7MdPZu,b3c43885f6ce4e8b861545158a22b7a2,2026-02-05T02:48:24Z,1,,20f599114f0343c0900cf4fec3374cb6
spotify:track:0fIDUXVyJ1JISqB4HP4D5H,0f4f7275b1234127a43771293d707c5c,2026-02-07T14:25:16Z,1,,4fc5908605f140a78d009d9ed5c43e47
spotify:track:0LN5gIsS5tQSmRzQrHSaTR,0f4f7275b1234127a43771293d707c5c,2026-02-07T14:25:16Z,0,I lowkey hear this more as the beginning of a movie ,4fc5908605f140a78d009d9ed5c43e47
spotify:track:0UlwTmT01jdFp3BaofARtU,0f4f7275b1234127a43771293d707c5c,2026-02-07T14:25:16Z,-1,,4fc5908605f140a78d009d9ed5c43e47
spotify:track:25nzKGDiua1lE9Qo5V19GL,0f4f7275b1234127a43771293d707c5c,2026-02-07T14:25:16Z,0,Sure ,4fc5908605f140a78d009d9ed5c43e47
spotify:track:3qhlB30KknSejmIvZZLjOD,0f4f7275b1234127a43771293d707c5c,2026-02-07T14:25:16Z,1,I mean yeah ,4fc5908605f140a78d009d9ed5c43e47
spotify:track:65Ce0h4SA18GuH6nuI1QWe,0f4f7275b1234127a43771293d707c5c,2026-02-07T14:25:16Z,0,Sure but I just don’t like it ,4fc5908605f140a78d009d9ed5c43e47
spotify:track:6k0jG8CKOd6lUGFveoXGLa,0f4f7275b1234127a43771293d707c5c,2026-02-07T14:25:16Z,0,I know people said to leave a description but this is too much for me ,4fc5908605f140a78d009d9ed5c43e47
spotify:track:7FDV5ELOJHCGLe52AnttEd,0f4f7275b1234127a43771293d707c5c,2026-02-07T14:25:16Z,1,Yeah I see the vision ,4fc5908605f140a78d009d9ed5c43e47
spotify:track:7GgWAITsYJaRM3r50rfh5w,0f4f7275b1234127a43771293d707c5c,2026-02-07T14:25:16Z,0,Something about the opening chords absolutely sells this for me ,4fc5908605f140a78d009d9ed5c43e47
spotify:track:0LN5gIsS5tQSmRzQrHSaTR,c1b6888dec1e4113b65883ad590d3969,2026-02-08T17:16:54Z,-1,,4fc5908605f140a78d009d9ed5c43e47
spotify:track:25nzKGDiua1lE9Qo5V19GL,c1b6888dec1e4113b65883ad590d3969,2026-02-08T17:16:54Z,1,,4fc5908605f140a78d009d9ed5c43e47
spotify:track:7FDV5ELOJHCGLe52AnttEd,c1b6888dec1e4113b65883ad590d3969,2026-02-08T17:16:54Z,1,,4fc5908605f140a78d009d9ed5c43e47
spotify:track:7ppPZa3TRUSGKaks9wH7VT,c1b6888dec1e4113b65883ad590d3969,2026-02-08T17:16:54Z,1,,4fc5908605f140a78d009d9ed5c43e47
spotify:track:0fIDUXVyJ1JISqB4HP4D5H,f53f0969b04049b5ba39a303ebb3e987,2026-02-08T19:28:46Z,1,,4fc5908605f140a78d009d9ed5c43e47
spotify:track:1s257z93vLfwe2qquF4BvY,f53f0969b04049b5ba39a303ebb3e987,2026-02-08T19:28:46Z,-1,,4fc5908605f140a78d009d9ed5c43e47
spotify:track:6k0jG8CKOd6lUGFveoXGLa,f53f0969b04049b5ba39a303ebb3e987,2026-02-08T19:28:46Z,1,,4fc5908605f140a78d009d9ed5c43e47
spotify:track:7ppPZa3TRUSGKaks9wH7VT,f53f0969b04049b5ba39a303ebb3e987,2026-02-08T19:28:46Z,1,,4fc5908605f140a78d009d9ed5c43e47
spotify:track:0fIDUXVyJ1JISqB4HP4D5H,9800e906592547f4ab0717aa56097b49,2026-02-09T19:54:43Z,1,"The perfect song to end an indie film. I can see it in my mind's eye clear as day. This was going to be my submission, and I choose to take the honorable road and reward the person who beat me to it. ",4fc5908605f140a78d009d9ed5c43e47
spotify:track:0LN5gIsS5tQSmRzQrHSaTR,9800e906592547f4ab0717aa56097b49,2026-02-09T19:54:43Z,-1,"I think this would be a better movie opener. Playing as the narrator voice lays out the context and the characters move about their average day. 
I downvote ONLY because of all the songs it's the only one where I thought ""I don't see it"". ",4fc5908605f140a78d009d9ed5c43e47
spotify:track:0UlwTmT01jdFp3BaofARtU,9800e906592547f4ab0717aa56097b49,2026-02-09T19:54:43Z,0,"This would work, but not the most compelling for me. ",4fc5908605f140a78d009d9ed5c43e47
spotify:track:1s257z93vLfwe2qquF4BvY,9800e906592547f4ab0717aa56097b49,2026-02-09T19:54:43Z,0,"I really liked this one throughout, but by the end of the playlist had forgotten it entirely. ",4fc5908605f140a78d009d9ed5c43e47
spotify:track:25nzKGDiua1lE9Qo5V19GL,9800e906592547f4ab0717aa56097b49,2026-02-09T19:54:43Z,0,"The ultimate millennial ""feeling of youth"" song",4fc5908605f140a78d009d9ed5c43e47
spotify:track:3qhlB30KknSejmIvZZLjOD,9800e906592547f4ab0717aa56097b49,2026-02-09T19:54:43Z,0,Thank you based Steve Harrington ,4fc5908605f140a78d009d9ed5c43e47
spotify:track:65Ce0h4SA18GuH6nuI1QWe,9800e906592547f4ab0717aa56097b49,2026-02-09T19:54:43Z,0,End of a late entry fast and furious movie ,4fc5908605f140a78d009d9ed5c43e47
spotify:track:6k0jG8CKOd6lUGFveoXGLa,9800e906592547f4ab0717aa56097b49,2026-02-09T19:54:43Z,0,I love this song. I have heard it before but not in ages and wow it's great. I love the vision. This would have been my 4th vote.  ,4fc5908605f140a78d009d9ed5c43e47
spotify:track:7FDV5ELOJHCGLe52AnttEd,9800e906592547f4ab0717aa56097b49,2026-02-09T19:54:43Z,1,The image was perfectly laid out. ,4fc5908605f140a78d009d9ed5c43e47
spotify:track:7GgWAITsYJaRM3r50rfh5w,9800e906592547f4ab0717aa56097b49,2026-02-09T19:54:43Z,0,"So many good choices here, where the make sense but just get beat by others. ",4fc5908605f140a78d009d9ed5c43e47
spotify:track:7MRw8W5jZoG0SNNcHLgkEO,9800e906592547f4ab0717aa56097b49,2026-02-09T19:54:43Z,0,"Middle of the pack for me, but a good choice. ",4fc5908605f140a78d009d9ed5c43e47
spotify:track:7ppPZa3TRUSGKaks9wH7VT,9800e906592547f4ab0717aa56097b49,2026-02-09T19:54:43Z,1,"Not my favorite from the playlist, but it nails the theme imo. ",4fc5908605f140a78d009d9ed5c43e47
spotify:track:1s257z93vLfwe2qquF4BvY,699c7b228f3b436880363c6d92c3976f,2026-02-09T21:04:01Z,1,,4fc5908605f140a78d009d9ed5c43e47
spotify:track:65Ce0h4SA18GuH6nuI1QWe,699c7b228f3b436880363c6d92c3976f,2026-02-09T21:04:01Z,-1,Non-descript.,4fc5908605f140a78d009d9ed5c43e47
spotify:track:6k0jG8CKOd6lUGFveoXGLa,699c7b228f3b436880363c6d92c3976f,2026-02-09T21:04:01Z,1,,4fc5908605f140a78d009d9ed5c43e47
spotify:track:7FDV5ELOJHCGLe52AnttEd,699c7b228f3b436880363c6d92c3976f,2026-02-09T21:04:01Z,0,4th place,4fc5908605f140a78d009d9ed5c43e47
spotify:track:7GgWAITsYJaRM3r50rfh5w,699c7b228f3b436880363c6d92c3976f,2026-02-09T21:04:01Z,1,,4fc5908605f140a78d009d9ed5c43e47
spotify:track:25nzKGDiua1lE9Qo5V19GL,fa6235d130204772808d133e528b8ad7,2026-02-10T18:12:57Z,1,This feels like an Eddie pick. Totally fits that genre ,4fc5908605f140a78d009d9ed5c43e47
spotify:track:3qhlB30KknSejmIvZZLjOD,fa6235d130204772808d133e528b8ad7,2026-02-10T18:12:57Z,-1,"I am kind of obsessed with this song. Was in Chicago last week and thought to myself ""it's crazy how accurately Djo was able to capture what I'm feeling right now in a song."" That being said, while I see how musically this has kind of a “roll credits” sound, I feel like lyrically/emotionally it’s something that’s not quite an end of movie feeling. It’s not an optimistic “new beginning” feeling, nor is it a poignant tragic feeling, so much as a melancholy but ultimately peaceful reflective feeling. Idk. A long winded way of saying I love the song but it didn’t feel right for the prompt",4fc5908605f140a78d009d9ed5c43e47
spotify:track:65Ce0h4SA18GuH6nuI1QWe,fa6235d130204772808d133e528b8ad7,2026-02-10T18:12:57Z,1,This feels like the sort of song that will get picked for movie credits because of its vaguely uplifting energy and lyrics but which will never have commercial success beyond that. The band will probably still have some success on the county fair circuit. Maybe play a set at four winds field sponsored by ND idea week. A respectable read of the category ,4fc5908605f140a78d009d9ed5c43e47
spotify:track:6k0jG8CKOd6lUGFveoXGLa,fa6235d130204772808d133e528b8ad7,2026-02-10T18:12:57Z,0,"This was my honorable mention. Thematically it fits this very specific movie concept perfectly. I’m envisioning Mike Whitman appearing as many different characters who are not canonically related to one another whatsoever, but no one’s sure whether it’s just a bit or has some deep mystical significance",4fc5908605f140a78d009d9ed5c43e47
spotify:track:7ppPZa3TRUSGKaks9wH7VT,fa6235d130204772808d133e528b8ad7,2026-02-10T18:12:57Z,1,I dig it. Great song and I can totally see it being used in this way. The opening chords as the camera pans from the main character out to some nice panoramic shots before everything fades to black,4fc5908605f140a78d009d9ed5c43e47
spotify:track:0fIDUXVyJ1JISqB4HP4D5H,80a489147c544db5a53c5cede65c4617,2026-02-10T21:22:36Z,1,"This really hits. After the right film, could be extremely effective",4fc5908605f140a78d009d9ed5c43e47
spotify:track:0LN5gIsS5tQSmRzQrHSaTR,80a489147c544db5a53c5cede65c4617,2026-02-10T21:22:36Z,0,I can’t picture when it would cut to black in this song. Intro is way too long,4fc5908605f140a78d009d9ed5c43e47
spotify:track:0UlwTmT01jdFp3BaofARtU,80a489147c544db5a53c5cede65c4617,2026-02-10T21:22:36Z,-1,,4fc5908605f140a78d009d9ed5c43e47
spotify:track:1s257z93vLfwe2qquF4BvY,80a489147c544db5a53c5cede65c4617,2026-02-10T21:22:36Z,0,Not quite,4fc5908605f140a78d009d9ed5c43e47
spotify:track:25nzKGDiua1lE9Qo5V19GL,80a489147c544db5a53c5cede65c4617,2026-02-10T21:22:36Z,1,This totally works. Painful nostalgia,4fc5908605f140a78d009d9ed5c43e47
spotify:track:3qhlB30KknSejmIvZZLjOD,80a489147c544db5a53c5cede65c4617,2026-02-10T21:22:36Z,0,The beginning of this just wouldn’t work in a film. But there is something really sweet about this! ,4fc5908605f140a78d009d9ed5c43e47
spotify:track:65Ce0h4SA18GuH6nuI1QWe,80a489147c544db5a53c5cede65c4617,2026-02-10T21:22:36Z,0,Sounds like it would play after a terrible marvel movie,4fc5908605f140a78d009d9ed5c43e47
spotify:track:6k0jG8CKOd6lUGFveoXGLa,80a489147c544db5a53c5cede65c4617,2026-02-10T21:22:36Z,0,I see the vision,4fc5908605f140a78d009d9ed5c43e47
spotify:track:7GgWAITsYJaRM3r50rfh5w,80a489147c544db5a53c5cede65c4617,2026-02-10T21:22:36Z,1,Great somber ending to a film. Would leave thoughtful and wistful,4fc5908605f140a78d009d9ed5c43e47
spotify:track:7MRw8W5jZoG0SNNcHLgkEO,80a489147c544db5a53c5cede65c4617,2026-02-10T21:22:36Z,0,"Sorry Peter, I’m not crazy about this",4fc5908605f140a78d009d9ed5c43e47
spotify:track:0fIDUXVyJ1JISqB4HP4D5H,6d8e32d102054531811ff5c8a625977c,2026-02-10T23:04:46Z,1,No notes. John Hughes core 80s/90s coming of age type stuff ,4fc5908605f140a78d009d9ed5c43e47
spotify:track:0LN5gIsS5tQSmRzQrHSaTR,6d8e32d102054531811ff5c8a625977c,2026-02-10T23:04:46Z,1,"Initially I was gonna pass this one over because it takes too long for the hook to arrive, I think an essential feature of the end credits track is that the hook drops in exactly with the fade to black; too much build up ruins it. However I realized many other submissions did something similar, as though the final scene plays through the first 30 seconds or so and the fade to black drops in at like 0:39. Graded on that curve, this becomes one of the standouts I think",4fc5908605f140a78d009d9ed5c43e47
spotify:track:0UlwTmT01jdFp3BaofARtU,6d8e32d102054531811ff5c8a625977c,2026-02-10T23:04:46Z,-1,"One of my all time favorite songs, but this has more of a beginning than an ending feel to me ",4fc5908605f140a78d009d9ed5c43e47
spotify:track:25nzKGDiua1lE9Qo5V19GL,6d8e32d102054531811ff5c8a625977c,2026-02-10T23:04:46Z,0,"I forgot this song existed, thank you for the reminder. Millennialcore throwback ",4fc5908605f140a78d009d9ed5c43e47
spotify:track:65Ce0h4SA18GuH6nuI1QWe,6d8e32d102054531811ff5c8a625977c,2026-02-10T23:04:46Z,1,"This song is steaming garbage but I am duty bound to admit that it’s a perfect submission. It practically conjures the end credits scene of an aggressively mid action/kids movie on its own, title cards bearing Ryan Reynolds’ and Jeff Bridges’ names careening by as it plays ",4fc5908605f140a78d009d9ed5c43e47
spotify:track:6k0jG8CKOd6lUGFveoXGLa,6d8e32d102054531811ff5c8a625977c,2026-02-10T23:04:46Z,0,"I am picturing Peter Seeley appearing multiple times as different and seemingly unrelated characters encountered along the journey, without explanation",4fc5908605f140a78d009d9ed5c43e47
spotify:track:7MRw8W5jZoG0SNNcHLgkEO,6d8e32d102054531811ff5c8a625977c,2026-02-10T23:04:46Z,0,I enjoyed this ,4fc5908605f140a78d009d9ed5c43e47
spotify:track:7ppPZa3TRUSGKaks9wH7VT,6d8e32d102054531811ff5c8a625977c,2026-02-10T23:04:46Z,0,"Never thought of this as an end credits song but seeing it in this context, I realize it’s been here all along",4fc5908605f140a78d009d9ed5c43e47
spotify:track:0fIDUXVyJ1JISqB4HP4D5H,98739434088f411e9e1918725eedb295,2026-02-11T00:45:42Z,1,Didn't care that much for the song other than the first few seconds which would be perfect at the end of a movie.,4fc5908605f140a78d009d9ed5c43e47
spotify:track:0UlwTmT01jdFp3BaofARtU,98739434088f411e9e1918725eedb295,2026-02-11T00:45:42Z,0,This song seems so weak when I listen to the others.  Good job guys.,4fc5908605f140a78d009d9ed5c43e47
spotify:track:1s257z93vLfwe2qquF4BvY,98739434088f411e9e1918725eedb295,2026-02-11T00:45:42Z,0,"Not the ending you were hoping for, but the guy is okay with the girl walking away, and this plays.",4fc5908605f140a78d009d9ed5c43e47
spotify:track:25nzKGDiua1lE9Qo5V19GL,98739434088f411e9e1918725eedb295,2026-02-11T00:45:42Z,0,"I was going to downvote this until I saw ""indie coming of age.""",4fc5908605f140a78d009d9ed5c43e47
spotify:track:3qhlB30KknSejmIvZZLjOD,98739434088f411e9e1918725eedb295,2026-02-11T00:45:42Z,0,I could see this coming more ,4fc5908605f140a78d009d9ed5c43e47
spotify:track:65Ce0h4SA18GuH6nuI1QWe,98739434088f411e9e1918725eedb295,2026-02-11T00:45:42Z,0,"I don't think I really saw this as a strong movie ending, to be honest. ",4fc5908605f140a78d009d9ed5c43e47
spotify:track:6k0jG8CKOd6lUGFveoXGLa,98739434088f411e9e1918725eedb295,2026-02-11T00:45:42Z,1,"Eddie and Judd are moving along the railroad on one of those hand crank railcarts for their last 38 miles toward the novitiate.

Recovering Alcoholic Richard finishes his first round of an intended several at the bar and as he reaches into his wallet but finds his polaroid from those goons.  Checks out his tab and stares up at the stars in wonder outside the bar.

A picture of Eddie and Judd that they had taken with their polaroid falls out of an epicurean Regina's purse.  She smiles as she remembers those holy fools and sends a text to cancel her morally questionable meetup later that day.

Tech bro brad thinking about microdosing on LSD again this evening.  AI generated recap of the week hits his inbox, with a verbal description of the polaroid. He goes looking for it, and finds something from his childhood along the way, and stops and thinks.
",4fc5908605f140a78d009d9ed5c43e47
spotify:track:7GgWAITsYJaRM3r50rfh5w,98739434088f411e9e1918725eedb295,2026-02-11T00:45:42Z,0,"""it was just like a movie"" is an interesting line for a movie ending song. I like it.",4fc5908605f140a78d009d9ed5c43e47
spotify:track:7MRw8W5jZoG0SNNcHLgkEO,98739434088f411e9e1918725eedb295,2026-02-11T00:45:42Z,-1,This was the hardest sell as a movie closer. ,4fc5908605f140a78d009d9ed5c43e47
spotify:track:7ppPZa3TRUSGKaks9wH7VT,98739434088f411e9e1918725eedb295,2026-02-11T00:45:42Z,1,Great pull.  As soon as the singing starts it changes to black.  I can see it perfectly.,4fc5908605f140a78d009d9ed5c43e47
spotify:track:0LN5gIsS5tQSmRzQrHSaTR,fc418ffeadb64c3f8e93a25fb942984f,2026-02-11T02:24:35Z,1,I don’t think I’ve ever listened to an entire song of The Who… I really enjoyed this!,4fc5908605f140a78d009d9ed5c43e47
spotify:track:1s257z93vLfwe2qquF4BvY,fc418ffeadb64c3f8e93a25fb942984f,2026-02-11T02:24:35Z,1,Really loved this song🥰,4fc5908605f140a78d009d9ed5c43e47
spotify:track:6k0jG8CKOd6lUGFveoXGLa,fc418ffeadb64c3f8e93a25fb942984f,2026-02-11T02:24:35Z,-1,"I HATE that I’m downvoting this because I love the OP’s comment, but this one I think felt the least like an end credits song to me…
In my mind, this is the song that’s playing during the montage of scenes in which Eddie and Judd are traveling and ministering.",4fc5908605f140a78d009d9ed5c43e47
spotify:track:7FDV5ELOJHCGLe52AnttEd,fc418ffeadb64c3f8e93a25fb942984f,2026-02-11T02:24:35Z,1,"I think this is Sam…
I really liked this for some reason haha",4fc5908605f140a78d009d9ed5c43e47
spotify:track:0fIDUXVyJ1JISqB4HP4D5H,b3c43885f6ce4e8b861545158a22b7a2,2026-02-11T04:13:11Z,1,,4fc5908605f140a78d009d9ed5c43e47
spotify:track:0UlwTmT01jdFp3BaofARtU,b3c43885f6ce4e8b861545158a22b7a2,2026-02-11T04:13:11Z,1,,4fc5908605f140a78d009d9ed5c43e47
spotify:track:7MRw8W5jZoG0SNNcHLgkEO,b3c43885f6ce4e8b861545158a22b7a2,2026-02-11T04:13:11Z,-1,,4fc5908605f140a78d009d9ed5c43e47
spotify:track:7ppPZa3TRUSGKaks9wH7VT,b3c43885f6ce4e8b861545158a22b7a2,2026-02-11T04:13:11Z,1,,4fc5908605f140a78d009d9ed5c43e47
