Spotify URI,Voter ID,Created,Points Assigned,Comment,Round ID
spotify:track:33P1v5WhDn5ngDHxdEUyk5,fc418ffeadb64c3f8e93a25fb942984f,2026-02-23T21:23:58Z,0,question… why?,ec2257221b6b4065aa47b08f9ce00196
spotify:track:5NwkWwfRJaT55hEPtCmJHx,fc418ffeadb64c3f8e93a25fb942984f,2026-02-23T21:23:58Z,0,"Lowkey, the transition from the Walton to this song SLAPPED",ec2257221b6b4065aa47b08f9ce00196
spotify:track:4ZZiZPQq3RfnTQHHKROl3M,fc418ffeadb64c3f8e93a25fb942984f,2026-02-23T21:23:58Z,-1,"I love you Sam, but no",ec2257221b6b4065aa47b08f9ce00196
spotify:track:4GbazUiaLPKj2VmCVykw53,fc418ffeadb64c3f8e93a25fb942984f,2026-02-23T21:23:58Z,1,,ec2257221b6b4065aa47b08f9ce00196
spotify:track:3d0WouFnFmr0K3kjeza3fF,fc418ffeadb64c3f8e93a25fb942984f,2026-02-23T21:23:58Z,1,Yeah I can see it,ec2257221b6b4065aa47b08f9ce00196
spotify:track:3bN6WsqetTyM8YakzZhJkb,fc418ffeadb64c3f8e93a25fb942984f,2026-02-23T21:23:58Z,1,STEVIE,ec2257221b6b4065aa47b08f9ce00196
spotify:track:0L4A8L8UUSU0lgzxGNKggH,fc418ffeadb64c3f8e93a25fb942984f,2026-02-23T21:23:58Z,0,"I really loved this song, but I don’t know if it’s a Richard song…",ec2257221b6b4065aa47b08f9ce00196
spotify:track:7Ar4G7Ci11gpt6sfH9Cgz5,fc418ffeadb64c3f8e93a25fb942984f,2026-02-23T21:23:58Z,0,"Love this song, but not sure if it’s Rich…",ec2257221b6b4065aa47b08f9ce00196
spotify:track:71rlC1GailCCM6TmeAo3YT,fc418ffeadb64c3f8e93a25fb942984f,2026-02-23T21:23:58Z,1,,ec2257221b6b4065aa47b08f9ce00196
spotify:track:7Ar4G7Ci11gpt6sfH9Cgz5,0f4f7275b1234127a43771293d707c5c,2026-02-23T21:41:33Z,-1,,ec2257221b6b4065aa47b08f9ce00196
spotify:track:71rlC1GailCCM6TmeAo3YT,0f4f7275b1234127a43771293d707c5c,2026-02-23T21:41:33Z,1,,ec2257221b6b4065aa47b08f9ce00196
spotify:track:66TRwr5uJwPt15mfFkzhbi,0f4f7275b1234127a43771293d707c5c,2026-02-23T21:41:33Z,1,,ec2257221b6b4065aa47b08f9ce00196
spotify:track:3d0WouFnFmr0K3kjeza3fF,0f4f7275b1234127a43771293d707c5c,2026-02-23T21:41:33Z,0,I like the medieval version better personally ,ec2257221b6b4065aa47b08f9ce00196
spotify:track:3bN6WsqetTyM8YakzZhJkb,0f4f7275b1234127a43771293d707c5c,2026-02-23T21:41:33Z,1,,ec2257221b6b4065aa47b08f9ce00196
spotify:track:0CAfXk7DXMnon4gLudAp7J,0f4f7275b1234127a43771293d707c5c,2026-02-23T21:41:33Z,1,,ec2257221b6b4065aa47b08f9ce00196
spotify:track:2J40Fz87V8GPeMb9JH9zYg,f53f0969b04049b5ba39a303ebb3e987,2026-02-23T22:42:58Z,1,"More Whitman, less Storey, but it stil works",ec2257221b6b4065aa47b08f9ce00196
spotify:track:0CAfXk7DXMnon4gLudAp7J,f53f0969b04049b5ba39a303ebb3e987,2026-02-23T22:42:58Z,1,Easiest upvote ever. Very much in the spirit of my own submission.,ec2257221b6b4065aa47b08f9ce00196
spotify:track:0L4A8L8UUSU0lgzxGNKggH,f53f0969b04049b5ba39a303ebb3e987,2026-02-23T22:42:58Z,0,"Loved driving to this, but it's better for driving, not dancing.",ec2257221b6b4065aa47b08f9ce00196
spotify:track:33P1v5WhDn5ngDHxdEUyk5,f53f0969b04049b5ba39a303ebb3e987,2026-02-23T22:42:58Z,1,I could see Richard being Jewish.,ec2257221b6b4065aa47b08f9ce00196
spotify:track:3bN6WsqetTyM8YakzZhJkb,f53f0969b04049b5ba39a303ebb3e987,2026-02-23T22:42:58Z,0,Meh,ec2257221b6b4065aa47b08f9ce00196
spotify:track:3d0WouFnFmr0K3kjeza3fF,f53f0969b04049b5ba39a303ebb3e987,2026-02-23T22:42:58Z,1,Never won't be an upvote for most categories. ,ec2257221b6b4065aa47b08f9ce00196
spotify:track:4GbazUiaLPKj2VmCVykw53,f53f0969b04049b5ba39a303ebb3e987,2026-02-23T22:42:58Z,0,Pass.,ec2257221b6b4065aa47b08f9ce00196
spotify:track:4ZZiZPQq3RfnTQHHKROl3M,f53f0969b04049b5ba39a303ebb3e987,2026-02-23T22:42:58Z,-1,Failure to read the Zeitgeist and Mainchat is evident here.,ec2257221b6b4065aa47b08f9ce00196
spotify:track:5NwkWwfRJaT55hEPtCmJHx,f53f0969b04049b5ba39a303ebb3e987,2026-02-23T22:42:58Z,0,Awesome song for a Disney credits.,ec2257221b6b4065aa47b08f9ce00196
spotify:track:5R3Pq4PV6Q1mEKi2sNgkia,f53f0969b04049b5ba39a303ebb3e987,2026-02-23T22:42:58Z,0,"Cultured, aren't we???",ec2257221b6b4065aa47b08f9ce00196
spotify:track:7Ar4G7Ci11gpt6sfH9Cgz5,f53f0969b04049b5ba39a303ebb3e987,2026-02-23T22:42:58Z,0,Wasn't this already submitted in an older league?,ec2257221b6b4065aa47b08f9ce00196
spotify:track:7Ar4G7Ci11gpt6sfH9Cgz5,80a489147c544db5a53c5cede65c4617,2026-02-23T22:54:43Z,2,Anyone with taste would get down to this,ec2257221b6b4065aa47b08f9ce00196
spotify:track:66TRwr5uJwPt15mfFkzhbi,80a489147c544db5a53c5cede65c4617,2026-02-23T22:54:43Z,-1,Would Richard get down to this? Perhaps. But I just cannot,ec2257221b6b4065aa47b08f9ce00196
spotify:track:5R3Pq4PV6Q1mEKi2sNgkia,80a489147c544db5a53c5cede65c4617,2026-02-23T22:54:43Z,0,This is a cute and fun song but I can’t picture Richard getting down to it,ec2257221b6b4065aa47b08f9ce00196
spotify:track:5NwkWwfRJaT55hEPtCmJHx,80a489147c544db5a53c5cede65c4617,2026-02-23T22:54:43Z,0,Good but is it hype enough?,ec2257221b6b4065aa47b08f9ce00196
spotify:track:0CAfXk7DXMnon4gLudAp7J,80a489147c544db5a53c5cede65c4617,2026-02-23T22:54:43Z,0,Seems way too obvious. Has this ever not been played at a wedding,ec2257221b6b4065aa47b08f9ce00196
spotify:track:4ZZiZPQq3RfnTQHHKROl3M,80a489147c544db5a53c5cede65c4617,2026-02-23T22:54:43Z,0,This was a much needed breather. Thanks. ,ec2257221b6b4065aa47b08f9ce00196
spotify:track:4GbazUiaLPKj2VmCVykw53,80a489147c544db5a53c5cede65c4617,2026-02-23T22:54:43Z,0,Unpleasant,ec2257221b6b4065aa47b08f9ce00196
spotify:track:3TNSVsiFngfe68UJpMq1oS,80a489147c544db5a53c5cede65c4617,2026-02-23T22:54:43Z,0,Pretty sure Richard hates country unless I’m forgetting,ec2257221b6b4065aa47b08f9ce00196
spotify:track:3d0WouFnFmr0K3kjeza3fF,80a489147c544db5a53c5cede65c4617,2026-02-23T22:54:43Z,0,Seems basic and obvious. Not a terrible song though,ec2257221b6b4065aa47b08f9ce00196
spotify:track:3bN6WsqetTyM8YakzZhJkb,80a489147c544db5a53c5cede65c4617,2026-02-23T22:54:43Z,1,Pretty good. ,ec2257221b6b4065aa47b08f9ce00196
spotify:track:2J40Fz87V8GPeMb9JH9zYg,80a489147c544db5a53c5cede65c4617,2026-02-23T22:54:43Z,0,Peter type submission ,ec2257221b6b4065aa47b08f9ce00196
spotify:track:71rlC1GailCCM6TmeAo3YT,80a489147c544db5a53c5cede65c4617,2026-02-23T22:54:43Z,1,Hard to argue. Also pretty good submission for next round,ec2257221b6b4065aa47b08f9ce00196
spotify:track:0CAfXk7DXMnon4gLudAp7J,9800e906592547f4ab0717aa56097b49,2026-02-24T16:25:18Z,0,"A classic and a good choice. Was not played, but also doesn't rise to the top. ",ec2257221b6b4065aa47b08f9ce00196
spotify:track:5R3Pq4PV6Q1mEKi2sNgkia,9800e906592547f4ab0717aa56097b49,2026-02-24T16:25:18Z,0,"No, but you have just identified the opening title scroll song for Wes Anderson's ""Friends in the Bend"". Eddie, departing from Hangar shed, rides his road bike slowly through various South Bend locales. We pass Joe Torma, in the Club Blue backyard, minutely trimming leaves on the various plants flowering from Cynthia the aquatic tower garden. The rectory, a car on blocks. Top down angle over the car, one after another Chris, then Corey, then Judd, then George, then Teddy, then Gabe on rolling boards each pop their heads out from underneath. Along the riverwalk, Brad and Richard emerge in scuba gear with treasure chest in hand. The Fort, Sammy and Joseph moving furniture inside while Shea, Regina, and Fiona sip lemonade on the porch wearing oversized sunglasses. It writes itself. ",ec2257221b6b4065aa47b08f9ce00196
spotify:track:66TRwr5uJwPt15mfFkzhbi,9800e906592547f4ab0717aa56097b49,2026-02-24T16:25:18Z,1,"Richard will disagree, but the millennial contingent would have rocked with this",ec2257221b6b4065aa47b08f9ce00196
spotify:track:3d0WouFnFmr0K3kjeza3fF,9800e906592547f4ab0717aa56097b49,2026-02-24T16:25:18Z,0,"Banger, but too obvious",ec2257221b6b4065aa47b08f9ce00196
spotify:track:3TNSVsiFngfe68UJpMq1oS,9800e906592547f4ab0717aa56097b49,2026-02-24T16:25:18Z,0,Seems a bit of a weird theme for a wedding song,ec2257221b6b4065aa47b08f9ce00196
spotify:track:4GbazUiaLPKj2VmCVykw53,9800e906592547f4ab0717aa56097b49,2026-02-24T16:25:18Z,-1,This might be the worst song I have ever heard in my entire life,ec2257221b6b4065aa47b08f9ce00196
spotify:track:4ZZiZPQq3RfnTQHHKROl3M,9800e906592547f4ab0717aa56097b49,2026-02-24T16:25:18Z,0,Cute but not in the way that gets a vote,ec2257221b6b4065aa47b08f9ce00196
spotify:track:5NwkWwfRJaT55hEPtCmJHx,9800e906592547f4ab0717aa56097b49,2026-02-24T16:25:18Z,2,This is deep Richard knowledge. And also I forgot how incredibly great this song is. I must reward. ,ec2257221b6b4065aa47b08f9ce00196
spotify:track:33P1v5WhDn5ngDHxdEUyk5,9800e906592547f4ab0717aa56097b49,2026-02-24T16:25:18Z,1,"Given that there was a french pop song played that the entire Storey Family had a choreographed dance to, this fits in a weird way for me. ",ec2257221b6b4065aa47b08f9ce00196
spotify:track:2J40Fz87V8GPeMb9JH9zYg,9800e906592547f4ab0717aa56097b49,2026-02-24T16:25:18Z,0,"Richard will hate me saying this, but it fits the theme and the general atmosphere that was cultivated.",ec2257221b6b4065aa47b08f9ce00196
spotify:track:0L4A8L8UUSU0lgzxGNKggH,9800e906592547f4ab0717aa56097b49,2026-02-24T16:25:18Z,0,"This is such a banger, thank you Joseph for submitting. But no vote. ",ec2257221b6b4065aa47b08f9ce00196
spotify:track:71rlC1GailCCM6TmeAo3YT,9800e906592547f4ab0717aa56097b49,2026-02-24T16:25:18Z,0,"A classic and would fit, but just outside the top for me",ec2257221b6b4065aa47b08f9ce00196
spotify:track:7Ar4G7Ci11gpt6sfH9Cgz5,9800e906592547f4ab0717aa56097b49,2026-02-24T16:25:18Z,0,Meh - not for the category,ec2257221b6b4065aa47b08f9ce00196
spotify:track:4GbazUiaLPKj2VmCVykw53,c8e8de6d21ac4bfba566bc0a8eeef629,2026-02-25T01:25:27Z,0,This is the greatest song I’ve ever heard. ,ec2257221b6b4065aa47b08f9ce00196
spotify:track:0CAfXk7DXMnon4gLudAp7J,c8e8de6d21ac4bfba566bc0a8eeef629,2026-02-25T01:25:27Z,0,Wrong. Terrible choice of a stupid song. ,ec2257221b6b4065aa47b08f9ce00196
spotify:track:0L4A8L8UUSU0lgzxGNKggH,c8e8de6d21ac4bfba566bc0a8eeef629,2026-02-25T01:25:27Z,0,How in the hell would you dance to this at a wedding reception?,ec2257221b6b4065aa47b08f9ce00196
spotify:track:2J40Fz87V8GPeMb9JH9zYg,c8e8de6d21ac4bfba566bc0a8eeef629,2026-02-25T01:25:27Z,-1,Insulting. Do you take for your unmarried 60 year old aunt?!,ec2257221b6b4065aa47b08f9ce00196
spotify:track:33P1v5WhDn5ngDHxdEUyk5,c8e8de6d21ac4bfba566bc0a8eeef629,2026-02-25T01:25:27Z,1,"Don’t know what this is, but I love it. ",ec2257221b6b4065aa47b08f9ce00196
spotify:track:3bN6WsqetTyM8YakzZhJkb,c8e8de6d21ac4bfba566bc0a8eeef629,2026-02-25T01:25:27Z,1,Stevie is king!,ec2257221b6b4065aa47b08f9ce00196
spotify:track:3d0WouFnFmr0K3kjeza3fF,c8e8de6d21ac4bfba566bc0a8eeef629,2026-02-25T01:25:27Z,1,Shakira is amazing. Can’t go wrong with hauntingly weird yet beautiful voice. ,ec2257221b6b4065aa47b08f9ce00196
spotify:track:66TRwr5uJwPt15mfFkzhbi,c8e8de6d21ac4bfba566bc0a8eeef629,2026-02-25T01:25:27Z,0,Crank that?! This song sucked in middle school and it sucks now. ,ec2257221b6b4065aa47b08f9ce00196
spotify:track:71rlC1GailCCM6TmeAo3YT,c8e8de6d21ac4bfba566bc0a8eeef629,2026-02-25T01:25:27Z,1,Ironically my dancing is the biggest obstacle to my wife loving me. ,ec2257221b6b4065aa47b08f9ce00196
spotify:track:0CAfXk7DXMnon4gLudAp7J,42db3c63b69a4479bedfcc2d22a6b73a,2026-02-25T18:24:12Z,-1,,ec2257221b6b4065aa47b08f9ce00196
spotify:track:33P1v5WhDn5ngDHxdEUyk5,42db3c63b69a4479bedfcc2d22a6b73a,2026-02-25T18:24:12Z,1,,ec2257221b6b4065aa47b08f9ce00196
spotify:track:4GbazUiaLPKj2VmCVykw53,42db3c63b69a4479bedfcc2d22a6b73a,2026-02-25T18:24:12Z,1,,ec2257221b6b4065aa47b08f9ce00196
spotify:track:66TRwr5uJwPt15mfFkzhbi,42db3c63b69a4479bedfcc2d22a6b73a,2026-02-25T18:24:12Z,1,,ec2257221b6b4065aa47b08f9ce00196
spotify:track:7Ar4G7Ci11gpt6sfH9Cgz5,42db3c63b69a4479bedfcc2d22a6b73a,2026-02-25T18:24:12Z,1,,ec2257221b6b4065aa47b08f9ce00196
spotify:track:33P1v5WhDn5ngDHxdEUyk5,699c7b228f3b436880363c6d92c3976f,2026-02-25T22:27:37Z,2,"All I understood was ""gramaphone"" but that's ok. The accordions speak to my heart ",ec2257221b6b4065aa47b08f9ce00196
spotify:track:4ZZiZPQq3RfnTQHHKROl3M,699c7b228f3b436880363c6d92c3976f,2026-02-25T22:27:37Z,1,,ec2257221b6b4065aa47b08f9ce00196
spotify:track:5R3Pq4PV6Q1mEKi2sNgkia,699c7b228f3b436880363c6d92c3976f,2026-02-25T22:27:37Z,1,,ec2257221b6b4065aa47b08f9ce00196
spotify:track:66TRwr5uJwPt15mfFkzhbi,699c7b228f3b436880363c6d92c3976f,2026-02-25T22:27:37Z,-1,,ec2257221b6b4065aa47b08f9ce00196
spotify:track:0L4A8L8UUSU0lgzxGNKggH,98739434088f411e9e1918725eedb295,2026-02-26T01:29:20Z,1,"the bass line is funky, and I could totally see him jamming out",ec2257221b6b4065aa47b08f9ce00196
spotify:track:2J40Fz87V8GPeMb9JH9zYg,98739434088f411e9e1918725eedb295,2026-02-26T01:29:20Z,0,the mad lad actually did it.,ec2257221b6b4065aa47b08f9ce00196
spotify:track:33P1v5WhDn5ngDHxdEUyk5,98739434088f411e9e1918725eedb295,2026-02-26T01:29:20Z,0,"I mean this song goes hard, but I don't think it's the best for a wedding reception.",ec2257221b6b4065aa47b08f9ce00196
spotify:track:3bN6WsqetTyM8YakzZhJkb,98739434088f411e9e1918725eedb295,2026-02-26T01:29:20Z,0,thematically and musically appropriate.,ec2257221b6b4065aa47b08f9ce00196
spotify:track:3d0WouFnFmr0K3kjeza3fF,98739434088f411e9e1918725eedb295,2026-02-26T01:29:20Z,1,"Didn't want to upvote this one, but i had no control over my body when i was listening.
NO FIGHTING",ec2257221b6b4065aa47b08f9ce00196
spotify:track:3TNSVsiFngfe68UJpMq1oS,98739434088f411e9e1918725eedb295,2026-02-26T01:29:20Z,-1,"Nice song, enjoyed the listen. but not slow enough for a slow dance or fast enough for a boogie down dance.",ec2257221b6b4065aa47b08f9ce00196
spotify:track:4GbazUiaLPKj2VmCVykw53,98739434088f411e9e1918725eedb295,2026-02-26T01:29:20Z,0,Eh.,ec2257221b6b4065aa47b08f9ce00196
spotify:track:4ZZiZPQq3RfnTQHHKROl3M,98739434088f411e9e1918725eedb295,2026-02-26T01:29:20Z,1,Good read of the title.  Definitely something he should have played at the wedding and not the wedding reception.,ec2257221b6b4065aa47b08f9ce00196
spotify:track:5NwkWwfRJaT55hEPtCmJHx,98739434088f411e9e1918725eedb295,2026-02-26T01:29:20Z,1,The real ones know.  Excellent pick.,ec2257221b6b4065aa47b08f9ce00196
spotify:track:66TRwr5uJwPt15mfFkzhbi,98739434088f411e9e1918725eedb295,2026-02-26T01:29:20Z,0,Fond memories of 9th grade homecoming on this one.,ec2257221b6b4065aa47b08f9ce00196
spotify:track:7Ar4G7Ci11gpt6sfH9Cgz5,98739434088f411e9e1918725eedb295,2026-02-26T01:29:20Z,0,"A great song, but not a great wedding reception song.",ec2257221b6b4065aa47b08f9ce00196
spotify:track:3d0WouFnFmr0K3kjeza3fF,6d8e32d102054531811ff5c8a625977c,2026-02-26T03:22:35Z,1,This should be played at everyone’s wedding,ec2257221b6b4065aa47b08f9ce00196
spotify:track:4ZZiZPQq3RfnTQHHKROl3M,6d8e32d102054531811ff5c8a625977c,2026-02-26T03:22:35Z,-1,,ec2257221b6b4065aa47b08f9ce00196
spotify:track:33P1v5WhDn5ngDHxdEUyk5,6d8e32d102054531811ff5c8a625977c,2026-02-26T03:22:35Z,0,"I submitted this on the strength of the very danceable opening instrumental, but I committed a Music League cardinal sin by not listening to the song again before submitting and I forgot how long it is",ec2257221b6b4065aa47b08f9ce00196
spotify:track:3bN6WsqetTyM8YakzZhJkb,6d8e32d102054531811ff5c8a625977c,2026-02-26T03:22:35Z,1,Beautiful,ec2257221b6b4065aa47b08f9ce00196
spotify:track:5NwkWwfRJaT55hEPtCmJHx,6d8e32d102054531811ff5c8a625977c,2026-02-26T03:22:35Z,0,I forgot this song existed and I can’t quite explain why but I enjoyed hearing it here,ec2257221b6b4065aa47b08f9ce00196
spotify:track:5R3Pq4PV6Q1mEKi2sNgkia,6d8e32d102054531811ff5c8a625977c,2026-02-26T03:22:35Z,1,Good pull,ec2257221b6b4065aa47b08f9ce00196
spotify:track:71rlC1GailCCM6TmeAo3YT,6d8e32d102054531811ff5c8a625977c,2026-02-26T03:22:35Z,1,,ec2257221b6b4065aa47b08f9ce00196
spotify:track:0CAfXk7DXMnon4gLudAp7J,b3c43885f6ce4e8b861545158a22b7a2,2026-02-26T03:27:00Z,1,,ec2257221b6b4065aa47b08f9ce00196
spotify:track:2J40Fz87V8GPeMb9JH9zYg,b3c43885f6ce4e8b861545158a22b7a2,2026-02-26T03:27:00Z,-1,,ec2257221b6b4065aa47b08f9ce00196
spotify:track:3d0WouFnFmr0K3kjeza3fF,b3c43885f6ce4e8b861545158a22b7a2,2026-02-26T03:27:00Z,1,,ec2257221b6b4065aa47b08f9ce00196
spotify:track:5R3Pq4PV6Q1mEKi2sNgkia,b3c43885f6ce4e8b861545158a22b7a2,2026-02-26T03:27:00Z,1,,ec2257221b6b4065aa47b08f9ce00196
spotify:track:66TRwr5uJwPt15mfFkzhbi,b3c43885f6ce4e8b861545158a22b7a2,2026-02-26T03:27:00Z,1,,ec2257221b6b4065aa47b08f9ce00196
spotify:track:0CAfXk7DXMnon4gLudAp7J,fa6235d130204772808d133e528b8ad7,2026-02-26T07:28:27Z,1,"Yes it was actually played, and I can’t say I remember Rich getting down to it but I can see it.",ec2257221b6b4065aa47b08f9ce00196
spotify:track:0L4A8L8UUSU0lgzxGNKggH,fa6235d130204772808d133e528b8ad7,2026-02-26T07:28:27Z,1,I do feel like I’d get down this on the dance floor. Sometimes you don’t know the song but the beat is promising enough that it persuades you to get out on the floor anyway,ec2257221b6b4065aa47b08f9ce00196
spotify:track:2J40Fz87V8GPeMb9JH9zYg,fa6235d130204772808d133e528b8ad7,2026-02-26T07:28:27Z,0,Eh ¯\_(ツ)_/¯ I’m trying to imagine Richard full sending and putting his all into the most passionate chicken dance of all time. But I just don’t see it ,ec2257221b6b4065aa47b08f9ce00196
spotify:track:33P1v5WhDn5ngDHxdEUyk5,fa6235d130204772808d133e528b8ad7,2026-02-26T07:28:27Z,-1,Sorry I didn’t realize this round was “Songs Peter Seeley should have played at his wedding”,ec2257221b6b4065aa47b08f9ce00196
spotify:track:3bN6WsqetTyM8YakzZhJkb,fa6235d130204772808d133e528b8ad7,2026-02-26T07:28:27Z,0,"I started out thinking I was gonna dig this, and the song is definitely cool, but it felt too long, almost as if the dance floor energy would die eventually",ec2257221b6b4065aa47b08f9ce00196
spotify:track:3TNSVsiFngfe68UJpMq1oS,fa6235d130204772808d133e528b8ad7,2026-02-26T07:28:27Z,0,Is the idea that this would be a first dance song? Bc I don’t see it working as an “everyone get down on the  dance floor” song. Idk ,ec2257221b6b4065aa47b08f9ce00196
spotify:track:4GbazUiaLPKj2VmCVykw53,fa6235d130204772808d133e528b8ad7,2026-02-26T07:28:27Z,0,I actually kinda see the vision. If there were somehow a way to play this without scandalizing hundreds of the reception attendees. Was edged out by others though ,ec2257221b6b4065aa47b08f9ce00196
spotify:track:4ZZiZPQq3RfnTQHHKROl3M,fa6235d130204772808d133e528b8ad7,2026-02-26T07:28:27Z,1,I see what you did there. I’ll reward the clever read ,ec2257221b6b4065aa47b08f9ce00196
spotify:track:5NwkWwfRJaT55hEPtCmJHx,fa6235d130204772808d133e528b8ad7,2026-02-26T07:28:27Z,0,How do you dance to this? I guess maybe you just stand in the dance floor and scream lyrics and somehow that’s cathartic for you?,ec2257221b6b4065aa47b08f9ce00196
spotify:track:5R3Pq4PV6Q1mEKi2sNgkia,fa6235d130204772808d133e528b8ad7,2026-02-26T07:28:27Z,0,"I do not see the vision, sorry",ec2257221b6b4065aa47b08f9ce00196
spotify:track:66TRwr5uJwPt15mfFkzhbi,fa6235d130204772808d133e528b8ad7,2026-02-26T07:28:27Z,0,I love this song but this just doesn’t strike me as a particularly Richard core dance (like eg the Wobble does). I’d love to be proven wrong though,ec2257221b6b4065aa47b08f9ce00196
spotify:track:71rlC1GailCCM6TmeAo3YT,fa6235d130204772808d133e528b8ad7,2026-02-26T07:28:27Z,1,It’s a classic. It makes me want to dance more than almost every other song on this playlist. It gets my vote ,ec2257221b6b4065aa47b08f9ce00196
spotify:track:7Ar4G7Ci11gpt6sfH9Cgz5,fa6235d130204772808d133e528b8ad7,2026-02-26T07:28:27Z,0,This just doesn’t feel like a song I’d dance to at a wedding. Maybe rich would? Idk,ec2257221b6b4065aa47b08f9ce00196
spotify:track:0CAfXk7DXMnon4gLudAp7J,c1b6888dec1e4113b65883ad590d3969,2026-02-26T17:09:40Z,1,,ec2257221b6b4065aa47b08f9ce00196
spotify:track:2J40Fz87V8GPeMb9JH9zYg,c1b6888dec1e4113b65883ad590d3969,2026-02-26T17:09:40Z,-1,,ec2257221b6b4065aa47b08f9ce00196
spotify:track:3d0WouFnFmr0K3kjeza3fF,c1b6888dec1e4113b65883ad590d3969,2026-02-26T17:09:40Z,1,,ec2257221b6b4065aa47b08f9ce00196
spotify:track:5NwkWwfRJaT55hEPtCmJHx,c1b6888dec1e4113b65883ad590d3969,2026-02-26T17:09:40Z,1,,ec2257221b6b4065aa47b08f9ce00196
spotify:track:66TRwr5uJwPt15mfFkzhbi,c1b6888dec1e4113b65883ad590d3969,2026-02-26T17:09:40Z,1,,ec2257221b6b4065aa47b08f9ce00196
spotify:track:0L4A8L8UUSU0lgzxGNKggH,186a2ad76f584596a0a2335eae709d6c,2026-02-26T17:49:58Z,-1,,ec2257221b6b4065aa47b08f9ce00196
spotify:track:3TNSVsiFngfe68UJpMq1oS,186a2ad76f584596a0a2335eae709d6c,2026-02-26T17:49:58Z,1,,ec2257221b6b4065aa47b08f9ce00196
spotify:track:4GbazUiaLPKj2VmCVykw53,186a2ad76f584596a0a2335eae709d6c,2026-02-26T17:49:58Z,1,,ec2257221b6b4065aa47b08f9ce00196
spotify:track:71rlC1GailCCM6TmeAo3YT,186a2ad76f584596a0a2335eae709d6c,2026-02-26T17:49:58Z,1,,ec2257221b6b4065aa47b08f9ce00196
spotify:track:7Ar4G7Ci11gpt6sfH9Cgz5,186a2ad76f584596a0a2335eae709d6c,2026-02-26T17:49:58Z,1,,ec2257221b6b4065aa47b08f9ce00196
spotify:track:0gHSwPpnHuLn66mtN3wnd4,0f4f7275b1234127a43771293d707c5c,2026-02-28T18:28:35Z,0,Really good white people look-alike I just liked other songs better ,8a73ed7709ca4a4dbd48680e93c32572
spotify:track:1t2Hq2WIBcZINOEnK6mdJG,0f4f7275b1234127a43771293d707c5c,2026-02-28T18:28:35Z,1,🤘🏼 I like ,8a73ed7709ca4a4dbd48680e93c32572
spotify:track:0b4TKuvZ4eJ8eHgJgXaCnN,0f4f7275b1234127a43771293d707c5c,2026-02-28T18:28:35Z,0,I see the vision I just dont share it.,8a73ed7709ca4a4dbd48680e93c32572
spotify:track:2grjqo0Frpf2okIBiifQKs,0f4f7275b1234127a43771293d707c5c,2026-02-28T18:28:35Z,-1,I dont see this as a white genre,8a73ed7709ca4a4dbd48680e93c32572
spotify:track:2u2udGmop1z67EPpr91km7,0f4f7275b1234127a43771293d707c5c,2026-02-28T18:28:35Z,0,Only half counts ,8a73ed7709ca4a4dbd48680e93c32572
spotify:track:2yA8IDsiXwHOaMpF90AnvX,0f4f7275b1234127a43771293d707c5c,2026-02-28T18:28:35Z,2,Great. I hadn’t heard this and I like it better than crooked the road ,8a73ed7709ca4a4dbd48680e93c32572
spotify:track:351BPAfCvuF6NWpQUSzE86,0f4f7275b1234127a43771293d707c5c,2026-02-28T18:28:35Z,0,😲 pretty ,8a73ed7709ca4a4dbd48680e93c32572
spotify:track:37GWhu8R61gTStMvVQfDuE,0f4f7275b1234127a43771293d707c5c,2026-02-28T18:28:35Z,1,Woah,8a73ed7709ca4a4dbd48680e93c32572
spotify:track:5JlH51YDYsGj2dyEJKKjcN,0f4f7275b1234127a43771293d707c5c,2026-02-28T18:28:35Z,0,I almost submitted him but felt almost too obvious. ,8a73ed7709ca4a4dbd48680e93c32572
spotify:track:7wLShogStyDeZvL0a6daN5,0f4f7275b1234127a43771293d707c5c,2026-02-28T18:28:35Z,0,You’re welcome for choosing the version with the modest album cover 😇,8a73ed7709ca4a4dbd48680e93c32572
spotify:track:0b4TKuvZ4eJ8eHgJgXaCnN,f53f0969b04049b5ba39a303ebb3e987,2026-02-28T22:32:05Z,0,Yes white people genre but unfortunately the song sucks  ,8a73ed7709ca4a4dbd48680e93c32572
spotify:track:0gHSwPpnHuLn66mtN3wnd4,f53f0969b04049b5ba39a303ebb3e987,2026-02-28T22:32:05Z,-1,This is black music,8a73ed7709ca4a4dbd48680e93c32572
spotify:track:1t2Hq2WIBcZINOEnK6mdJG,f53f0969b04049b5ba39a303ebb3e987,2026-02-28T22:32:05Z,1,Nails it,8a73ed7709ca4a4dbd48680e93c32572
spotify:track:2grjqo0Frpf2okIBiifQKs,f53f0969b04049b5ba39a303ebb3e987,2026-02-28T22:32:05Z,0,Saved from the downvote by realizing that this is black music white people love,8a73ed7709ca4a4dbd48680e93c32572
spotify:track:2yA8IDsiXwHOaMpF90AnvX,f53f0969b04049b5ba39a303ebb3e987,2026-02-28T22:32:05Z,1,,8a73ed7709ca4a4dbd48680e93c32572
spotify:track:5iHK8VI9XkJJdXQHCBXeM4,f53f0969b04049b5ba39a303ebb3e987,2026-02-28T22:32:05Z,1,,8a73ed7709ca4a4dbd48680e93c32572
spotify:track:5JlH51YDYsGj2dyEJKKjcN,f53f0969b04049b5ba39a303ebb3e987,2026-02-28T22:32:05Z,1,,8a73ed7709ca4a4dbd48680e93c32572
spotify:track:0b4TKuvZ4eJ8eHgJgXaCnN,9800e906592547f4ab0717aa56097b49,2026-02-28T23:31:27Z,0,"I liked this one a lot, but in the indie-eque strain, it’s beaten by the TV on the Radio song ",8a73ed7709ca4a4dbd48680e93c32572
spotify:track:0gHSwPpnHuLn66mtN3wnd4,9800e906592547f4ab0717aa56097b49,2026-02-28T23:31:27Z,0,I think this is more black music than you think ,8a73ed7709ca4a4dbd48680e93c32572
spotify:track:1t2Hq2WIBcZINOEnK6mdJG,9800e906592547f4ab0717aa56097b49,2026-02-28T23:31:27Z,1,Perfect pick. Would never in a million years have guessed this guy wasn’t white. Also very spiritually white type of song ,8a73ed7709ca4a4dbd48680e93c32572
spotify:track:2grjqo0Frpf2okIBiifQKs,9800e906592547f4ab0717aa56097b49,2026-02-28T23:31:27Z,0,Haha I get it. But no vote ,8a73ed7709ca4a4dbd48680e93c32572
spotify:track:2u2udGmop1z67EPpr91km7,9800e906592547f4ab0717aa56097b49,2026-02-28T23:31:27Z,-1,White people do be loving to think about this kind of thing. Not an easy downvote but this seems the least fitting ,8a73ed7709ca4a4dbd48680e93c32572
spotify:track:2yA8IDsiXwHOaMpF90AnvX,9800e906592547f4ab0717aa56097b49,2026-02-28T23:31:27Z,1,"Great pick and deep cut, well done. ",8a73ed7709ca4a4dbd48680e93c32572
spotify:track:351BPAfCvuF6NWpQUSzE86,9800e906592547f4ab0717aa56097b49,2026-02-28T23:31:27Z,0,"Just missed, my 5th choice. I think it literally just being a “white ethnic” song is too on point ",8a73ed7709ca4a4dbd48680e93c32572
spotify:track:37GWhu8R61gTStMvVQfDuE,9800e906592547f4ab0717aa56097b49,2026-02-28T23:31:27Z,1,"Of the country ones, this was my fave. Seems the least self-aware ",8a73ed7709ca4a4dbd48680e93c32572
spotify:track:5iHK8VI9XkJJdXQHCBXeM4,9800e906592547f4ab0717aa56097b49,2026-02-28T23:31:27Z,1,"This was great, and I’ve heard of this band a lot but never had heard them. Wouldn’t have known and it’s a good example of a very stereotypically white genre ",8a73ed7709ca4a4dbd48680e93c32572
spotify:track:5JlH51YDYsGj2dyEJKKjcN,9800e906592547f4ab0717aa56097b49,2026-02-28T23:31:27Z,0,Banger but he knows what he’s doing. I feel like a Hootie and The Blowfish song would have been better too ,8a73ed7709ca4a4dbd48680e93c32572
spotify:track:7wLShogStyDeZvL0a6daN5,9800e906592547f4ab0717aa56097b49,2026-02-28T23:31:27Z,0,Good song but similar to Darius. ,8a73ed7709ca4a4dbd48680e93c32572
spotify:track:2grjqo0Frpf2okIBiifQKs,c1b6888dec1e4113b65883ad590d3969,2026-03-01T19:56:48Z,-1,Disco is for everyone ,8a73ed7709ca4a4dbd48680e93c32572
spotify:track:2yA8IDsiXwHOaMpF90AnvX,c1b6888dec1e4113b65883ad590d3969,2026-03-01T19:56:48Z,1,,8a73ed7709ca4a4dbd48680e93c32572
spotify:track:37GWhu8R61gTStMvVQfDuE,c1b6888dec1e4113b65883ad590d3969,2026-03-01T19:56:48Z,1,,8a73ed7709ca4a4dbd48680e93c32572
spotify:track:5iHK8VI9XkJJdXQHCBXeM4,c1b6888dec1e4113b65883ad590d3969,2026-03-01T19:56:48Z,1,,8a73ed7709ca4a4dbd48680e93c32572
spotify:track:5JlH51YDYsGj2dyEJKKjcN,c1b6888dec1e4113b65883ad590d3969,2026-03-01T19:56:48Z,1,,8a73ed7709ca4a4dbd48680e93c32572
spotify:track:0b4TKuvZ4eJ8eHgJgXaCnN,6d8e32d102054531811ff5c8a625977c,2026-03-02T02:19:08Z,1,This is absolutely what I had envisioned with this category ,8a73ed7709ca4a4dbd48680e93c32572
spotify:track:1t2Hq2WIBcZINOEnK6mdJG,6d8e32d102054531811ff5c8a625977c,2026-03-02T02:19:08Z,0,resisting the urge to begin “is Eagle-Eye Cherry black?” discourse ,8a73ed7709ca4a4dbd48680e93c32572
spotify:track:2u2udGmop1z67EPpr91km7,6d8e32d102054531811ff5c8a625977c,2026-03-02T02:19:08Z,-1,"This song is a masterpiece. I hadn’t re-listened to the lyrics in a while, MJ had an incredible ability to write catchy danceable pop songs that were at the same time incredibly deep and meaningful. There are some bars in this song and his voice is phenomenal. Downvoted cause this is not white people music, this is music for everyone ",8a73ed7709ca4a4dbd48680e93c32572
spotify:track:2yA8IDsiXwHOaMpF90AnvX,6d8e32d102054531811ff5c8a625977c,2026-03-02T02:19:08Z,0,I enjoyed,8a73ed7709ca4a4dbd48680e93c32572
spotify:track:351BPAfCvuF6NWpQUSzE86,6d8e32d102054531811ff5c8a625977c,2026-03-02T02:19:08Z,1,Inspired read of the category,8a73ed7709ca4a4dbd48680e93c32572
spotify:track:37GWhu8R61gTStMvVQfDuE,6d8e32d102054531811ff5c8a625977c,2026-03-02T02:19:08Z,1,"I think any other black artist doing country music would get passed over at best because of the undeniable black roots of country music, but Charley Pride and Nashville sound is certainly a (perhaps the) textbook example of black people doing white people music. ",8a73ed7709ca4a4dbd48680e93c32572
spotify:track:5JlH51YDYsGj2dyEJKKjcN,6d8e32d102054531811ff5c8a625977c,2026-03-02T02:19:08Z,0,It’s a very good submission. Playlist would not be complete without a Darius Rucker track. Just got beat out by some deeper cuts ,8a73ed7709ca4a4dbd48680e93c32572
spotify:track:6R0bcXWtIVRm0qHN1LkZ3S,6d8e32d102054531811ff5c8a625977c,2026-03-02T02:19:08Z,1,"Never heard this song before but I enjoyed, and this is definitely in line with what I had in mind for this category",8a73ed7709ca4a4dbd48680e93c32572
spotify:track:2grjqo0Frpf2okIBiifQKs,fa6235d130204772808d133e528b8ad7,2026-03-02T02:26:11Z,-1,I’m probably telling on myself here but I have never thought of this as white person music. Probably a perfect song though,8a73ed7709ca4a4dbd48680e93c32572
spotify:track:0b4TKuvZ4eJ8eHgJgXaCnN,fa6235d130204772808d133e528b8ad7,2026-03-02T02:26:11Z,1,Hell yeah,8a73ed7709ca4a4dbd48680e93c32572
spotify:track:1t2Hq2WIBcZINOEnK6mdJG,fa6235d130204772808d133e528b8ad7,2026-03-02T02:26:11Z,1,Once again: hell yeah,8a73ed7709ca4a4dbd48680e93c32572
spotify:track:2u2udGmop1z67EPpr91km7,fa6235d130204772808d133e528b8ad7,2026-03-02T02:26:11Z,0,He’s the goat. But once again I’m not convinced that this song is specifically white coded. Like yes white people get down to this but that’s not the same thing? Again maybe I just do not understand what “white people music” is,8a73ed7709ca4a4dbd48680e93c32572
spotify:track:351BPAfCvuF6NWpQUSzE86,fa6235d130204772808d133e528b8ad7,2026-03-02T02:26:11Z,0,"This is very cool. I envisioned this category as being white people music that was made/written by black people, and this isn’t quite that, but I think it’s a valid alternative read",8a73ed7709ca4a4dbd48680e93c32572
spotify:track:37GWhu8R61gTStMvVQfDuE,fa6235d130204772808d133e528b8ad7,2026-03-02T02:26:11Z,1,Game recognizes game,8a73ed7709ca4a4dbd48680e93c32572
spotify:track:5iHK8VI9XkJJdXQHCBXeM4,fa6235d130204772808d133e528b8ad7,2026-03-02T02:26:11Z,1,This is a cool pull because it is doing a very specific type of millennialcore white person music,8a73ed7709ca4a4dbd48680e93c32572
spotify:track:7wLShogStyDeZvL0a6daN5,fa6235d130204772808d133e528b8ad7,2026-03-02T02:26:11Z,0,Great song. But isn’t this album sort meant to make the case that country music is in fact black people music?,8a73ed7709ca4a4dbd48680e93c32572
spotify:track:1t2Hq2WIBcZINOEnK6mdJG,699c7b228f3b436880363c6d92c3976f,2026-03-02T03:26:49Z,1,,8a73ed7709ca4a4dbd48680e93c32572
spotify:track:2grjqo0Frpf2okIBiifQKs,699c7b228f3b436880363c6d92c3976f,2026-03-02T03:26:49Z,0,"I love this song, but no way that a Motown classic is ""white people music""",8a73ed7709ca4a4dbd48680e93c32572
spotify:track:2u2udGmop1z67EPpr91km7,699c7b228f3b436880363c6d92c3976f,2026-03-02T03:26:49Z,0,"Not ""white people"" music just because white people enjoy it.",8a73ed7709ca4a4dbd48680e93c32572
spotify:track:37GWhu8R61gTStMvVQfDuE,699c7b228f3b436880363c6d92c3976f,2026-03-02T03:26:49Z,2,This guy nails the category.,8a73ed7709ca4a4dbd48680e93c32572
spotify:track:6R0bcXWtIVRm0qHN1LkZ3S,699c7b228f3b436880363c6d92c3976f,2026-03-02T03:26:49Z,1,,8a73ed7709ca4a4dbd48680e93c32572
spotify:track:7wLShogStyDeZvL0a6daN5,699c7b228f3b436880363c6d92c3976f,2026-03-02T03:26:49Z,-1,"The ""lusty cowgirl"" trope is cringe. No way the local madame would put up with the competition. ",8a73ed7709ca4a4dbd48680e93c32572
spotify:track:5JlH51YDYsGj2dyEJKKjcN,80a489147c544db5a53c5cede65c4617,2026-03-02T03:31:53Z,1,You would never even kind of guess this was a black guy. Mission success,8a73ed7709ca4a4dbd48680e93c32572
spotify:track:1t2Hq2WIBcZINOEnK6mdJG,80a489147c544db5a53c5cede65c4617,2026-03-02T03:31:53Z,0,"Unmemorable, underwhelming ",8a73ed7709ca4a4dbd48680e93c32572
spotify:track:7wLShogStyDeZvL0a6daN5,80a489147c544db5a53c5cede65c4617,2026-03-02T03:31:53Z,0,Halfhearted and lame,8a73ed7709ca4a4dbd48680e93c32572
spotify:track:6R0bcXWtIVRm0qHN1LkZ3S,80a489147c544db5a53c5cede65c4617,2026-03-02T03:31:53Z,1,Zeppelin worship classic rock slop is extremely white. The fact that the vocals sound slightly black is a nice twist,8a73ed7709ca4a4dbd48680e93c32572
spotify:track:2grjqo0Frpf2okIBiifQKs,80a489147c544db5a53c5cede65c4617,2026-03-02T03:31:53Z,-1,"This doesn’t seem especially white coded, musically or culturally ",8a73ed7709ca4a4dbd48680e93c32572
spotify:track:2u2udGmop1z67EPpr91km7,80a489147c544db5a53c5cede65c4617,2026-03-02T03:31:53Z,0,"Absolutely banger. Not white coded enough to be a winner, but so great",8a73ed7709ca4a4dbd48680e93c32572
spotify:track:351BPAfCvuF6NWpQUSzE86,80a489147c544db5a53c5cede65c4617,2026-03-02T03:31:53Z,1,Straightforward and great read,8a73ed7709ca4a4dbd48680e93c32572
spotify:track:0gHSwPpnHuLn66mtN3wnd4,80a489147c544db5a53c5cede65c4617,2026-03-02T03:31:53Z,1,,8a73ed7709ca4a4dbd48680e93c32572
spotify:track:5iHK8VI9XkJJdXQHCBXeM4,80a489147c544db5a53c5cede65c4617,2026-03-02T03:31:53Z,0,I was not sold initially but ended up quite enjoying this. Rough around the edges but some cool ideas,8a73ed7709ca4a4dbd48680e93c32572
spotify:track:7wLShogStyDeZvL0a6daN5,b3c43885f6ce4e8b861545158a22b7a2,2026-03-02T10:55:24Z,1,,8a73ed7709ca4a4dbd48680e93c32572
spotify:track:2u2udGmop1z67EPpr91km7,b3c43885f6ce4e8b861545158a22b7a2,2026-03-02T10:55:24Z,1,,8a73ed7709ca4a4dbd48680e93c32572
spotify:track:2yA8IDsiXwHOaMpF90AnvX,b3c43885f6ce4e8b861545158a22b7a2,2026-03-02T10:55:24Z,1,,8a73ed7709ca4a4dbd48680e93c32572
spotify:track:5JlH51YDYsGj2dyEJKKjcN,b3c43885f6ce4e8b861545158a22b7a2,2026-03-02T10:55:24Z,1,,8a73ed7709ca4a4dbd48680e93c32572
spotify:track:6R0bcXWtIVRm0qHN1LkZ3S,b3c43885f6ce4e8b861545158a22b7a2,2026-03-02T10:55:24Z,-1,,8a73ed7709ca4a4dbd48680e93c32572
spotify:track:1t2Hq2WIBcZINOEnK6mdJG,186a2ad76f584596a0a2335eae709d6c,2026-03-02T15:06:38Z,1,Mmmm feeling so white ,8a73ed7709ca4a4dbd48680e93c32572
spotify:track:2yA8IDsiXwHOaMpF90AnvX,186a2ad76f584596a0a2335eae709d6c,2026-03-02T15:06:38Z,1,,8a73ed7709ca4a4dbd48680e93c32572
spotify:track:37GWhu8R61gTStMvVQfDuE,186a2ad76f584596a0a2335eae709d6c,2026-03-02T15:06:38Z,1,Would have bet my whole family against this dude not being white ,8a73ed7709ca4a4dbd48680e93c32572
spotify:track:5JlH51YDYsGj2dyEJKKjcN,186a2ad76f584596a0a2335eae709d6c,2026-03-02T15:06:38Z,1,Compelled by the Spirit ,8a73ed7709ca4a4dbd48680e93c32572
spotify:track:7wLShogStyDeZvL0a6daN5,186a2ad76f584596a0a2335eae709d6c,2026-03-02T15:06:38Z,-1,Too ironic 😘 ,8a73ed7709ca4a4dbd48680e93c32572
spotify:track:7wLShogStyDeZvL0a6daN5,fc418ffeadb64c3f8e93a25fb942984f,2026-03-02T17:10:52Z,-1,Just doesn’t seem like real country,8a73ed7709ca4a4dbd48680e93c32572
spotify:track:0b4TKuvZ4eJ8eHgJgXaCnN,fc418ffeadb64c3f8e93a25fb942984f,2026-03-02T17:10:52Z,1,,8a73ed7709ca4a4dbd48680e93c32572
spotify:track:2yA8IDsiXwHOaMpF90AnvX,fc418ffeadb64c3f8e93a25fb942984f,2026-03-02T17:10:52Z,1,I considered Mon Rovîa too!,8a73ed7709ca4a4dbd48680e93c32572
spotify:track:351BPAfCvuF6NWpQUSzE86,fc418ffeadb64c3f8e93a25fb942984f,2026-03-02T17:10:52Z,1,I considered submitted a black opera singer singing a Western aria… this fits the theme!,8a73ed7709ca4a4dbd48680e93c32572
spotify:track:5JlH51YDYsGj2dyEJKKjcN,fc418ffeadb64c3f8e93a25fb942984f,2026-03-02T17:10:52Z,1,I also considered Darius Rucker… kudos,8a73ed7709ca4a4dbd48680e93c32572
spotify:track:5iHK8VI9XkJJdXQHCBXeM4,98739434088f411e9e1918725eedb295,2026-03-02T17:25:14Z,0,Definitely shocked to learn that this is a black singer.  Alternative is a pretty white genre.,8a73ed7709ca4a4dbd48680e93c32572
spotify:track:5JlH51YDYsGj2dyEJKKjcN,98739434088f411e9e1918725eedb295,2026-03-02T17:25:14Z,1,Doesn't really get whiter than country pop rock.  A solid pick.,8a73ed7709ca4a4dbd48680e93c32572
spotify:track:6R0bcXWtIVRm0qHN1LkZ3S,98739434088f411e9e1918725eedb295,2026-03-02T17:25:14Z,1,EXCELLENT PICK.  Shocked this is a black band.,8a73ed7709ca4a4dbd48680e93c32572
spotify:track:0b4TKuvZ4eJ8eHgJgXaCnN,98739434088f411e9e1918725eedb295,2026-03-02T17:25:14Z,1,"It's good you're self-aware, Joseph.",8a73ed7709ca4a4dbd48680e93c32572
spotify:track:2grjqo0Frpf2okIBiifQKs,98739434088f411e9e1918725eedb295,2026-03-02T17:25:14Z,0,A little too obvious of a submission.  I don't think I'd classify motown - though it had favor among the white folk - as white people music.,8a73ed7709ca4a4dbd48680e93c32572
spotify:track:2u2udGmop1z67EPpr91km7,98739434088f411e9e1918725eedb295,2026-03-02T17:25:14Z,-1,"Considering how all of my black students love michael jackson, i find it very hard to qualify his music as ""white people music""",8a73ed7709ca4a4dbd48680e93c32572
spotify:track:351BPAfCvuF6NWpQUSzE86,98739434088f411e9e1918725eedb295,2026-03-02T17:25:14Z,0,"I'm not sure I'd call this ""white people music"" ... could easily be a AfAm. spiritual.",8a73ed7709ca4a4dbd48680e93c32572
spotify:track:37GWhu8R61gTStMvVQfDuE,98739434088f411e9e1918725eedb295,2026-03-02T17:25:14Z,1,"Black people playing country? Lil Nas X was not the first to do it, folks.",8a73ed7709ca4a4dbd48680e93c32572
spotify:track:0byOqNZN9ailhoORv5Ps0Z,699c7b228f3b436880363c6d92c3976f,2026-03-04T22:26:44Z,3,This fits the category to a tee and the lyrics are great. ,7c0cf6b78d354861b24eba793392c0f8
spotify:track:18L7Wu5zpWR5SH95apWaGk,699c7b228f3b436880363c6d92c3976f,2026-03-04T22:26:44Z,0,I think yearny songs aren't quite the vibe ,7c0cf6b78d354861b24eba793392c0f8
spotify:track:1tfZtA15BfJHQTUy3dqTKC,699c7b228f3b436880363c6d92c3976f,2026-03-04T22:26:44Z,0,See comment on the above sound ,7c0cf6b78d354861b24eba793392c0f8
spotify:track:2PpruBYCo4H7WOBJ7Q2EwM,699c7b228f3b436880363c6d92c3976f,2026-03-04T22:26:44Z,0,"I couldn't hear the sad lyrics over the ""yaAaAaAaA""",7c0cf6b78d354861b24eba793392c0f8
spotify:track:3kb38wezoUA8ki5jPYy3t5,699c7b228f3b436880363c6d92c3976f,2026-03-04T22:26:44Z,0,Fits category. Good beat,7c0cf6b78d354861b24eba793392c0f8
spotify:track:42et6fnHCw1HIPSrdPprMl,699c7b228f3b436880363c6d92c3976f,2026-03-04T22:26:44Z,1,Fits category and is well done,7c0cf6b78d354861b24eba793392c0f8
spotify:track:4CsTkNvkwQLel6sxQqrXSj,699c7b228f3b436880363c6d92c3976f,2026-03-04T22:26:44Z,0,Not particularly happy sounding ,7c0cf6b78d354861b24eba793392c0f8
spotify:track:5oQcOu1omDykbIPSdSQQNJ,699c7b228f3b436880363c6d92c3976f,2026-03-04T22:26:44Z,0,Is this sad? Sometimes dreams have to die.,7c0cf6b78d354861b24eba793392c0f8
spotify:track:5P92RS2Q8IFbcL5PP9mUuO,699c7b228f3b436880363c6d92c3976f,2026-03-04T22:26:44Z,-1,Doesn't sound happy to me,7c0cf6b78d354861b24eba793392c0f8
spotify:track:0byOqNZN9ailhoORv5Ps0Z,f53f0969b04049b5ba39a303ebb3e987,2026-03-05T02:21:38Z,1,"Excellent pick, we need more S&G in Music League",7c0cf6b78d354861b24eba793392c0f8
spotify:track:0lnxrQAd9ZxbhBBe7d8FO8,f53f0969b04049b5ba39a303ebb3e987,2026-03-05T02:21:38Z,1,"Wow, this really nails it. Memento Mori.",7c0cf6b78d354861b24eba793392c0f8
spotify:track:18L7Wu5zpWR5SH95apWaGk,f53f0969b04049b5ba39a303ebb3e987,2026-03-05T02:21:38Z,0,The romance songs don't impress me,7c0cf6b78d354861b24eba793392c0f8
spotify:track:1tfZtA15BfJHQTUy3dqTKC,f53f0969b04049b5ba39a303ebb3e987,2026-03-05T02:21:38Z,0,The romance songs don't impress me,7c0cf6b78d354861b24eba793392c0f8
spotify:track:2PpruBYCo4H7WOBJ7Q2EwM,f53f0969b04049b5ba39a303ebb3e987,2026-03-05T02:21:38Z,0,Starts strong but the end ruins it for this category,7c0cf6b78d354861b24eba793392c0f8
spotify:track:42et6fnHCw1HIPSrdPprMl,f53f0969b04049b5ba39a303ebb3e987,2026-03-05T02:21:38Z,1,Wonderful,7c0cf6b78d354861b24eba793392c0f8
spotify:track:4CsTkNvkwQLel6sxQqrXSj,f53f0969b04049b5ba39a303ebb3e987,2026-03-05T02:21:38Z,0,good song,7c0cf6b78d354861b24eba793392c0f8
spotify:track:500Tkm3vJmVtdUwdCVxCTb,f53f0969b04049b5ba39a303ebb3e987,2026-03-05T02:21:38Z,0,I'm assuming Judd is responsible for this Gen X slop,7c0cf6b78d354861b24eba793392c0f8
spotify:track:5oQcOu1omDykbIPSdSQQNJ,f53f0969b04049b5ba39a303ebb3e987,2026-03-05T02:21:38Z,0,I love Bowling For Soup,7c0cf6b78d354861b24eba793392c0f8
spotify:track:5P92RS2Q8IFbcL5PP9mUuO,f53f0969b04049b5ba39a303ebb3e987,2026-03-05T02:21:38Z,-1,Downright wistful!,7c0cf6b78d354861b24eba793392c0f8
spotify:track:5xuE7vS3WZAmLVvGpP1vSo,f53f0969b04049b5ba39a303ebb3e987,2026-03-05T02:21:38Z,1,"Fantastic! The real ones will hear the word ""stimela"" in here",7c0cf6b78d354861b24eba793392c0f8
spotify:track:0byOqNZN9ailhoORv5Ps0Z,80a489147c544db5a53c5cede65c4617,2026-03-05T03:10:21Z,0,Is this sad or stoic/dead inside,7c0cf6b78d354861b24eba793392c0f8
spotify:track:0lnxrQAd9ZxbhBBe7d8FO8,80a489147c544db5a53c5cede65c4617,2026-03-05T03:10:21Z,0,No song that is 90% obnoxious nonsense words could be that sad,7c0cf6b78d354861b24eba793392c0f8
spotify:track:18L7Wu5zpWR5SH95apWaGk,80a489147c544db5a53c5cede65c4617,2026-03-05T03:10:21Z,2,"This is it. The heartbreak is palpable and it manages to make the sweetness, which could otherwise be happy, intensify the sadness. Masterful",7c0cf6b78d354861b24eba793392c0f8
spotify:track:1tfZtA15BfJHQTUy3dqTKC,80a489147c544db5a53c5cede65c4617,2026-03-05T03:10:21Z,0,This is following the tropes of a certain kind of pop song closely enough that it doesn’t feel truly or authentically sad. I don’t feel like I’m hearing about a real human experience. ,7c0cf6b78d354861b24eba793392c0f8
spotify:track:2PpruBYCo4H7WOBJ7Q2EwM,80a489147c544db5a53c5cede65c4617,2026-03-05T03:10:21Z,0,Not especially happy sounding,7c0cf6b78d354861b24eba793392c0f8
spotify:track:3kb38wezoUA8ki5jPYy3t5,80a489147c544db5a53c5cede65c4617,2026-03-05T03:10:21Z,0,Lyrics are not sad enough,7c0cf6b78d354861b24eba793392c0f8
spotify:track:42et6fnHCw1HIPSrdPprMl,80a489147c544db5a53c5cede65c4617,2026-03-05T03:10:21Z,1,Masterful read,7c0cf6b78d354861b24eba793392c0f8
spotify:track:4CsTkNvkwQLel6sxQqrXSj,80a489147c544db5a53c5cede65c4617,2026-03-05T03:10:21Z,0,In order for a song to sound happy it needs to sound like anything at all,7c0cf6b78d354861b24eba793392c0f8
spotify:track:5oQcOu1omDykbIPSdSQQNJ,80a489147c544db5a53c5cede65c4617,2026-03-05T03:10:21Z,1,Phenomenal song and captures this well. Makes the nostalgia seem depressing,7c0cf6b78d354861b24eba793392c0f8
spotify:track:5xuE7vS3WZAmLVvGpP1vSo,80a489147c544db5a53c5cede65c4617,2026-03-05T03:10:21Z,0,Refuse to translate,7c0cf6b78d354861b24eba793392c0f8
spotify:track:6cG3kY60HMcFqiZN8frkXF,80a489147c544db5a53c5cede65c4617,2026-03-05T03:10:21Z,-1,Truly awful,7c0cf6b78d354861b24eba793392c0f8
spotify:track:0byOqNZN9ailhoORv5Ps0Z,c1b6888dec1e4113b65883ad590d3969,2026-03-05T13:42:57Z,0,"
",7c0cf6b78d354861b24eba793392c0f8
spotify:track:0lnxrQAd9ZxbhBBe7d8FO8,c1b6888dec1e4113b65883ad590d3969,2026-03-05T13:42:57Z,1,How dare you steal my selection for either “what did he say” or “songs to die to”,7c0cf6b78d354861b24eba793392c0f8
spotify:track:2PpruBYCo4H7WOBJ7Q2EwM,c1b6888dec1e4113b65883ad590d3969,2026-03-05T13:42:57Z,1,,7c0cf6b78d354861b24eba793392c0f8
spotify:track:4CsTkNvkwQLel6sxQqrXSj,c1b6888dec1e4113b65883ad590d3969,2026-03-05T13:42:57Z,1,,7c0cf6b78d354861b24eba793392c0f8
spotify:track:5xuE7vS3WZAmLVvGpP1vSo,c1b6888dec1e4113b65883ad590d3969,2026-03-05T13:42:57Z,-1,,7c0cf6b78d354861b24eba793392c0f8
spotify:track:6cG3kY60HMcFqiZN8frkXF,c1b6888dec1e4113b65883ad590d3969,2026-03-05T13:42:57Z,1,,7c0cf6b78d354861b24eba793392c0f8
spotify:track:0byOqNZN9ailhoORv5Ps0Z,0f4f7275b1234127a43771293d707c5c,2026-03-05T19:24:09Z,0,"The guitar riff oddly reminds me of Deja Vu by Olivia Rodrigo lol 

The words are almost coming through too clearly for the happy song disguise to be effective but I’m so glad for a S&G submission ",7c0cf6b78d354861b24eba793392c0f8
spotify:track:0lnxrQAd9ZxbhBBe7d8FO8,0f4f7275b1234127a43771293d707c5c,2026-03-05T19:24:09Z,1,This is one of the stronger submissions imo ,7c0cf6b78d354861b24eba793392c0f8
spotify:track:18L7Wu5zpWR5SH95apWaGk,0f4f7275b1234127a43771293d707c5c,2026-03-05T19:24:09Z,2,"Oof good one 
“Songs that people sing to babies that are morbid” is its own category within this lowkey ",7c0cf6b78d354861b24eba793392c0f8
spotify:track:1tfZtA15BfJHQTUy3dqTKC,0f4f7275b1234127a43771293d707c5c,2026-03-05T19:24:09Z,-1,Not really sad in the way I was looking for here. I think the music goes with the meaning.,7c0cf6b78d354861b24eba793392c0f8
spotify:track:2PpruBYCo4H7WOBJ7Q2EwM,0f4f7275b1234127a43771293d707c5c,2026-03-05T19:24:09Z,0,There’s a version of this from The Voice Holland that she sings it sadly too. I recommend.,7c0cf6b78d354861b24eba793392c0f8
spotify:track:5oQcOu1omDykbIPSdSQQNJ,0f4f7275b1234127a43771293d707c5c,2026-03-05T19:24:09Z,0,I liked this take but doesn’t seem sad enough ,7c0cf6b78d354861b24eba793392c0f8
spotify:track:5xuE7vS3WZAmLVvGpP1vSo,0f4f7275b1234127a43771293d707c5c,2026-03-05T19:24:09Z,1,I have heard this lmao I think mens choir did it in college and I didn’t know the context which is indeed sad. Me gusta the song.,7c0cf6b78d354861b24eba793392c0f8
spotify:track:6cG3kY60HMcFqiZN8frkXF,0f4f7275b1234127a43771293d707c5c,2026-03-05T19:24:09Z,0,I liked this angle but the song itself is sorta insufferable so I can’t vote for it from a musical standpoint ,7c0cf6b78d354861b24eba793392c0f8
spotify:track:0byOqNZN9ailhoORv5Ps0Z,9800e906592547f4ab0717aa56097b49,2026-03-05T21:33:02Z,0,"To me this song sounds upbeat, but not happy. I have a lot of arbitrary conditions for this round, and you're gonna have to deal with them. I think the vibe here makes it clear it's not happy, truly. ",7c0cf6b78d354861b24eba793392c0f8
spotify:track:0lnxrQAd9ZxbhBBe7d8FO8,9800e906592547f4ab0717aa56097b49,2026-03-05T21:33:02Z,1,"This is the only one of the ones I had heard where I had no idea it was a sad song. To be fair, that's mostly because you can't understand a single thing they're saying. But, I would never have guessed for many reasons. It wins the vote easily. ",7c0cf6b78d354861b24eba793392c0f8
spotify:track:18L7Wu5zpWR5SH95apWaGk,9800e906592547f4ab0717aa56097b49,2026-03-05T21:33:02Z,0,"A great pick I just liked others more. I feel like people know this is sad but they forget anyway, which is a good hallmark for the round.  ",7c0cf6b78d354861b24eba793392c0f8
spotify:track:1tfZtA15BfJHQTUy3dqTKC,9800e906592547f4ab0717aa56097b49,2026-03-05T21:33:02Z,0,"I love to hate and hate to love this song. It fits though, I can't argue with that. ",7c0cf6b78d354861b24eba793392c0f8
spotify:track:2PpruBYCo4H7WOBJ7Q2EwM,9800e906592547f4ab0717aa56097b49,2026-03-05T21:33:02Z,1,"The archetypal submission. I think this fits in a particular way because it's self aware. Literally critiquing that you can make a beat so good people ignore the message, or, as they say ""Y'all don't want to hear me, you just wanna dance.""",7c0cf6b78d354861b24eba793392c0f8
spotify:track:3kb38wezoUA8ki5jPYy3t5,9800e906592547f4ab0717aa56097b49,2026-03-05T21:33:02Z,1,"Perfect submission, stolen from me. Congrats Sammy. Truly one of the best songs of the 2010s. I used to listen to this on repeat in my dorm senior year. To me, this song is like Jimmy Johns. Sometimes you think you don't want it, but then as soon as you take the first bite, you realize you were wrong. I have never listened to this without enjoying it. ",7c0cf6b78d354861b24eba793392c0f8
spotify:track:42et6fnHCw1HIPSrdPprMl,9800e906592547f4ab0717aa56097b49,2026-03-05T21:33:02Z,1,"Again, a perfect song. Doesn't get better than this. Should be in a time capsule of the 90s. Similar to Hey Ya, you can hear the whole thing, and never even think about the actual lyrics. ",7c0cf6b78d354861b24eba793392c0f8
spotify:track:4CsTkNvkwQLel6sxQqrXSj,9800e906592547f4ab0717aa56097b49,2026-03-05T21:33:02Z,-1,This didn't sound all that happy to me...,7c0cf6b78d354861b24eba793392c0f8
spotify:track:500Tkm3vJmVtdUwdCVxCTb,9800e906592547f4ab0717aa56097b49,2026-03-05T21:33:02Z,0,"I have heard this song maybe 100+ times and it was only deep in my review for this round that it even hit me that it's actually sad. Obvious on a re-listen, but I think that's what makes it great. You don't even care enough to notice, because it's so happy-sounding. ",7c0cf6b78d354861b24eba793392c0f8
spotify:track:5oQcOu1omDykbIPSdSQQNJ,9800e906592547f4ab0717aa56097b49,2026-03-05T21:33:02Z,0,"If you made this song today with the same ""age gap"" between it's release and 1985, it would be about 2007. Inspired pick, just so very narrowly beat by Hey Ya for me.",7c0cf6b78d354861b24eba793392c0f8
spotify:track:5P92RS2Q8IFbcL5PP9mUuO,9800e906592547f4ab0717aa56097b49,2026-03-05T21:33:02Z,0,"I like the instrumentals in this, but otherwise didn't speak to me",7c0cf6b78d354861b24eba793392c0f8
spotify:track:5xuE7vS3WZAmLVvGpP1vSo,9800e906592547f4ab0717aa56097b49,2026-03-05T21:33:02Z,0,"I ain't translating that. Banger though. 
There's something deeper here though, similar to American slave songs.",7c0cf6b78d354861b24eba793392c0f8
spotify:track:6cG3kY60HMcFqiZN8frkXF,9800e906592547f4ab0717aa56097b49,2026-03-05T21:33:02Z,0,"This one is a bit too obvious. I like when the title doesn't give it away. Did briefly consider submitting ""Sell Out"" tho. ",7c0cf6b78d354861b24eba793392c0f8
spotify:track:0byOqNZN9ailhoORv5Ps0Z,fa6235d130204772808d133e528b8ad7,2026-03-06T03:52:35Z,1,"Listening to the lyrics closely this go around, I was struck by this one. It’s more bleak than I think I’d realized previously ",7c0cf6b78d354861b24eba793392c0f8
spotify:track:18L7Wu5zpWR5SH95apWaGk,fa6235d130204772808d133e528b8ad7,2026-03-06T03:52:35Z,1,"Yeah, okay, this one is a good fit",7c0cf6b78d354861b24eba793392c0f8
spotify:track:2PpruBYCo4H7WOBJ7Q2EwM,fa6235d130204772808d133e528b8ad7,2026-03-06T03:52:35Z,0,"I feel like this is the obvious example of this category that everyone knows about, and therefore I have deemed it too obvious for a vote even though it’s a generational track ",7c0cf6b78d354861b24eba793392c0f8
spotify:track:3kb38wezoUA8ki5jPYy3t5,fa6235d130204772808d133e528b8ad7,2026-03-06T03:52:35Z,1,"Feels like an Eddie pick? This was perhaps the one this round I was most surprised by—that is, I really hadn’t ever listened to the lyrics carefully so I had no idea how sad it was",7c0cf6b78d354861b24eba793392c0f8
spotify:track:42et6fnHCw1HIPSrdPprMl,fa6235d130204772808d133e528b8ad7,2026-03-06T03:52:35Z,1,"It’s just such a phenomenal fit for the category, not to mention an incredible song. Would’ve submitted it myself if I hadn’t been beaten to the punch. A part of me thinks that if this really is the same one everyone else wanted to submit, maybe it’s too obvious a choice. But it’s too perfect not to vote",7c0cf6b78d354861b24eba793392c0f8
spotify:track:5oQcOu1omDykbIPSdSQQNJ,fa6235d130204772808d133e528b8ad7,2026-03-06T03:52:35Z,0,I’ve loved this song for decades and tbh I’ve never actually found it super sad. I feel like it’s okay to be a little too fond of the movies and music of your youth. But I almost want to give it a vote just for the massive serotonin hit I got when it came on,7c0cf6b78d354861b24eba793392c0f8
spotify:track:5P92RS2Q8IFbcL5PP9mUuO,fa6235d130204772808d133e528b8ad7,2026-03-06T03:52:35Z,-1,"Sorry, this just isn’t distinctly happy sounding enough imo. A couple chords in I was already pretty sure this was gonna be my downvote",7c0cf6b78d354861b24eba793392c0f8
spotify:track:0lnxrQAd9ZxbhBBe7d8FO8,6d8e32d102054531811ff5c8a625977c,2026-03-06T06:17:03Z,0,Indeed I just assumed this song was about something happy and never paid any attention to the lyrics ,7c0cf6b78d354861b24eba793392c0f8
spotify:track:18L7Wu5zpWR5SH95apWaGk,6d8e32d102054531811ff5c8a625977c,2026-03-06T06:17:03Z,0,Does not sound happy (except maybe the chorus),7c0cf6b78d354861b24eba793392c0f8
spotify:track:1tfZtA15BfJHQTUy3dqTKC,6d8e32d102054531811ff5c8a625977c,2026-03-06T06:17:03Z,1,"I almost skipped voting for this because it seems like perhaps the most obvious submission for the category (it was the first one I thought of but it was already swiped). But upon relisten I can’t resist voting, it really is perfect for this. Such an incredible bop and it’s funny because it doesn’t even try to disguise how agonized the lyrics are, it wears the discordance on its sleeve ",7c0cf6b78d354861b24eba793392c0f8
spotify:track:2PpruBYCo4H7WOBJ7Q2EwM,6d8e32d102054531811ff5c8a625977c,2026-03-06T06:17:03Z,1,"This is a brilliant submission. The very first listen sort of made me do a double take because I was confused what it was doing on this playlist, has to be rewarded.",7c0cf6b78d354861b24eba793392c0f8
spotify:track:3kb38wezoUA8ki5jPYy3t5,6d8e32d102054531811ff5c8a625977c,2026-03-06T06:17:03Z,0,"Does not sound distinctly happy. However Eddie you never fail to remind me of totally forgotten songs I used to hear on Atlanta’s mid-2010s alternative rock radio station, and for that I thank you ",7c0cf6b78d354861b24eba793392c0f8
spotify:track:500Tkm3vJmVtdUwdCVxCTb,6d8e32d102054531811ff5c8a625977c,2026-03-06T06:17:03Z,1,,7c0cf6b78d354861b24eba793392c0f8
spotify:track:5oQcOu1omDykbIPSdSQQNJ,6d8e32d102054531811ff5c8a625977c,2026-03-06T06:17:03Z,-1,Up-tempo is not the same thing as sounding happy and this song actually sounds somewhat tortured ,7c0cf6b78d354861b24eba793392c0f8
spotify:track:5P92RS2Q8IFbcL5PP9mUuO,6d8e32d102054531811ff5c8a625977c,2026-03-06T06:17:03Z,0,"I really really enjoyed this but it doesn’t really hit the mark as far as sounding happy, kind of emotionally neutral in terms of sound ",7c0cf6b78d354861b24eba793392c0f8
spotify:track:6cG3kY60HMcFqiZN8frkXF,6d8e32d102054531811ff5c8a625977c,2026-03-06T06:17:03Z,1,Brad you like cool songs I’m glad ur in music league ,7c0cf6b78d354861b24eba793392c0f8
spotify:track:0byOqNZN9ailhoORv5Ps0Z,98739434088f411e9e1918725eedb295,2026-03-06T11:03:18Z,1,"I never knew the lyrics, but it definitely sounds triumphant until you read the lyrics.  Good pull.",7c0cf6b78d354861b24eba793392c0f8
spotify:track:0lnxrQAd9ZxbhBBe7d8FO8,98739434088f411e9e1918725eedb295,2026-03-06T11:03:18Z,1,,7c0cf6b78d354861b24eba793392c0f8
spotify:track:18L7Wu5zpWR5SH95apWaGk,98739434088f411e9e1918725eedb295,2026-03-06T11:03:18Z,0,I'm not sure this one *sounds* happy.  ,7c0cf6b78d354861b24eba793392c0f8
spotify:track:1tfZtA15BfJHQTUy3dqTKC,98739434088f411e9e1918725eedb295,2026-03-06T11:03:18Z,0,I thought about submitting this one.,7c0cf6b78d354861b24eba793392c0f8
spotify:track:2PpruBYCo4H7WOBJ7Q2EwM,98739434088f411e9e1918725eedb295,2026-03-06T11:03:18Z,0,The quintessence of this kind of song.  But I'm afraid it's too obvious.,7c0cf6b78d354861b24eba793392c0f8
spotify:track:3kb38wezoUA8ki5jPYy3t5,98739434088f411e9e1918725eedb295,2026-03-06T11:03:18Z,0,"Didn't much care for the song, but definitely fits the bill.  Just ran out of votes.",7c0cf6b78d354861b24eba793392c0f8
spotify:track:4CsTkNvkwQLel6sxQqrXSj,98739434088f411e9e1918725eedb295,2026-03-06T11:03:18Z,0,"Maybe it's the guy's voice, but this song never really sounded happy.  ",7c0cf6b78d354861b24eba793392c0f8
spotify:track:500Tkm3vJmVtdUwdCVxCTb,98739434088f411e9e1918725eedb295,2026-03-06T11:03:18Z,1,Excellent pick,7c0cf6b78d354861b24eba793392c0f8
spotify:track:5oQcOu1omDykbIPSdSQQNJ,98739434088f411e9e1918725eedb295,2026-03-06T11:03:18Z,1,"Wow, did not expect BFS.  Tremendous pull.  This song is definitely depressing.",7c0cf6b78d354861b24eba793392c0f8
spotify:track:5P92RS2Q8IFbcL5PP9mUuO,98739434088f411e9e1918725eedb295,2026-03-06T11:03:18Z,0,"This is the least happy sounding song on the playlist.  Gives me chicago vibes, though.",7c0cf6b78d354861b24eba793392c0f8
spotify:track:5xuE7vS3WZAmLVvGpP1vSo,98739434088f411e9e1918725eedb295,2026-03-06T11:03:18Z,-1,"Man, it was hard to downvote this song.  But a song of encouragement and perseverance isn't sad.  Maybe the situation is depressing but the song sure isn't.  Sorry.",7c0cf6b78d354861b24eba793392c0f8
spotify:track:6cG3kY60HMcFqiZN8frkXF,98739434088f411e9e1918725eedb295,2026-03-06T11:03:18Z,0,"People are going to think i submitted this, but really I didn't because he's better off without her.",7c0cf6b78d354861b24eba793392c0f8
spotify:track:0byOqNZN9ailhoORv5Ps0Z,c8e8de6d21ac4bfba566bc0a8eeef629,2026-03-06T15:12:47Z,0,"Such a great song about a badass, but not happy enough for me. ",7c0cf6b78d354861b24eba793392c0f8
spotify:track:0lnxrQAd9ZxbhBBe7d8FO8,c8e8de6d21ac4bfba566bc0a8eeef629,2026-03-06T15:12:47Z,0,Awesome happy song that I don’t find that sad. ,7c0cf6b78d354861b24eba793392c0f8
spotify:track:1tfZtA15BfJHQTUy3dqTKC,c8e8de6d21ac4bfba566bc0a8eeef629,2026-03-06T15:12:47Z,1,,7c0cf6b78d354861b24eba793392c0f8
spotify:track:3kb38wezoUA8ki5jPYy3t5,c8e8de6d21ac4bfba566bc0a8eeef629,2026-03-06T15:12:47Z,1,,7c0cf6b78d354861b24eba793392c0f8
spotify:track:42et6fnHCw1HIPSrdPprMl,c8e8de6d21ac4bfba566bc0a8eeef629,2026-03-06T15:12:47Z,1,,7c0cf6b78d354861b24eba793392c0f8
spotify:track:4CsTkNvkwQLel6sxQqrXSj,c8e8de6d21ac4bfba566bc0a8eeef629,2026-03-06T15:12:47Z,-1,Not happy,7c0cf6b78d354861b24eba793392c0f8
spotify:track:500Tkm3vJmVtdUwdCVxCTb,c8e8de6d21ac4bfba566bc0a8eeef629,2026-03-06T15:12:47Z,1,Any Blues Traveler song will get me vote no matter the round. ,7c0cf6b78d354861b24eba793392c0f8
spotify:track:5oQcOu1omDykbIPSdSQQNJ,c8e8de6d21ac4bfba566bc0a8eeef629,2026-03-06T15:12:47Z,0,"Sad song until I think about teenagers not thinking their mom is cool. That’s not sad, that’s right and just. ",7c0cf6b78d354861b24eba793392c0f8
spotify:track:5P92RS2Q8IFbcL5PP9mUuO,c8e8de6d21ac4bfba566bc0a8eeef629,2026-03-06T15:12:47Z,0,Not a happy song,7c0cf6b78d354861b24eba793392c0f8
spotify:track:5xuE7vS3WZAmLVvGpP1vSo,c8e8de6d21ac4bfba566bc0a8eeef629,2026-03-06T15:12:47Z,0,Not a happy sounding song. Just enjoyable. ,7c0cf6b78d354861b24eba793392c0f8
spotify:track:0byOqNZN9ailhoORv5Ps0Z,fc418ffeadb64c3f8e93a25fb942984f,2026-03-06T17:10:02Z,2,,7c0cf6b78d354861b24eba793392c0f8
spotify:track:18L7Wu5zpWR5SH95apWaGk,fc418ffeadb64c3f8e93a25fb942984f,2026-03-06T17:10:02Z,1,,7c0cf6b78d354861b24eba793392c0f8
spotify:track:5xuE7vS3WZAmLVvGpP1vSo,fc418ffeadb64c3f8e93a25fb942984f,2026-03-06T17:10:02Z,1,,7c0cf6b78d354861b24eba793392c0f8
spotify:track:6cG3kY60HMcFqiZN8frkXF,fc418ffeadb64c3f8e93a25fb942984f,2026-03-06T17:10:02Z,-1,,7c0cf6b78d354861b24eba793392c0f8
spotify:track:0byOqNZN9ailhoORv5Ps0Z,b3c43885f6ce4e8b861545158a22b7a2,2026-03-06T17:17:48Z,1,,7c0cf6b78d354861b24eba793392c0f8
spotify:track:18L7Wu5zpWR5SH95apWaGk,b3c43885f6ce4e8b861545158a22b7a2,2026-03-06T17:17:48Z,-1,,7c0cf6b78d354861b24eba793392c0f8
spotify:track:1tfZtA15BfJHQTUy3dqTKC,b3c43885f6ce4e8b861545158a22b7a2,2026-03-06T17:17:48Z,1,,7c0cf6b78d354861b24eba793392c0f8
spotify:track:2PpruBYCo4H7WOBJ7Q2EwM,b3c43885f6ce4e8b861545158a22b7a2,2026-03-06T17:17:48Z,1,,7c0cf6b78d354861b24eba793392c0f8
spotify:track:6cG3kY60HMcFqiZN8frkXF,b3c43885f6ce4e8b861545158a22b7a2,2026-03-06T17:17:48Z,1,,7c0cf6b78d354861b24eba793392c0f8
spotify:track:0yQPpUq5BJyqah5m2Q5Stt,f53f0969b04049b5ba39a303ebb3e987,2026-03-08T03:57:21Z,1,I loved this so much! Truly excellent.,c82991063b18415d886bfbd1b8cead3d
spotify:track:131yybV7A3TmC34a0qE8u8,f53f0969b04049b5ba39a303ebb3e987,2026-03-08T03:57:21Z,1,,c82991063b18415d886bfbd1b8cead3d
spotify:track:1OVSyiY9YkHOq1FzEb94sq,f53f0969b04049b5ba39a303ebb3e987,2026-03-08T03:57:21Z,0,"Very good, probably 5th vote. Misses the vote just because I was already so familiar with it.",c82991063b18415d886bfbd1b8cead3d
spotify:track:2A5mOnstLE15XBgTfcH6ng,f53f0969b04049b5ba39a303ebb3e987,2026-03-08T03:57:21Z,0,Unmemorable,c82991063b18415d886bfbd1b8cead3d
spotify:track:0gwnA1Lqv4mgGCgSSmfgne,f53f0969b04049b5ba39a303ebb3e987,2026-03-08T03:57:21Z,0,"This ain't it, chief",c82991063b18415d886bfbd1b8cead3d
spotify:track:3luT2vvIMe5eeRniWE6mv6,f53f0969b04049b5ba39a303ebb3e987,2026-03-08T03:57:21Z,1,Puffy AmiYumi's stuff on Teen Titans got me hooked on this sort of Japanese music. Will never not love it.,c82991063b18415d886bfbd1b8cead3d
spotify:track:3seuCZizOQmfyUwhbT2KXc,f53f0969b04049b5ba39a303ebb3e987,2026-03-08T03:57:21Z,0,"""So catchy"" 

Really?",c82991063b18415d886bfbd1b8cead3d
spotify:track:3X0yUX34odra8Xd5lL65Uo,f53f0969b04049b5ba39a303ebb3e987,2026-03-08T03:57:21Z,0,Shoulda gona for Stimela again,c82991063b18415d886bfbd1b8cead3d
spotify:track:45eY7Qi2PDUs8WJEhjGWdN,f53f0969b04049b5ba39a303ebb3e987,2026-03-08T03:57:21Z,0,Forgettable,c82991063b18415d886bfbd1b8cead3d
spotify:track:5hqxBvQJ3XJDSbxT9vyyqA,f53f0969b04049b5ba39a303ebb3e987,2026-03-08T03:57:21Z,0,"Sorry, Alex, Peter Fox isn't that good",c82991063b18415d886bfbd1b8cead3d
spotify:track:5w6EvyvomUSWsF430iixmc,f53f0969b04049b5ba39a303ebb3e987,2026-03-08T03:57:21Z,1,City Pop gets the Sammy vote this time around.,c82991063b18415d886bfbd1b8cead3d
spotify:track:6LuOCaMHFBfaR1MLKNHhMA,f53f0969b04049b5ba39a303ebb3e987,2026-03-08T03:57:21Z,0,Unmemorable,c82991063b18415d886bfbd1b8cead3d
spotify:track:7aKs8kWKKau0SDgaeyZMAX,f53f0969b04049b5ba39a303ebb3e987,2026-03-08T03:57:21Z,-1,The only song that I just off out of disgust. Felt like it was 2 hours long.,c82991063b18415d886bfbd1b8cead3d
spotify:track:131yybV7A3TmC34a0qE8u8,699c7b228f3b436880363c6d92c3976f,2026-03-08T03:58:10Z,1,Actually unironically enjoyed this. ,c82991063b18415d886bfbd1b8cead3d
spotify:track:3luT2vvIMe5eeRniWE6mv6,699c7b228f3b436880363c6d92c3976f,2026-03-08T03:58:10Z,-1,Downvoting purely because the cover art is too anime-esque. Admiral Perry made a big mistake ,c82991063b18415d886bfbd1b8cead3d
spotify:track:3X0yUX34odra8Xd5lL65Uo,699c7b228f3b436880363c6d92c3976f,2026-03-08T03:58:10Z,2,Thank you Judd. ,c82991063b18415d886bfbd1b8cead3d
spotify:track:5Vnx5i9VJSZ6ayfK6jncf8,699c7b228f3b436880363c6d92c3976f,2026-03-08T03:58:10Z,0,Like it. ,c82991063b18415d886bfbd1b8cead3d
spotify:track:7aKs8kWKKau0SDgaeyZMAX,699c7b228f3b436880363c6d92c3976f,2026-03-08T03:58:10Z,1,Nice ,c82991063b18415d886bfbd1b8cead3d
spotify:track:0gwnA1Lqv4mgGCgSSmfgne,80a489147c544db5a53c5cede65c4617,2026-03-08T23:36:02Z,0,French is such a cute language,c82991063b18415d886bfbd1b8cead3d
spotify:track:131yybV7A3TmC34a0qE8u8,80a489147c544db5a53c5cede65c4617,2026-03-08T23:36:02Z,-1,What began as an amusing novelty ended as musical torture,c82991063b18415d886bfbd1b8cead3d
spotify:track:1OVSyiY9YkHOq1FzEb94sq,80a489147c544db5a53c5cede65c4617,2026-03-08T23:36:02Z,1,Didn’t know this song was originally in French. It’s a great tune and this rendition sounds great,c82991063b18415d886bfbd1b8cead3d
spotify:track:2A5mOnstLE15XBgTfcH6ng,80a489147c544db5a53c5cede65c4617,2026-03-08T23:36:02Z,0,Listless acoustic pop sounds just as uninspired in German,c82991063b18415d886bfbd1b8cead3d
spotify:track:3seuCZizOQmfyUwhbT2KXc,80a489147c544db5a53c5cede65c4617,2026-03-08T23:36:02Z,0,Bing bom bin bin bing bong bong,c82991063b18415d886bfbd1b8cead3d
spotify:track:45eY7Qi2PDUs8WJEhjGWdN,80a489147c544db5a53c5cede65c4617,2026-03-08T23:36:02Z,0,Hard to listen to. I assumed this must be in Spanish initially but apparently it’s not,c82991063b18415d886bfbd1b8cead3d
spotify:track:5hqxBvQJ3XJDSbxT9vyyqA,80a489147c544db5a53c5cede65c4617,2026-03-08T23:36:02Z,0,Singing in German always sounds gimmicky to me. Even for Germans ,c82991063b18415d886bfbd1b8cead3d
spotify:track:5Vnx5i9VJSZ6ayfK6jncf8,80a489147c544db5a53c5cede65c4617,2026-03-08T23:36:02Z,2,"Before I even realized what this was, the first second had already locked in my vote",c82991063b18415d886bfbd1b8cead3d
spotify:track:5w6EvyvomUSWsF430iixmc,80a489147c544db5a53c5cede65c4617,2026-03-08T23:36:02Z,1,The Japanese really know how to do this kind of thing. The bongos are an interesting addition to this,c82991063b18415d886bfbd1b8cead3d
spotify:track:7aKs8kWKKau0SDgaeyZMAX,80a489147c544db5a53c5cede65c4617,2026-03-08T23:36:02Z,0,There are moments in this that are very nice. Beat out by Japanese jazz fusion,c82991063b18415d886bfbd1b8cead3d
spotify:track:0yQPpUq5BJyqah5m2Q5Stt,c1b6888dec1e4113b65883ad590d3969,2026-03-09T10:01:11Z,1,,c82991063b18415d886bfbd1b8cead3d
spotify:track:2A5mOnstLE15XBgTfcH6ng,c1b6888dec1e4113b65883ad590d3969,2026-03-09T10:01:11Z,1,,c82991063b18415d886bfbd1b8cead3d
spotify:track:3luT2vvIMe5eeRniWE6mv6,c1b6888dec1e4113b65883ad590d3969,2026-03-09T10:01:11Z,1,,c82991063b18415d886bfbd1b8cead3d
spotify:track:3X0yUX34odra8Xd5lL65Uo,c1b6888dec1e4113b65883ad590d3969,2026-03-09T10:01:11Z,1,,c82991063b18415d886bfbd1b8cead3d
spotify:track:7aKs8kWKKau0SDgaeyZMAX,c1b6888dec1e4113b65883ad590d3969,2026-03-09T10:01:11Z,-1,,c82991063b18415d886bfbd1b8cead3d
spotify:track:0gwnA1Lqv4mgGCgSSmfgne,9800e906592547f4ab0717aa56097b49,2026-03-09T15:20:25Z,0,"Sorry, found this very boring",c82991063b18415d886bfbd1b8cead3d
spotify:track:0yQPpUq5BJyqah5m2Q5Stt,9800e906592547f4ab0717aa56097b49,2026-03-09T15:20:25Z,0,"Sorry, found this very boring",c82991063b18415d886bfbd1b8cead3d
spotify:track:131yybV7A3TmC34a0qE8u8,9800e906592547f4ab0717aa56097b49,2026-03-09T15:20:25Z,0,My own song was my fave by far. Not sure why but this was one of my least favorite playlists. ,c82991063b18415d886bfbd1b8cead3d
spotify:track:1OVSyiY9YkHOq1FzEb94sq,9800e906592547f4ab0717aa56097b49,2026-03-09T15:20:25Z,0,"Sorry, found this very boring",c82991063b18415d886bfbd1b8cead3d
spotify:track:2A5mOnstLE15XBgTfcH6ng,9800e906592547f4ab0717aa56097b49,2026-03-09T15:20:25Z,0,"Sorry, found this very boring",c82991063b18415d886bfbd1b8cead3d
spotify:track:3luT2vvIMe5eeRniWE6mv6,9800e906592547f4ab0717aa56097b49,2026-03-09T15:20:25Z,0,I like this style sometimes but this didn't really stand out to me,c82991063b18415d886bfbd1b8cead3d
spotify:track:3seuCZizOQmfyUwhbT2KXc,9800e906592547f4ab0717aa56097b49,2026-03-09T15:20:25Z,0,"Sorry, found this very boring",c82991063b18415d886bfbd1b8cead3d
spotify:track:3X0yUX34odra8Xd5lL65Uo,9800e906592547f4ab0717aa56097b49,2026-03-09T15:20:25Z,1,"Trying to get lightning to strike twice with Hugh Masekela. Not happening like before, but in a field of weak competition, this stood out for sure. ",c82991063b18415d886bfbd1b8cead3d
spotify:track:5hqxBvQJ3XJDSbxT9vyyqA,9800e906592547f4ab0717aa56097b49,2026-03-09T15:20:25Z,-1,"Sorry, but something about German's trying to do hip hop strikes me as deeply deeply unacceptable. I was angry listening to this. ",c82991063b18415d886bfbd1b8cead3d
spotify:track:5Vnx5i9VJSZ6ayfK6jncf8,9800e906592547f4ab0717aa56097b49,2026-03-09T15:20:25Z,1,I am mad that I have to vote for this. Seems too obvious among this group. But it's viral for a reason. ,c82991063b18415d886bfbd1b8cead3d
spotify:track:5w6EvyvomUSWsF430iixmc,9800e906592547f4ab0717aa56097b49,2026-03-09T15:20:25Z,1,Now that's smooth!,c82991063b18415d886bfbd1b8cead3d
spotify:track:6LuOCaMHFBfaR1MLKNHhMA,9800e906592547f4ab0717aa56097b49,2026-03-09T15:20:25Z,0,Just didn't stand out to me,c82991063b18415d886bfbd1b8cead3d
spotify:track:7aKs8kWKKau0SDgaeyZMAX,9800e906592547f4ab0717aa56097b49,2026-03-09T15:20:25Z,1,Can't fight that beat,c82991063b18415d886bfbd1b8cead3d
spotify:track:0yQPpUq5BJyqah5m2Q5Stt,b3c43885f6ce4e8b861545158a22b7a2,2026-03-09T18:58:26Z,1,,c82991063b18415d886bfbd1b8cead3d
spotify:track:1OVSyiY9YkHOq1FzEb94sq,b3c43885f6ce4e8b861545158a22b7a2,2026-03-09T18:58:26Z,1,,c82991063b18415d886bfbd1b8cead3d
spotify:track:2A5mOnstLE15XBgTfcH6ng,b3c43885f6ce4e8b861545158a22b7a2,2026-03-09T18:58:26Z,-1,,c82991063b18415d886bfbd1b8cead3d
spotify:track:3seuCZizOQmfyUwhbT2KXc,b3c43885f6ce4e8b861545158a22b7a2,2026-03-09T18:58:26Z,1,,c82991063b18415d886bfbd1b8cead3d
spotify:track:5w6EvyvomUSWsF430iixmc,b3c43885f6ce4e8b861545158a22b7a2,2026-03-09T18:58:26Z,1,,c82991063b18415d886bfbd1b8cead3d
spotify:track:5Vnx5i9VJSZ6ayfK6jncf8,fc418ffeadb64c3f8e93a25fb942984f,2026-03-10T01:13:13Z,1,For the memory…,c82991063b18415d886bfbd1b8cead3d
spotify:track:131yybV7A3TmC34a0qE8u8,fc418ffeadb64c3f8e93a25fb942984f,2026-03-10T01:13:13Z,0,"The video was EVERYTHING, but not quite enough for an upvote",c82991063b18415d886bfbd1b8cead3d
spotify:track:2A5mOnstLE15XBgTfcH6ng,fc418ffeadb64c3f8e93a25fb942984f,2026-03-10T01:13:13Z,-1,"This one was the least impressionable to me, but it was a difficult downvote:(",c82991063b18415d886bfbd1b8cead3d
spotify:track:3seuCZizOQmfyUwhbT2KXc,fc418ffeadb64c3f8e93a25fb942984f,2026-03-10T01:13:13Z,1,Love this vibe!!,c82991063b18415d886bfbd1b8cead3d
spotify:track:3X0yUX34odra8Xd5lL65Uo,fc418ffeadb64c3f8e93a25fb942984f,2026-03-10T01:13:13Z,1,Easy upvote,c82991063b18415d886bfbd1b8cead3d
spotify:track:7aKs8kWKKau0SDgaeyZMAX,fc418ffeadb64c3f8e93a25fb942984f,2026-03-10T01:13:13Z,1,BABIES,c82991063b18415d886bfbd1b8cead3d
spotify:track:7aKs8kWKKau0SDgaeyZMAX,fa6235d130204772808d133e528b8ad7,2026-03-10T02:57:40Z,-1,I imagine this hits different when you understand the words but my very basic Spanish was not enough to fully follow (and I was trying not to understand the words anyway). That many key changes is really tough to pull off if you’re not Beyonce. And the west side story sample 5 1/2 minutes in was a wild move. It’s not a bad song but just didn’t really do it for me,c82991063b18415d886bfbd1b8cead3d
spotify:track:0yQPpUq5BJyqah5m2Q5Stt,fa6235d130204772808d133e528b8ad7,2026-03-10T02:57:40Z,0,I feel like this is the music Jharvey would make if he were Icelandic,c82991063b18415d886bfbd1b8cead3d
spotify:track:131yybV7A3TmC34a0qE8u8,fa6235d130204772808d133e528b8ad7,2026-03-10T02:57:40Z,0,I imagine that if I were at a party this would absolutely make me want to get down on the dance floor. But I can’t say it fully lands on its own,c82991063b18415d886bfbd1b8cead3d
spotify:track:1OVSyiY9YkHOq1FzEb94sq,fa6235d130204772808d133e528b8ad7,2026-03-10T02:57:40Z,1,I was today years old when I learned this was originally a French song. Submitting a Spanish guy singing a French song that is perhaps best known in English is a fun bit.,c82991063b18415d886bfbd1b8cead3d
spotify:track:2A5mOnstLE15XBgTfcH6ng,fa6235d130204772808d133e528b8ad7,2026-03-10T02:57:40Z,1,This was fun. I did my best not to pay attention to the lyrics but in a general way I am quite fond of German language music—I think the language can be really lovely when sung,c82991063b18415d886bfbd1b8cead3d
spotify:track:3luT2vvIMe5eeRniWE6mv6,fa6235d130204772808d133e528b8ad7,2026-03-10T02:57:40Z,1,Japanese ska pop? Hell yeah,c82991063b18415d886bfbd1b8cead3d
spotify:track:3seuCZizOQmfyUwhbT2KXc,fa6235d130204772808d133e528b8ad7,2026-03-10T02:57:40Z,0,This was pleasant but didn’t wow me enough to garner a vote,c82991063b18415d886bfbd1b8cead3d
spotify:track:3X0yUX34odra8Xd5lL65Uo,fa6235d130204772808d133e528b8ad7,2026-03-10T02:57:40Z,0,Stimela was such a revelation that a second song by the same artist doesn’t feel like an original enough pull. But this song is fun and very different,c82991063b18415d886bfbd1b8cead3d
spotify:track:45eY7Qi2PDUs8WJEhjGWdN,fa6235d130204772808d133e528b8ad7,2026-03-10T02:57:40Z,0,This had a fun beat but it did start to feel a bit musically repetitive after a bit,c82991063b18415d886bfbd1b8cead3d
spotify:track:5hqxBvQJ3XJDSbxT9vyyqA,fa6235d130204772808d133e528b8ad7,2026-03-10T02:57:40Z,1,"I was hooked by the strings at the beginning, which were intensely reminiscent of a fall out boy song I love. The song went on to sound…not that much like fall out boy but it’s still cool",c82991063b18415d886bfbd1b8cead3d
spotify:track:5Vnx5i9VJSZ6ayfK6jncf8,fa6235d130204772808d133e528b8ad7,2026-03-10T02:57:40Z,0,This is pleasant,c82991063b18415d886bfbd1b8cead3d
spotify:track:6LuOCaMHFBfaR1MLKNHhMA,fa6235d130204772808d133e528b8ad7,2026-03-10T02:57:40Z,0,With deepest apologies to my polish ancestors: meh,c82991063b18415d886bfbd1b8cead3d
spotify:track:0gwnA1Lqv4mgGCgSSmfgne,fa6235d130204772808d133e528b8ad7,2026-03-10T02:57:40Z,0,This was cute and fun but imo the correct pick for “song by Camille from an animated movie” would be Le Festin from Ratatouille,c82991063b18415d886bfbd1b8cead3d
spotify:track:131yybV7A3TmC34a0qE8u8,98739434088f411e9e1918725eedb295,2026-03-10T03:50:55Z,1,Man this song slaps.,c82991063b18415d886bfbd1b8cead3d
spotify:track:1OVSyiY9YkHOq1FzEb94sq,98739434088f411e9e1918725eedb295,2026-03-10T03:50:55Z,0,love the jazzy elevator-music-esque organ playing in the background of this one.  Hate his vibrato though.  Bass line is killer.,c82991063b18415d886bfbd1b8cead3d
spotify:track:0gwnA1Lqv4mgGCgSSmfgne,98739434088f411e9e1918725eedb295,2026-03-10T03:50:55Z,1,This song definitely should have been in ratatouille or something.,c82991063b18415d886bfbd1b8cead3d
spotify:track:2A5mOnstLE15XBgTfcH6ng,98739434088f411e9e1918725eedb295,2026-03-10T03:50:55Z,0,sounds like a german,c82991063b18415d886bfbd1b8cead3d
spotify:track:3luT2vvIMe5eeRniWE6mv6,98739434088f411e9e1918725eedb295,2026-03-10T03:50:55Z,0,Senior year of high school i had a real obsession with J-Ska.  This was probably the best song I discovered.,c82991063b18415d886bfbd1b8cead3d
spotify:track:3seuCZizOQmfyUwhbT2KXc,98739434088f411e9e1918725eedb295,2026-03-10T03:50:55Z,0,Meh.  Nothing special.,c82991063b18415d886bfbd1b8cead3d
spotify:track:3X0yUX34odra8Xd5lL65Uo,98739434088f411e9e1918725eedb295,2026-03-10T03:50:55Z,1,Loved this one.  A fusion of so many good things.  What a pleasure to listen to.  One of my favorites so far in all of ML,c82991063b18415d886bfbd1b8cead3d
spotify:track:45eY7Qi2PDUs8WJEhjGWdN,98739434088f411e9e1918725eedb295,2026-03-10T03:50:55Z,-1,This woulda done well in 2008-2012 in america.  Kinda hated this though.  Repetitive and predictable.,c82991063b18415d886bfbd1b8cead3d
spotify:track:5w6EvyvomUSWsF430iixmc,98739434088f411e9e1918725eedb295,2026-03-10T03:50:55Z,1,Diggin it.  Strong suspicion this is Eddie.,c82991063b18415d886bfbd1b8cead3d
spotify:track:6LuOCaMHFBfaR1MLKNHhMA,98739434088f411e9e1918725eedb295,2026-03-10T03:50:55Z,0,Polish alternative is pretty good.  But didn't blow me away.,c82991063b18415d886bfbd1b8cead3d
spotify:track:0yQPpUq5BJyqah5m2Q5Stt,98739434088f411e9e1918725eedb295,2026-03-10T03:50:55Z,0,"This sounds like it belongs at the end of How to Train your Dragon or something.  As the credits roll I can see this song.

But grainy/whiny vocals never does much for me.",c82991063b18415d886bfbd1b8cead3d
spotify:track:45eY7Qi2PDUs8WJEhjGWdN,0f4f7275b1234127a43771293d707c5c,2026-03-10T04:04:54Z,1,Makes me wanna go to the club in Paree,c82991063b18415d886bfbd1b8cead3d
spotify:track:0gwnA1Lqv4mgGCgSSmfgne,0f4f7275b1234127a43771293d707c5c,2026-03-10T04:04:54Z,1,delightful,c82991063b18415d886bfbd1b8cead3d
spotify:track:131yybV7A3TmC34a0qE8u8,0f4f7275b1234127a43771293d707c5c,2026-03-10T04:04:54Z,0,I think I have heard this; it's p fire,c82991063b18415d886bfbd1b8cead3d
spotify:track:3luT2vvIMe5eeRniWE6mv6,0f4f7275b1234127a43771293d707c5c,2026-03-10T04:04:54Z,-1,it annoyed me,c82991063b18415d886bfbd1b8cead3d
spotify:track:5Vnx5i9VJSZ6ayfK6jncf8,0f4f7275b1234127a43771293d707c5c,2026-03-10T04:04:54Z,1,i mean... yeah ofc but the original by Baker Judd is better,c82991063b18415d886bfbd1b8cead3d
spotify:track:5w6EvyvomUSWsF430iixmc,0f4f7275b1234127a43771293d707c5c,2026-03-10T04:04:54Z,1,groovy,c82991063b18415d886bfbd1b8cead3d
spotify:track:6LuOCaMHFBfaR1MLKNHhMA,0f4f7275b1234127a43771293d707c5c,2026-03-10T04:04:54Z,0,was sorta boring/mid to me but Viva Poland,c82991063b18415d886bfbd1b8cead3d
spotify:track:7aKs8kWKKau0SDgaeyZMAX,0f4f7275b1234127a43771293d707c5c,2026-03-10T04:04:54Z,0,I should have submitted this to the Judd round but here it is now,c82991063b18415d886bfbd1b8cead3d
spotify:track:0yQPpUq5BJyqah5m2Q5Stt,42db3c63b69a4479bedfcc2d22a6b73a,2026-03-10T04:11:29Z,1,,c82991063b18415d886bfbd1b8cead3d
spotify:track:131yybV7A3TmC34a0qE8u8,42db3c63b69a4479bedfcc2d22a6b73a,2026-03-10T04:11:29Z,1,,c82991063b18415d886bfbd1b8cead3d
spotify:track:1OVSyiY9YkHOq1FzEb94sq,42db3c63b69a4479bedfcc2d22a6b73a,2026-03-10T04:11:29Z,-1,,c82991063b18415d886bfbd1b8cead3d
spotify:track:3X0yUX34odra8Xd5lL65Uo,42db3c63b69a4479bedfcc2d22a6b73a,2026-03-10T04:11:29Z,1,,c82991063b18415d886bfbd1b8cead3d
spotify:track:5Vnx5i9VJSZ6ayfK6jncf8,42db3c63b69a4479bedfcc2d22a6b73a,2026-03-10T04:11:29Z,1,,c82991063b18415d886bfbd1b8cead3d
spotify:track:0yQPpUq5BJyqah5m2Q5Stt,6d8e32d102054531811ff5c8a625977c,2026-03-10T06:59:27Z,0,Icelandic is a great pull but this song was too long and too slow for me to really get into ,c82991063b18415d886bfbd1b8cead3d
spotify:track:131yybV7A3TmC34a0qE8u8,6d8e32d102054531811ff5c8a625977c,2026-03-10T06:59:27Z,0,Cute but too obvious,c82991063b18415d886bfbd1b8cead3d
spotify:track:1OVSyiY9YkHOq1FzEb94sq,6d8e32d102054531811ff5c8a625977c,2026-03-10T06:59:27Z,1,Wow this is good stuff. Spanish singer performing an English song in French. Lost in translation truly. Amazing shout,c82991063b18415d886bfbd1b8cead3d
spotify:track:3luT2vvIMe5eeRniWE6mv6,6d8e32d102054531811ff5c8a625977c,2026-03-10T06:59:27Z,1,"One of the best marks of a song in another language to me is whether the song is catchy/enough of a banger to make me want to learn how to sing it, and therefore learn the words. This song passes that test with flying colors ",c82991063b18415d886bfbd1b8cead3d
spotify:track:3seuCZizOQmfyUwhbT2KXc,6d8e32d102054531811ff5c8a625977c,2026-03-10T06:59:27Z,1,I will always upvote Brazilian music ,c82991063b18415d886bfbd1b8cead3d
spotify:track:3X0yUX34odra8Xd5lL65Uo,6d8e32d102054531811ff5c8a625977c,2026-03-10T06:59:27Z,0,"In the spirit of being lost in translation, I actually can’t find translated lyrics for this song, although Google Translate apparently does have Xhosa. Best I can figure out is that it’s a song celebrating how beautiful his wife/girlfriend is while also making fun of her for being a picky eater. (The lyric “bunny chow” is not a failed transcription of a Xhosa word, he’s really singing about bunny chow)",c82991063b18415d886bfbd1b8cead3d
spotify:track:45eY7Qi2PDUs8WJEhjGWdN,6d8e32d102054531811ff5c8a625977c,2026-03-10T06:59:27Z,-1,"This was a hilarious submission and I almost didn’t downvote it, but since half the lyrics are just the names of French footballers, it was actually the least lost in translation of any song on this list ",c82991063b18415d886bfbd1b8cead3d
spotify:track:5hqxBvQJ3XJDSbxT9vyyqA,6d8e32d102054531811ff5c8a625977c,2026-03-10T06:59:27Z,1,Bonus thank you for this amazing submission to the category of “songs I should sing for karaoke”,c82991063b18415d886bfbd1b8cead3d
spotify:track:5Vnx5i9VJSZ6ayfK6jncf8,6d8e32d102054531811ff5c8a625977c,2026-03-10T06:59:27Z,0,Too easy,c82991063b18415d886bfbd1b8cead3d
spotify:track:0gwnA1Lqv4mgGCgSSmfgne,186a2ad76f584596a0a2335eae709d6c,2026-03-10T13:59:53Z,1,,c82991063b18415d886bfbd1b8cead3d
spotify:track:1OVSyiY9YkHOq1FzEb94sq,186a2ad76f584596a0a2335eae709d6c,2026-03-10T13:59:53Z,1,,c82991063b18415d886bfbd1b8cead3d
spotify:track:2A5mOnstLE15XBgTfcH6ng,186a2ad76f584596a0a2335eae709d6c,2026-03-10T13:59:53Z,1,,c82991063b18415d886bfbd1b8cead3d
spotify:track:5w6EvyvomUSWsF430iixmc,186a2ad76f584596a0a2335eae709d6c,2026-03-10T13:59:53Z,-1,,c82991063b18415d886bfbd1b8cead3d
spotify:track:6LuOCaMHFBfaR1MLKNHhMA,186a2ad76f584596a0a2335eae709d6c,2026-03-10T13:59:53Z,1,,c82991063b18415d886bfbd1b8cead3d
spotify:track:3X0yUX34odra8Xd5lL65Uo,c8e8de6d21ac4bfba566bc0a8eeef629,2026-03-10T14:30:27Z,1,,c82991063b18415d886bfbd1b8cead3d
spotify:track:5hqxBvQJ3XJDSbxT9vyyqA,c8e8de6d21ac4bfba566bc0a8eeef629,2026-03-10T14:30:27Z,3,,c82991063b18415d886bfbd1b8cead3d
spotify:track:7aKs8kWKKau0SDgaeyZMAX,c8e8de6d21ac4bfba566bc0a8eeef629,2026-03-10T14:30:27Z,-1,Too long and there was an English lyric in there,c82991063b18415d886bfbd1b8cead3d
spotify:track:0eBryM7ePQH3Klt3jz8xZd,0f4f7275b1234127a43771293d707c5c,2026-03-11T20:12:29Z,0,I have to like the song. Sorry. I can’t see past the vocals.,88f443dfe5374cb7a24c390cba91ec9c
spotify:track:0eiNN3JjLIe2Nu07RNdRrl,0f4f7275b1234127a43771293d707c5c,2026-03-11T20:12:29Z,0,I’m sure Augustine felt like screaming all the time but I can’t vote for this when I compare it to the others. The words need to be delivered in a more intelligible way. This made my cortisol go up.,88f443dfe5374cb7a24c390cba91ec9c
spotify:track:0wEo4mwfs6tXYgCem9m9wP,0f4f7275b1234127a43771293d707c5c,2026-03-11T20:12:29Z,0,This was okay but some others felt more clever to me ,88f443dfe5374cb7a24c390cba91ec9c
spotify:track:1KsI8NEeAna8ZIdojI3FiT,0f4f7275b1234127a43771293d707c5c,2026-03-11T20:12:29Z,1,"This is so good too! And I love Bruce

",88f443dfe5374cb7a24c390cba91ec9c
spotify:track:379hxtlY5LvbPQa5LL6dPo,0f4f7275b1234127a43771293d707c5c,2026-03-11T20:12:29Z,0,"I almost submitted God’s Plan by Drake lmao 
and then I found this gem. I had an inkling the Beatles had something for this category
The length helps make amends for Pedro Navaja I hope ",88f443dfe5374cb7a24c390cba91ec9c
spotify:track:39frjWSgfN5FkUeIkgLdtP,0f4f7275b1234127a43771293d707c5c,2026-03-11T20:12:29Z,1,I really liked this ,88f443dfe5374cb7a24c390cba91ec9c
spotify:track:4CA4CIaKqcNcXqV9dHOlgg,0f4f7275b1234127a43771293d707c5c,2026-03-11T20:12:29Z,0,Double PS! This was cool,88f443dfe5374cb7a24c390cba91ec9c
spotify:track:56xqezACE6hys3Iz7CkDTR,0f4f7275b1234127a43771293d707c5c,2026-03-11T20:12:29Z,0,Didn’t make the cut in this bunch ,88f443dfe5374cb7a24c390cba91ec9c
spotify:track:5ubvP9oKmxLUVq506fgLhk,0f4f7275b1234127a43771293d707c5c,2026-03-11T20:12:29Z,0,This was an interesting pull but fell short ,88f443dfe5374cb7a24c390cba91ec9c
spotify:track:5vollujufHY0jMZxx77VWr,0f4f7275b1234127a43771293d707c5c,2026-03-11T20:12:29Z,0,I like the vision ,88f443dfe5374cb7a24c390cba91ec9c
spotify:track:5vZ1BKMSLgrxxPYGMR904n,0f4f7275b1234127a43771293d707c5c,2026-03-11T20:12:29Z,0,I like the vision. And love me some PS,88f443dfe5374cb7a24c390cba91ec9c
spotify:track:6B6C1OC9RUvrvBECPWtAZo,0f4f7275b1234127a43771293d707c5c,2026-03-11T20:12:29Z,2,"I’m ticked that I didn’t think of this. This is a fave and an excellent fit.

 And I pressure Joseph to listen to it since 2/7 is his bday hehe",88f443dfe5374cb7a24c390cba91ec9c
spotify:track:750wm5pwuAQfnSLX8mxa5f,0f4f7275b1234127a43771293d707c5c,2026-03-11T20:12:29Z,-1,Is it a pear reference or perhaps a metaphor? I didn’t see the vision. ,88f443dfe5374cb7a24c390cba91ec9c
spotify:track:0eBryM7ePQH3Klt3jz8xZd,9800e906592547f4ab0717aa56097b49,2026-03-11T23:15:29Z,1,"This is probably the most “on theme” lyrically and I have to reward that, even though I don’t particularly like the song. Great find",88f443dfe5374cb7a24c390cba91ec9c
spotify:track:0eiNN3JjLIe2Nu07RNdRrl,9800e906592547f4ab0717aa56097b49,2026-03-11T23:15:29Z,0,I wanted this to work so badly but it really doesn’t beyond the title phrase ,88f443dfe5374cb7a24c390cba91ec9c
spotify:track:0wEo4mwfs6tXYgCem9m9wP,9800e906592547f4ab0717aa56097b49,2026-03-11T23:15:29Z,0,"Sorry Yusuf Islam, not gonna cut it ",88f443dfe5374cb7a24c390cba91ec9c
spotify:track:1KsI8NEeAna8ZIdojI3FiT,9800e906592547f4ab0717aa56097b49,2026-03-11T23:15:29Z,1,"Also wanted this to work so badly, but it just doesn’t totally fit beyond the “hungry heart” concept. The rest of it….

Wait never mind. I’m reasoning my way into it. The part about him leaving his wife and child made me think of Augustine, leaving his partner and child to devote his life to God. So then the rest of the song didn’t fit. But if you read it as just recognizing the Hunger of the heart Eavan, amen the brokenness, then it really does fit.",88f443dfe5374cb7a24c390cba91ec9c
spotify:track:379hxtlY5LvbPQa5LL6dPo,9800e906592547f4ab0717aa56097b49,2026-03-11T23:15:29Z,0,"Incredible. Deep cut choice. I don’t actually think if it’s all that well, but I wish I could reward it. Would be a great choice for songs Joseph would hate round two.",88f443dfe5374cb7a24c390cba91ec9c
spotify:track:39frjWSgfN5FkUeIkgLdtP,9800e906592547f4ab0717aa56097b49,2026-03-11T23:15:29Z,0,"Very close on this one Alex, just beaten out by my top four",88f443dfe5374cb7a24c390cba91ec9c
spotify:track:4CA4CIaKqcNcXqV9dHOlgg,9800e906592547f4ab0717aa56097b49,2026-03-11T23:15:29Z,0,Don’t really see the match here with this one. ,88f443dfe5374cb7a24c390cba91ec9c
spotify:track:56xqezACE6hys3Iz7CkDTR,9800e906592547f4ab0717aa56097b49,2026-03-11T23:15:29Z,0,I’m going to assume there’s some sort of Augustinian thing that relates to this that I just don’t know about. Because it’s a very fun choice.,88f443dfe5374cb7a24c390cba91ec9c
spotify:track:5ubvP9oKmxLUVq506fgLhk,9800e906592547f4ab0717aa56097b49,2026-03-11T23:15:29Z,-1,"Maybe there’s something here I’m not connecting, but I don’t get it",88f443dfe5374cb7a24c390cba91ec9c
spotify:track:5vollujufHY0jMZxx77VWr,9800e906592547f4ab0717aa56097b49,2026-03-11T23:15:29Z,1,"11 out of 10, perfect submission. Well done, going to assume this was Claire. Wish I had thought of it myself.
“Time, truth, heart.”
Indeed ",88f443dfe5374cb7a24c390cba91ec9c
spotify:track:6B6C1OC9RUvrvBECPWtAZo,9800e906592547f4ab0717aa56097b49,2026-03-11T23:15:29Z,1,"Another perfect choice, incredibly well done. Some of the lyrics here seem tailor-made, which is even more perfect when you realize how deeply Augustine spoke to the human condition in general.",88f443dfe5374cb7a24c390cba91ec9c
spotify:track:750wm5pwuAQfnSLX8mxa5f,9800e906592547f4ab0717aa56097b49,2026-03-11T23:15:29Z,0,Hehehe I get it ,88f443dfe5374cb7a24c390cba91ec9c
spotify:track:0eiNN3JjLIe2Nu07RNdRrl,699c7b228f3b436880363c6d92c3976f,2026-03-12T03:08:20Z,-1,,88f443dfe5374cb7a24c390cba91ec9c
spotify:track:0wEo4mwfs6tXYgCem9m9wP,699c7b228f3b436880363c6d92c3976f,2026-03-12T03:08:20Z,1,,88f443dfe5374cb7a24c390cba91ec9c
spotify:track:1KsI8NEeAna8ZIdojI3FiT,699c7b228f3b436880363c6d92c3976f,2026-03-12T03:08:20Z,2,,88f443dfe5374cb7a24c390cba91ec9c
spotify:track:4CA4CIaKqcNcXqV9dHOlgg,699c7b228f3b436880363c6d92c3976f,2026-03-12T03:08:20Z,1,,88f443dfe5374cb7a24c390cba91ec9c
spotify:track:6B6C1OC9RUvrvBECPWtAZo,699c7b228f3b436880363c6d92c3976f,2026-03-12T03:08:20Z,0,"This would be great, except I doubt any of it was accidental. ",88f443dfe5374cb7a24c390cba91ec9c
spotify:track:750wm5pwuAQfnSLX8mxa5f,699c7b228f3b436880363c6d92c3976f,2026-03-12T03:08:20Z,0,It's pears Richard. PEARS.,88f443dfe5374cb7a24c390cba91ec9c
spotify:track:0wEo4mwfs6tXYgCem9m9wP,f53f0969b04049b5ba39a303ebb3e987,2026-03-12T12:33:46Z,1,,88f443dfe5374cb7a24c390cba91ec9c
spotify:track:379hxtlY5LvbPQa5LL6dPo,f53f0969b04049b5ba39a303ebb3e987,2026-03-12T12:33:46Z,-1,,88f443dfe5374cb7a24c390cba91ec9c
spotify:track:56xqezACE6hys3Iz7CkDTR,f53f0969b04049b5ba39a303ebb3e987,2026-03-12T12:33:46Z,1,,88f443dfe5374cb7a24c390cba91ec9c
spotify:track:5vZ1BKMSLgrxxPYGMR904n,f53f0969b04049b5ba39a303ebb3e987,2026-03-12T12:33:46Z,1,,88f443dfe5374cb7a24c390cba91ec9c
spotify:track:6B6C1OC9RUvrvBECPWtAZo,f53f0969b04049b5ba39a303ebb3e987,2026-03-12T12:33:46Z,1,,88f443dfe5374cb7a24c390cba91ec9c
spotify:track:0eBryM7ePQH3Klt3jz8xZd,98739434088f411e9e1918725eedb295,2026-03-12T22:15:34Z,0,A great Tolle Lege song.,88f443dfe5374cb7a24c390cba91ec9c
spotify:track:0eiNN3JjLIe2Nu07RNdRrl,98739434088f411e9e1918725eedb295,2026-03-12T22:15:34Z,0,"""God, help me leave the life of a big bag baller making big ass checks, but not yet"" -Augustine, Probably",88f443dfe5374cb7a24c390cba91ec9c
spotify:track:379hxtlY5LvbPQa5LL6dPo,98739434088f411e9e1918725eedb295,2026-03-12T22:15:34Z,1,"""And see, you were within and I was in the external world and sought you there""  Well done.",88f443dfe5374cb7a24c390cba91ec9c
spotify:track:39frjWSgfN5FkUeIkgLdtP,98739434088f411e9e1918725eedb295,2026-03-12T22:15:34Z,0,"Cool song, but didn't see any Augustine in here.",88f443dfe5374cb7a24c390cba91ec9c
spotify:track:4CA4CIaKqcNcXqV9dHOlgg,98739434088f411e9e1918725eedb295,2026-03-12T22:15:34Z,0,"Eh,  This isn't really *accidentally* St. Augustine.  It's pretty intentionally theological.",88f443dfe5374cb7a24c390cba91ec9c
spotify:track:56xqezACE6hys3Iz7CkDTR,98739434088f411e9e1918725eedb295,2026-03-12T22:15:34Z,1,"""F****n magnets how do they work?"" -Augustine, Probably

Upvote for creativity and cleverness",88f443dfe5374cb7a24c390cba91ec9c
spotify:track:5vollujufHY0jMZxx77VWr,98739434088f411e9e1918725eedb295,2026-03-12T22:15:34Z,0,"What a great song. ""last call for sin""",88f443dfe5374cb7a24c390cba91ec9c
spotify:track:5vZ1BKMSLgrxxPYGMR904n,98739434088f411e9e1918725eedb295,2026-03-12T22:15:34Z,1,"Man, why you gotta bring Monica into this 😭😭  This is a really good take.",88f443dfe5374cb7a24c390cba91ec9c
spotify:track:6B6C1OC9RUvrvBECPWtAZo,98739434088f411e9e1918725eedb295,2026-03-12T22:15:34Z,1,"Man this song is so freakin good.  And a little cryptic, but I'll choose to interpret it in a way that jibes w/ Augustine.",88f443dfe5374cb7a24c390cba91ec9c
spotify:track:750wm5pwuAQfnSLX8mxa5f,98739434088f411e9e1918725eedb295,2026-03-12T22:15:34Z,-1,I'm guessing this is Richard's submission b/c he couldn't think of anything else.,88f443dfe5374cb7a24c390cba91ec9c
spotify:track:0eBryM7ePQH3Klt3jz8xZd,80a489147c544db5a53c5cede65c4617,2026-03-13T11:58:08Z,1,I was going back and forth on this. I’ve concluded it’s almost but not quite. Good pull still,88f443dfe5374cb7a24c390cba91ec9c
spotify:track:0wEo4mwfs6tXYgCem9m9wP,80a489147c544db5a53c5cede65c4617,2026-03-13T11:58:08Z,0,The read is not clear for me,88f443dfe5374cb7a24c390cba91ec9c
spotify:track:1KsI8NEeAna8ZIdojI3FiT,80a489147c544db5a53c5cede65c4617,2026-03-13T11:58:08Z,0,"Yes, this is a core Augustine theme. But there’s really just one line in this that connects. ",88f443dfe5374cb7a24c390cba91ec9c
spotify:track:379hxtlY5LvbPQa5LL6dPo,80a489147c544db5a53c5cede65c4617,2026-03-13T11:58:08Z,0,St. Augustine would not be down for this level of eastern mysticism ,88f443dfe5374cb7a24c390cba91ec9c
spotify:track:39frjWSgfN5FkUeIkgLdtP,80a489147c544db5a53c5cede65c4617,2026-03-13T11:58:08Z,0,This is just much easier to read as a breakup song than Augustine vibes ,88f443dfe5374cb7a24c390cba91ec9c
spotify:track:4CA4CIaKqcNcXqV9dHOlgg,80a489147c544db5a53c5cede65c4617,2026-03-13T11:58:08Z,0,Little vague to fit the theme. It’s impressive that Paul Simon doesn’t sound totally past his sell by date in 2011,88f443dfe5374cb7a24c390cba91ec9c
spotify:track:56xqezACE6hys3Iz7CkDTR,80a489147c544db5a53c5cede65c4617,2026-03-13T11:58:08Z,0,Can’t comment on how great of a read this is but I get a kick out of the song. ,88f443dfe5374cb7a24c390cba91ec9c
spotify:track:5ubvP9oKmxLUVq506fgLhk,80a489147c544db5a53c5cede65c4617,2026-03-13T11:58:08Z,-1,"This is a great song, but not sold on the connection",88f443dfe5374cb7a24c390cba91ec9c
spotify:track:5vollujufHY0jMZxx77VWr,80a489147c544db5a53c5cede65c4617,2026-03-13T11:58:08Z,1,"I don’t love the killers, but this is a convincing read",88f443dfe5374cb7a24c390cba91ec9c
spotify:track:5vZ1BKMSLgrxxPYGMR904n,80a489147c544db5a53c5cede65c4617,2026-03-13T11:58:08Z,0,Almost,88f443dfe5374cb7a24c390cba91ec9c
spotify:track:6B6C1OC9RUvrvBECPWtAZo,80a489147c544db5a53c5cede65c4617,2026-03-13T11:58:08Z,2,Yes yes yes! This is spot on. “There’s no returning to the spoils once you’ve spoiled the thought of them.” This song can so easily be read as a song of conversion. There’s really not a single line that doesn’t fit. ,88f443dfe5374cb7a24c390cba91ec9c
spotify:track:750wm5pwuAQfnSLX8mxa5f,80a489147c544db5a53c5cede65c4617,2026-03-13T11:58:08Z,0,"*Pears

This was a fun closer",88f443dfe5374cb7a24c390cba91ec9c
spotify:track:0eBryM7ePQH3Klt3jz8xZd,c1b6888dec1e4113b65883ad590d3969,2026-03-13T20:04:11Z,0,"
",88f443dfe5374cb7a24c390cba91ec9c
spotify:track:0eiNN3JjLIe2Nu07RNdRrl,c1b6888dec1e4113b65883ad590d3969,2026-03-13T20:04:11Z,-1,Feels like this would be more appropriate for a martyr ,88f443dfe5374cb7a24c390cba91ec9c
spotify:track:56xqezACE6hys3Iz7CkDTR,c1b6888dec1e4113b65883ad590d3969,2026-03-13T20:04:11Z,1,Voted despite the comment. ,88f443dfe5374cb7a24c390cba91ec9c
spotify:track:5ubvP9oKmxLUVq506fgLhk,c1b6888dec1e4113b65883ad590d3969,2026-03-13T20:04:11Z,1,,88f443dfe5374cb7a24c390cba91ec9c
spotify:track:5vZ1BKMSLgrxxPYGMR904n,c1b6888dec1e4113b65883ad590d3969,2026-03-13T20:04:11Z,1,,88f443dfe5374cb7a24c390cba91ec9c
spotify:track:6B6C1OC9RUvrvBECPWtAZo,c1b6888dec1e4113b65883ad590d3969,2026-03-13T20:04:11Z,1,,88f443dfe5374cb7a24c390cba91ec9c
spotify:track:0eBryM7ePQH3Klt3jz8xZd,6d8e32d102054531811ff5c8a625977c,2026-03-13T23:52:53Z,0,This song strikes me as more generically “accidentally about Jesus” than accidentally about Augustine ,88f443dfe5374cb7a24c390cba91ec9c
spotify:track:0eiNN3JjLIe2Nu07RNdRrl,6d8e32d102054531811ff5c8a625977c,2026-03-13T23:52:53Z,1,"I loved this song being on this playlist but the lyrics just didn’t cry “Augustine” to me as much as I was hoping they would. As with a few others, it seems to be more about conversion in general. But with that said it stood ahead of some others in that category and for just being really fun and unexpected I feel compelled to upvote.",88f443dfe5374cb7a24c390cba91ec9c
spotify:track:0wEo4mwfs6tXYgCem9m9wP,6d8e32d102054531811ff5c8a625977c,2026-03-13T23:52:53Z,0,Maybe I got completely filtered by this. I’m just not sure there’s really enough to go on here ,88f443dfe5374cb7a24c390cba91ec9c
spotify:track:1KsI8NEeAna8ZIdojI3FiT,6d8e32d102054531811ff5c8a625977c,2026-03-13T23:52:53Z,1,flawless. Great pick,88f443dfe5374cb7a24c390cba91ec9c
spotify:track:56xqezACE6hys3Iz7CkDTR,6d8e32d102054531811ff5c8a625977c,2026-03-13T23:52:53Z,0,"Kinda clever, I especially enjoy really tonally discordant/unexpected picks for these rounds. That said, I apologize for not being an Augustinian scholar but the deeper cut reference didn’t hit as hard for me ",88f443dfe5374cb7a24c390cba91ec9c
spotify:track:5ubvP9oKmxLUVq506fgLhk,6d8e32d102054531811ff5c8a625977c,2026-03-13T23:52:53Z,0,I don’t get it ,88f443dfe5374cb7a24c390cba91ec9c
spotify:track:5vZ1BKMSLgrxxPYGMR904n,6d8e32d102054531811ff5c8a625977c,2026-03-13T23:52:53Z,1,I loved this. Great song and interesting read of the category ,88f443dfe5374cb7a24c390cba91ec9c
spotify:track:6B6C1OC9RUvrvBECPWtAZo,6d8e32d102054531811ff5c8a625977c,2026-03-13T23:52:53Z,1,"I have loved this song and this album for a long time, very nostalgia inducing, and this is a cool new way for me to interpret the lyrics. Awesome fit for the category ",88f443dfe5374cb7a24c390cba91ec9c
spotify:track:750wm5pwuAQfnSLX8mxa5f,6d8e32d102054531811ff5c8a625977c,2026-03-13T23:52:53Z,-1,Not about pears. (Awesome song tho),88f443dfe5374cb7a24c390cba91ec9c
spotify:track:0eBryM7ePQH3Klt3jz8xZd,fa6235d130204772808d133e528b8ad7,2026-03-14T01:48:47Z,0,I see the vision and obviously all human love images the love God has for us but I feel like this is a bit too clearly about a human couple to work for me,88f443dfe5374cb7a24c390cba91ec9c
spotify:track:0eiNN3JjLIe2Nu07RNdRrl,fa6235d130204772808d133e528b8ad7,2026-03-14T01:48:47Z,1,"Fun pull. I read this as pre conversion Augustine struggling to remain in denial about the emptiness of the life he’s chosen
(Hi Joseph) ",88f443dfe5374cb7a24c390cba91ec9c
spotify:track:0wEo4mwfs6tXYgCem9m9wP,fa6235d130204772808d133e528b8ad7,2026-03-14T01:48:47Z,-1,Maybe this is a me problem but this song just has too much of a woo woo new agey “spiritual discovery” vibe to work as an Augustine song for me,88f443dfe5374cb7a24c390cba91ec9c
spotify:track:1KsI8NEeAna8ZIdojI3FiT,fa6235d130204772808d133e528b8ad7,2026-03-14T01:48:47Z,0,This is accurate for sure. Less about Augustine himself and more about a universal phenomenon that he articulated. Perfectly valid read but didn’t quite make podium for me,88f443dfe5374cb7a24c390cba91ec9c
spotify:track:379hxtlY5LvbPQa5LL6dPo,fa6235d130204772808d133e528b8ad7,2026-03-14T01:48:47Z,0,"Yes God is within him, but also Heaven and earth are crying out that they were made by God?",88f443dfe5374cb7a24c390cba91ec9c
spotify:track:39frjWSgfN5FkUeIkgLdtP,fa6235d130204772808d133e528b8ad7,2026-03-14T01:48:47Z,0,This was one of the more loosely Augustinian submissions imo. I liked the song well enough though,88f443dfe5374cb7a24c390cba91ec9c
spotify:track:4CA4CIaKqcNcXqV9dHOlgg,fa6235d130204772808d133e528b8ad7,2026-03-14T01:48:47Z,0,The hook is giving Augustine but the rest of the song not so much? It feels like there are a few lines that are spoken from the pov of God? Idk. Didn’t quite land for me and was eclipsed by the other Paul Simon submission,88f443dfe5374cb7a24c390cba91ec9c
spotify:track:56xqezACE6hys3Iz7CkDTR,fa6235d130204772808d133e528b8ad7,2026-03-14T01:48:47Z,1,"Made me think of the part in city of God where he talks about salamanders who live in fire. Also
“Music is all magic
You can't even hold it
It's just there in the air
Pure motherfucking magic”
is basically just a line from book X of the confessions",88f443dfe5374cb7a24c390cba91ec9c
spotify:track:5ubvP9oKmxLUVq506fgLhk,fa6235d130204772808d133e528b8ad7,2026-03-14T01:48:47Z,0,Is this meant to be Augustine pre conversion? I can kinda see it,88f443dfe5374cb7a24c390cba91ec9c
spotify:track:5vollujufHY0jMZxx77VWr,fa6235d130204772808d133e528b8ad7,2026-03-14T01:48:47Z,0,Smells like Eddie. Incredible song. Narrowly missed my top 4,88f443dfe5374cb7a24c390cba91ec9c
spotify:track:5vZ1BKMSLgrxxPYGMR904n,fa6235d130204772808d133e528b8ad7,2026-03-14T01:48:47Z,1,"Can’t not vote for this one, too spot on",88f443dfe5374cb7a24c390cba91ec9c
spotify:track:750wm5pwuAQfnSLX8mxa5f,fa6235d130204772808d133e528b8ad7,2026-03-14T01:48:47Z,1,As soon as I saw this on the list I knew it was an upvote. I’ve considered this song for a few past categories but this is a worthy round in which to use it,88f443dfe5374cb7a24c390cba91ec9c
spotify:track:379hxtlY5LvbPQa5LL6dPo,b3c43885f6ce4e8b861545158a22b7a2,2026-03-14T13:25:55Z,1,,88f443dfe5374cb7a24c390cba91ec9c
spotify:track:39frjWSgfN5FkUeIkgLdtP,b3c43885f6ce4e8b861545158a22b7a2,2026-03-14T13:25:55Z,1,,88f443dfe5374cb7a24c390cba91ec9c
spotify:track:4CA4CIaKqcNcXqV9dHOlgg,b3c43885f6ce4e8b861545158a22b7a2,2026-03-14T13:25:55Z,1,,88f443dfe5374cb7a24c390cba91ec9c
spotify:track:5ubvP9oKmxLUVq506fgLhk,b3c43885f6ce4e8b861545158a22b7a2,2026-03-14T13:25:55Z,-1,,88f443dfe5374cb7a24c390cba91ec9c
spotify:track:6B6C1OC9RUvrvBECPWtAZo,b3c43885f6ce4e8b861545158a22b7a2,2026-03-14T13:25:55Z,1,,88f443dfe5374cb7a24c390cba91ec9c
spotify:track:0eiNN3JjLIe2Nu07RNdRrl,c8e8de6d21ac4bfba566bc0a8eeef629,2026-03-14T17:03:29Z,-1,,88f443dfe5374cb7a24c390cba91ec9c
spotify:track:39frjWSgfN5FkUeIkgLdtP,c8e8de6d21ac4bfba566bc0a8eeef629,2026-03-14T17:03:29Z,1,,88f443dfe5374cb7a24c390cba91ec9c
spotify:track:4CA4CIaKqcNcXqV9dHOlgg,c8e8de6d21ac4bfba566bc0a8eeef629,2026-03-14T17:03:29Z,1,,88f443dfe5374cb7a24c390cba91ec9c
spotify:track:5vZ1BKMSLgrxxPYGMR904n,c8e8de6d21ac4bfba566bc0a8eeef629,2026-03-14T17:03:29Z,1,,88f443dfe5374cb7a24c390cba91ec9c
spotify:track:6B6C1OC9RUvrvBECPWtAZo,c8e8de6d21ac4bfba566bc0a8eeef629,2026-03-14T17:03:29Z,1,,88f443dfe5374cb7a24c390cba91ec9c
spotify:track:0eiNN3JjLIe2Nu07RNdRrl,42db3c63b69a4479bedfcc2d22a6b73a,2026-03-14T17:04:34Z,-1,,88f443dfe5374cb7a24c390cba91ec9c
spotify:track:1KsI8NEeAna8ZIdojI3FiT,42db3c63b69a4479bedfcc2d22a6b73a,2026-03-14T17:04:34Z,1,,88f443dfe5374cb7a24c390cba91ec9c
spotify:track:379hxtlY5LvbPQa5LL6dPo,42db3c63b69a4479bedfcc2d22a6b73a,2026-03-14T17:04:34Z,1,,88f443dfe5374cb7a24c390cba91ec9c
spotify:track:4CA4CIaKqcNcXqV9dHOlgg,42db3c63b69a4479bedfcc2d22a6b73a,2026-03-14T17:04:34Z,1,,88f443dfe5374cb7a24c390cba91ec9c
spotify:track:5vZ1BKMSLgrxxPYGMR904n,42db3c63b69a4479bedfcc2d22a6b73a,2026-03-14T17:04:34Z,1,,88f443dfe5374cb7a24c390cba91ec9c
spotify:track:0eBryM7ePQH3Klt3jz8xZd,fc418ffeadb64c3f8e93a25fb942984f,2026-03-14T17:51:30Z,1,So incredibly on point ,88f443dfe5374cb7a24c390cba91ec9c
spotify:track:0eiNN3JjLIe2Nu07RNdRrl,fc418ffeadb64c3f8e93a25fb942984f,2026-03-14T17:51:30Z,0,"Yes, but I think he would have disapproved of metal music…",88f443dfe5374cb7a24c390cba91ec9c
spotify:track:0wEo4mwfs6tXYgCem9m9wP,fc418ffeadb64c3f8e93a25fb942984f,2026-03-14T17:51:30Z,0,"Not sure if this is the one that’s been submitted before, but yes",88f443dfe5374cb7a24c390cba91ec9c
spotify:track:5ubvP9oKmxLUVq506fgLhk,fc418ffeadb64c3f8e93a25fb942984f,2026-03-14T17:51:30Z,1,,88f443dfe5374cb7a24c390cba91ec9c
spotify:track:5vZ1BKMSLgrxxPYGMR904n,fc418ffeadb64c3f8e93a25fb942984f,2026-03-14T17:51:30Z,1,,88f443dfe5374cb7a24c390cba91ec9c
spotify:track:6B6C1OC9RUvrvBECPWtAZo,fc418ffeadb64c3f8e93a25fb942984f,2026-03-14T17:51:30Z,1,,88f443dfe5374cb7a24c390cba91ec9c
spotify:track:750wm5pwuAQfnSLX8mxa5f,fc418ffeadb64c3f8e93a25fb942984f,2026-03-14T17:51:30Z,-1,,88f443dfe5374cb7a24c390cba91ec9c
spotify:track:6DJa12iV6c8xqAckvTMO4u,c1b6888dec1e4113b65883ad590d3969,2026-03-15T18:45:21Z,1,,e1c5f0743f064ca3abdeeb8c53839aad
spotify:track:6ZSO7kPn8IMJFymyticbJO,c1b6888dec1e4113b65883ad590d3969,2026-03-15T18:45:21Z,1,,e1c5f0743f064ca3abdeeb8c53839aad
spotify:track:6iyhLsUivt9TRUrgq7wvz0,c1b6888dec1e4113b65883ad590d3969,2026-03-15T18:45:21Z,1,,e1c5f0743f064ca3abdeeb8c53839aad
spotify:track:0iA3xXSkSCiJywKyo1UKjQ,c1b6888dec1e4113b65883ad590d3969,2026-03-15T18:45:21Z,1,,e1c5f0743f064ca3abdeeb8c53839aad
spotify:track:1elGwF4VwkwglV4nCBPJtv,c1b6888dec1e4113b65883ad590d3969,2026-03-15T18:45:21Z,-1,,e1c5f0743f064ca3abdeeb8c53839aad
spotify:track:6DJa12iV6c8xqAckvTMO4u,f53f0969b04049b5ba39a303ebb3e987,2026-03-16T04:37:10Z,-1,,e1c5f0743f064ca3abdeeb8c53839aad
spotify:track:6iyhLsUivt9TRUrgq7wvz0,f53f0969b04049b5ba39a303ebb3e987,2026-03-16T04:37:10Z,1,,e1c5f0743f064ca3abdeeb8c53839aad
spotify:track:5V54hLsu5prUN9ThbwQFQ5,f53f0969b04049b5ba39a303ebb3e987,2026-03-16T04:37:10Z,1,,e1c5f0743f064ca3abdeeb8c53839aad
spotify:track:4i4d0jN0NHIyJbZc28lkow,f53f0969b04049b5ba39a303ebb3e987,2026-03-16T04:37:10Z,1,,e1c5f0743f064ca3abdeeb8c53839aad
spotify:track:1elGwF4VwkwglV4nCBPJtv,f53f0969b04049b5ba39a303ebb3e987,2026-03-16T04:37:10Z,1,,e1c5f0743f064ca3abdeeb8c53839aad
spotify:track:1elGwF4VwkwglV4nCBPJtv,0f4f7275b1234127a43771293d707c5c,2026-03-16T17:18:26Z,3,"I was back and forth but by definition the lyrics are indecipherable and also love the song and this film so I shall reward 
And defend it from the haters ",e1c5f0743f064ca3abdeeb8c53839aad
spotify:track:1exUq8aG2OMbSeZeTwz06k,0f4f7275b1234127a43771293d707c5c,2026-03-16T17:18:26Z,-1,You know how we feel about long songs around here. And I can understand it too well.,e1c5f0743f064ca3abdeeb8c53839aad
spotify:track:3n69hLUdIsSa1WlRmjMZlW,0f4f7275b1234127a43771293d707c5c,2026-03-16T17:18:26Z,0,"I once heard someone say that alt-J is what people who dont like 21 pilots hear when they listen to 21P haha

Yeah this is hard to understand but I dont like it ",e1c5f0743f064ca3abdeeb8c53839aad
spotify:track:6ZSO7kPn8IMJFymyticbJO,0f4f7275b1234127a43771293d707c5c,2026-03-16T17:18:26Z,0,👑🦷,e1c5f0743f064ca3abdeeb8c53839aad
spotify:track:6nWcEzyxDozQcmxMoNJtYx,0f4f7275b1234127a43771293d707c5c,2026-03-16T17:18:26Z,0,"This was a good pull
But I opted for the songs that I get 0 lyrics ",e1c5f0743f064ca3abdeeb8c53839aad
spotify:track:6iyhLsUivt9TRUrgq7wvz0,0f4f7275b1234127a43771293d707c5c,2026-03-16T17:18:26Z,0,Yeah idk what they’re saying and Spotify didn’t have lyrics which is honestly a good strat ,e1c5f0743f064ca3abdeeb8c53839aad
spotify:track:6DJa12iV6c8xqAckvTMO4u,0f4f7275b1234127a43771293d707c5c,2026-03-16T17:18:26Z,0,"This beat is my fave of his Spotify songs and then the voice comes in

Also I understand the words since he has good diction ",e1c5f0743f064ca3abdeeb8c53839aad
spotify:track:5V54hLsu5prUN9ThbwQFQ5,0f4f7275b1234127a43771293d707c5c,2026-03-16T17:18:26Z,0,Understandable compared to most ,e1c5f0743f064ca3abdeeb8c53839aad
spotify:track:52kSf939f5hBiCTddQyDQ3,0f4f7275b1234127a43771293d707c5c,2026-03-16T17:18:26Z,0,"I want you to suffer too! ❤️‍🩹

I can understand the words ",e1c5f0743f064ca3abdeeb8c53839aad
spotify:track:4z80LOrUJonngRGzzrfjnD,0f4f7275b1234127a43771293d707c5c,2026-03-16T17:18:26Z,0,The words are too quiet but not thatttt unclear ,e1c5f0743f064ca3abdeeb8c53839aad
spotify:track:4KcH1ZRV2W1q7Flq0QqC76,0f4f7275b1234127a43771293d707c5c,2026-03-16T17:18:26Z,0,"Jimmy neutron movie anyone?

Too understandable I’m sorry ",e1c5f0743f064ca3abdeeb8c53839aad
spotify:track:4i4d0jN0NHIyJbZc28lkow,0f4f7275b1234127a43771293d707c5c,2026-03-16T17:18:26Z,0,I can understand too many of the words ,e1c5f0743f064ca3abdeeb8c53839aad
spotify:track:0iA3xXSkSCiJywKyo1UKjQ,0f4f7275b1234127a43771293d707c5c,2026-03-16T17:18:26Z,1,"Yep this is hard to understand 
And I dont despise the song ",e1c5f0743f064ca3abdeeb8c53839aad
spotify:track:6ZSO7kPn8IMJFymyticbJO,9800e906592547f4ab0717aa56097b49,2026-03-17T17:37:25Z,-1,This is....very decipherable. What are we doing yall,e1c5f0743f064ca3abdeeb8c53839aad
spotify:track:0iA3xXSkSCiJywKyo1UKjQ,9800e906592547f4ab0717aa56097b49,2026-03-17T17:37:25Z,1,I truly didn't understand a single word other than the title names.,e1c5f0743f064ca3abdeeb8c53839aad
spotify:track:1elGwF4VwkwglV4nCBPJtv,9800e906592547f4ab0717aa56097b49,2026-03-17T17:37:25Z,0,Guys we were very very clear that it had to be English,e1c5f0743f064ca3abdeeb8c53839aad
spotify:track:1exUq8aG2OMbSeZeTwz06k,9800e906592547f4ab0717aa56097b49,2026-03-17T17:37:25Z,0,The only part that's indecipherable is the title and that's on purpose,e1c5f0743f064ca3abdeeb8c53839aad
spotify:track:3n69hLUdIsSa1WlRmjMZlW,9800e906592547f4ab0717aa56097b49,2026-03-17T17:37:25Z,0,"I almost submitted an alt-J song. They're a good pick, but I was able to get like half of this, so others beat it.",e1c5f0743f064ca3abdeeb8c53839aad
spotify:track:4i4d0jN0NHIyJbZc28lkow,9800e906592547f4ab0717aa56097b49,2026-03-17T17:37:25Z,1,What's concerning about Eddie Vedder is that sometimes it seems he doesn't know what he's doing. But he has to know.......right? ,e1c5f0743f064ca3abdeeb8c53839aad
spotify:track:4KcH1ZRV2W1q7Flq0QqC76,9800e906592547f4ab0717aa56097b49,2026-03-17T17:37:25Z,0,"Maybe I've just hear this too many times, but I know what they're saying",e1c5f0743f064ca3abdeeb8c53839aad
spotify:track:4z80LOrUJonngRGzzrfjnD,9800e906592547f4ab0717aa56097b49,2026-03-17T17:37:25Z,1,Wonderful to not have any idea what sort of nonsense REM was whinging on about in this song. Maybe my fave REM song because I on had to hear it and not understand it. ,e1c5f0743f064ca3abdeeb8c53839aad
spotify:track:52kSf939f5hBiCTddQyDQ3,9800e906592547f4ab0717aa56097b49,2026-03-17T17:37:25Z,0,This was fun but I understood them,e1c5f0743f064ca3abdeeb8c53839aad
spotify:track:5V54hLsu5prUN9ThbwQFQ5,9800e906592547f4ab0717aa56097b49,2026-03-17T17:37:25Z,0,"Congratulations, we are the first people in the history of the world to ever listen to another Rusted Root song",e1c5f0743f064ca3abdeeb8c53839aad
spotify:track:6DJa12iV6c8xqAckvTMO4u,9800e906592547f4ab0717aa56097b49,2026-03-17T17:37:25Z,0,"I could understand Mr. Harvey perfectly well, thank you very much",e1c5f0743f064ca3abdeeb8c53839aad
spotify:track:6iyhLsUivt9TRUrgq7wvz0,9800e906592547f4ab0717aa56097b49,2026-03-17T17:37:25Z,1,Mmmmm that's good millennial slop. No idea what they're talking about but I love it. ,e1c5f0743f064ca3abdeeb8c53839aad
spotify:track:6nWcEzyxDozQcmxMoNJtYx,9800e906592547f4ab0717aa56097b49,2026-03-17T17:37:25Z,0,I thought I knew what they're saying but realized it was really only like 2 lines in the chorus. Not a single clue about the rest of it. ,e1c5f0743f064ca3abdeeb8c53839aad
spotify:track:3n69hLUdIsSa1WlRmjMZlW,699c7b228f3b436880363c6d92c3976f,2026-03-17T23:55:44Z,1,,e1c5f0743f064ca3abdeeb8c53839aad
spotify:track:1elGwF4VwkwglV4nCBPJtv,699c7b228f3b436880363c6d92c3976f,2026-03-17T23:55:44Z,-1,"A brilliant song, with clear vocals and meaning. The fact that the language is constructed does not make it ""unintelligible"". Alas, like Commodus , I must give the thumbs down to this noble work.",e1c5f0743f064ca3abdeeb8c53839aad
spotify:track:6ZSO7kPn8IMJFymyticbJO,699c7b228f3b436880363c6d92c3976f,2026-03-17T23:55:44Z,0,"I feel gay just listening to this (and not in a fun way). Alas, I don't have enough down votes.",e1c5f0743f064ca3abdeeb8c53839aad
spotify:track:6nWcEzyxDozQcmxMoNJtYx,699c7b228f3b436880363c6d92c3976f,2026-03-17T23:55:44Z,1,I don't ever remember it being so bad on the radio. Truly mumblesome. Absolutely terrible vocal clarity. Love it.,e1c5f0743f064ca3abdeeb8c53839aad
spotify:track:6DJa12iV6c8xqAckvTMO4u,699c7b228f3b436880363c6d92c3976f,2026-03-17T23:55:44Z,0,"Clever gambit Joe, submitting your own song. ",e1c5f0743f064ca3abdeeb8c53839aad
spotify:track:4i4d0jN0NHIyJbZc28lkow,699c7b228f3b436880363c6d92c3976f,2026-03-17T23:55:44Z,2,"Couldn't understand a word he says, but we surely had a mighty fine time.",e1c5f0743f064ca3abdeeb8c53839aad
spotify:track:1exUq8aG2OMbSeZeTwz06k,699c7b228f3b436880363c6d92c3976f,2026-03-17T23:55:44Z,0,"I listened to this backwards and I got a message from Satan: ""song longer hell. Real Alex dead. buy bitcoin"".",e1c5f0743f064ca3abdeeb8c53839aad
spotify:track:6DJa12iV6c8xqAckvTMO4u,98739434088f411e9e1918725eedb295,2026-03-18T00:53:15Z,0,Very decipherable.,e1c5f0743f064ca3abdeeb8c53839aad
spotify:track:1elGwF4VwkwglV4nCBPJtv,98739434088f411e9e1918725eedb295,2026-03-18T00:53:15Z,0,"I mean it's cool, and kinda gimmicky which I usually go for.  But I think it misses the point of the round.",e1c5f0743f064ca3abdeeb8c53839aad
spotify:track:1exUq8aG2OMbSeZeTwz06k,98739434088f411e9e1918725eedb295,2026-03-18T00:53:15Z,0,"There's a great scene in the simpsons that makes fun of this, and they change it to ""In the garden of eden, baby""

So I guess what I'm trying to say is that simpsons did it.

But this song is very intelligible. And it's also very long.",e1c5f0743f064ca3abdeeb8c53839aad
spotify:track:3n69hLUdIsSa1WlRmjMZlW,98739434088f411e9e1918725eedb295,2026-03-18T00:53:15Z,1,alt-J is an easy upvote in this category.,e1c5f0743f064ca3abdeeb8c53839aad
spotify:track:4i4d0jN0NHIyJbZc28lkow,98739434088f411e9e1918725eedb295,2026-03-18T00:53:15Z,1,Really enjoyed this one and could also not understand it at all. Upvote.,e1c5f0743f064ca3abdeeb8c53839aad
spotify:track:4z80LOrUJonngRGzzrfjnD,98739434088f411e9e1918725eedb295,2026-03-18T00:53:15Z,0,"I feel like a big part of the reason you can't hear this one is b/c of bad mixing, not because of mumbly singer.",e1c5f0743f064ca3abdeeb8c53839aad
spotify:track:52kSf939f5hBiCTddQyDQ3,98739434088f411e9e1918725eedb295,2026-03-18T00:53:15Z,-1,This might be the worst song I've ever heard.  Katie made me change it before it finished.,e1c5f0743f064ca3abdeeb8c53839aad
spotify:track:5V54hLsu5prUN9ThbwQFQ5,98739434088f411e9e1918725eedb295,2026-03-18T00:53:15Z,1,Really fun song.  Couldn't understand a word.,e1c5f0743f064ca3abdeeb8c53839aad
spotify:track:6iyhLsUivt9TRUrgq7wvz0,98739434088f411e9e1918725eedb295,2026-03-18T00:53:15Z,1,I was tapping my foot while listening to this song.  Couldn't understand a word.,e1c5f0743f064ca3abdeeb8c53839aad
spotify:track:6nWcEzyxDozQcmxMoNJtYx,98739434088f411e9e1918725eedb295,2026-03-18T00:53:15Z,0,Slightly more decipherable than most of the songs on this list.,e1c5f0743f064ca3abdeeb8c53839aad
spotify:track:6ZSO7kPn8IMJFymyticbJO,98739434088f411e9e1918725eedb295,2026-03-18T00:53:15Z,0,Far too decipherable.,e1c5f0743f064ca3abdeeb8c53839aad
spotify:track:1elGwF4VwkwglV4nCBPJtv,b3c43885f6ce4e8b861545158a22b7a2,2026-03-18T03:41:21Z,1,,e1c5f0743f064ca3abdeeb8c53839aad
spotify:track:3n69hLUdIsSa1WlRmjMZlW,b3c43885f6ce4e8b861545158a22b7a2,2026-03-18T03:41:21Z,-1,,e1c5f0743f064ca3abdeeb8c53839aad
spotify:track:4z80LOrUJonngRGzzrfjnD,b3c43885f6ce4e8b861545158a22b7a2,2026-03-18T03:41:21Z,1,,e1c5f0743f064ca3abdeeb8c53839aad
spotify:track:6nWcEzyxDozQcmxMoNJtYx,b3c43885f6ce4e8b861545158a22b7a2,2026-03-18T03:41:21Z,1,Okay this actually got me haha... I was not pleased to see this on the playlist and then totally understood as I listened!! Great pull.,e1c5f0743f064ca3abdeeb8c53839aad
spotify:track:6ZSO7kPn8IMJFymyticbJO,b3c43885f6ce4e8b861545158a22b7a2,2026-03-18T03:41:21Z,1,,e1c5f0743f064ca3abdeeb8c53839aad
spotify:track:0iA3xXSkSCiJywKyo1UKjQ,b3c43885f6ce4e8b861545158a22b7a2,2026-03-18T03:41:21Z,0,I totally misunderstood the category and am resigned (dare I say hoping) that I will receive all the downvotes. Rooting for 12 - let's see if I can do it hahahah,e1c5f0743f064ca3abdeeb8c53839aad
spotify:track:5V54hLsu5prUN9ThbwQFQ5,fa6235d130204772808d133e528b8ad7,2026-03-18T05:26:32Z,0,Somewhat intelligible. I can clearly understand most of the chorus including the song title,e1c5f0743f064ca3abdeeb8c53839aad
spotify:track:52kSf939f5hBiCTddQyDQ3,fa6235d130204772808d133e528b8ad7,2026-03-18T05:26:32Z,0,This was weird and creepy but I do feel like I understood most of the words?,e1c5f0743f064ca3abdeeb8c53839aad
spotify:track:4z80LOrUJonngRGzzrfjnD,fa6235d130204772808d133e528b8ad7,2026-03-18T05:26:32Z,0,Moderately unintelligible but not the worst offender. You can definitely make out the title of the song,e1c5f0743f064ca3abdeeb8c53839aad
spotify:track:4KcH1ZRV2W1q7Flq0QqC76,fa6235d130204772808d133e528b8ad7,2026-03-18T05:26:32Z,0,Moderately intelligible,e1c5f0743f064ca3abdeeb8c53839aad
spotify:track:4i4d0jN0NHIyJbZc28lkow,fa6235d130204772808d133e528b8ad7,2026-03-18T05:26:32Z,0,"Quite unintelligible. Too obvious a choice, however, to make my top 4",e1c5f0743f064ca3abdeeb8c53839aad
spotify:track:1elGwF4VwkwglV4nCBPJtv,fa6235d130204772808d133e528b8ad7,2026-03-18T05:26:32Z,0,I imagine this will get a lot of downvotes for not being English so I’m not gonna pile on. It’s a cool song tho  ,e1c5f0743f064ca3abdeeb8c53839aad
spotify:track:1exUq8aG2OMbSeZeTwz06k,fa6235d130204772808d133e528b8ad7,2026-03-18T05:26:32Z,0,"It’s a banger but the lyrics that aren’t purposely gibberish are pretty intelligible

(yes I know that the gibberish comes from a mishearing of actual words but in the song it’s meant to be gibberish)",e1c5f0743f064ca3abdeeb8c53839aad
spotify:track:0iA3xXSkSCiJywKyo1UKjQ,fa6235d130204772808d133e528b8ad7,2026-03-18T05:26:32Z,1,"What the hell is he saying
(I’ve known of this song but never known any of its lyrics besides “Louie Louie oh baby.” Now I realize why)",e1c5f0743f064ca3abdeeb8c53839aad
spotify:track:6ZSO7kPn8IMJFymyticbJO,fa6235d130204772808d133e528b8ad7,2026-03-18T05:26:32Z,1,Some of the lyrics are intelligible but the utter incomprehensibility of that opening hook earned a vote from me,e1c5f0743f064ca3abdeeb8c53839aad
spotify:track:6nWcEzyxDozQcmxMoNJtYx,fa6235d130204772808d133e528b8ad7,2026-03-18T05:26:32Z,1,This isn’t the most unintelligible of the bunch but it surprised me the most—in the sense that I’ve heard this song a million times but only just realized that I had absolutely zero idea what the words of the verses were. Like if you asked me to start singing the song from the beginning I simply wouldn’t be able to make anything more than gibberish noises,e1c5f0743f064ca3abdeeb8c53839aad
spotify:track:6iyhLsUivt9TRUrgq7wvz0,fa6235d130204772808d133e528b8ad7,2026-03-18T05:26:32Z,1,Supremely unintelligible. Well done ,e1c5f0743f064ca3abdeeb8c53839aad
spotify:track:6DJa12iV6c8xqAckvTMO4u,fa6235d130204772808d133e528b8ad7,2026-03-18T05:26:32Z,-1,"Actually pretty intelligible. It’s not your fault, Joseph—it’s a good song just not a good submission for this category",e1c5f0743f064ca3abdeeb8c53839aad
spotify:track:4KcH1ZRV2W1q7Flq0QqC76,80a489147c544db5a53c5cede65c4617,2026-03-18T18:29:21Z,0,This is awful. I can hear plenty of lyrics as well,e1c5f0743f064ca3abdeeb8c53839aad
spotify:track:0iA3xXSkSCiJywKyo1UKjQ,80a489147c544db5a53c5cede65c4617,2026-03-18T18:29:21Z,1,"Pharaoh pharaoh
Ooh baby let my people go
Yeah yeah yeah yeah",e1c5f0743f064ca3abdeeb8c53839aad
spotify:track:1elGwF4VwkwglV4nCBPJtv,80a489147c544db5a53c5cede65c4617,2026-03-18T18:29:21Z,0,"Not in English, instant DQ",e1c5f0743f064ca3abdeeb8c53839aad
spotify:track:1exUq8aG2OMbSeZeTwz06k,80a489147c544db5a53c5cede65c4617,2026-03-18T18:29:21Z,-1,Imagine my abject horror getting 8 minutes into this thinking “surely this horror show must be about to wrap” when I see that I am HALFWAY THROUGH,e1c5f0743f064ca3abdeeb8c53839aad
spotify:track:3n69hLUdIsSa1WlRmjMZlW,80a489147c544db5a53c5cede65c4617,2026-03-18T18:29:21Z,0,Weird. I don’t hate it,e1c5f0743f064ca3abdeeb8c53839aad
spotify:track:4i4d0jN0NHIyJbZc28lkow,80a489147c544db5a53c5cede65c4617,2026-03-18T18:29:21Z,1,,e1c5f0743f064ca3abdeeb8c53839aad
spotify:track:4z80LOrUJonngRGzzrfjnD,80a489147c544db5a53c5cede65c4617,2026-03-18T18:29:21Z,0,This has a cool 70s prog vibe!,e1c5f0743f064ca3abdeeb8c53839aad
spotify:track:52kSf939f5hBiCTddQyDQ3,80a489147c544db5a53c5cede65c4617,2026-03-18T18:29:21Z,0,Mission success,e1c5f0743f064ca3abdeeb8c53839aad
spotify:track:5V54hLsu5prUN9ThbwQFQ5,80a489147c544db5a53c5cede65c4617,2026-03-18T18:29:21Z,1,Bang on,e1c5f0743f064ca3abdeeb8c53839aad
spotify:track:6nWcEzyxDozQcmxMoNJtYx,80a489147c544db5a53c5cede65c4617,2026-03-18T18:29:21Z,1,Perfect submission because I never noticed that this song is indecipherable before (aside from the hook) ,e1c5f0743f064ca3abdeeb8c53839aad
spotify:track:6ZSO7kPn8IMJFymyticbJO,80a489147c544db5a53c5cede65c4617,2026-03-18T18:29:21Z,0,This is just chopped vocals as a stylistic effect - I’m going to count that as missing the point,e1c5f0743f064ca3abdeeb8c53839aad
spotify:track:1exUq8aG2OMbSeZeTwz06k,c8e8de6d21ac4bfba566bc0a8eeef629,2026-03-18T20:06:46Z,-1,Infuriatingly decipherable ,e1c5f0743f064ca3abdeeb8c53839aad
spotify:track:3n69hLUdIsSa1WlRmjMZlW,c8e8de6d21ac4bfba566bc0a8eeef629,2026-03-18T20:06:46Z,2,,e1c5f0743f064ca3abdeeb8c53839aad
spotify:track:6nWcEzyxDozQcmxMoNJtYx,c8e8de6d21ac4bfba566bc0a8eeef629,2026-03-18T20:06:46Z,1,,e1c5f0743f064ca3abdeeb8c53839aad
spotify:track:6ZSO7kPn8IMJFymyticbJO,c8e8de6d21ac4bfba566bc0a8eeef629,2026-03-18T20:06:46Z,1,,e1c5f0743f064ca3abdeeb8c53839aad
spotify:track:1exUq8aG2OMbSeZeTwz06k,fc418ffeadb64c3f8e93a25fb942984f,2026-03-18T20:51:06Z,3,,e1c5f0743f064ca3abdeeb8c53839aad
spotify:track:6nWcEzyxDozQcmxMoNJtYx,fc418ffeadb64c3f8e93a25fb942984f,2026-03-18T20:51:06Z,-1,,e1c5f0743f064ca3abdeeb8c53839aad
spotify:track:0iA3xXSkSCiJywKyo1UKjQ,fc418ffeadb64c3f8e93a25fb942984f,2026-03-18T20:51:06Z,1,,e1c5f0743f064ca3abdeeb8c53839aad
spotify:track:52kSf939f5hBiCTddQyDQ3,42db3c63b69a4479bedfcc2d22a6b73a,2026-03-18T20:51:59Z,0,Decipherable.,e1c5f0743f064ca3abdeeb8c53839aad
spotify:track:5V54hLsu5prUN9ThbwQFQ5,42db3c63b69a4479bedfcc2d22a6b73a,2026-03-18T20:51:59Z,0,Decipherable.,e1c5f0743f064ca3abdeeb8c53839aad
spotify:track:6DJa12iV6c8xqAckvTMO4u,42db3c63b69a4479bedfcc2d22a6b73a,2026-03-18T20:51:59Z,0,Decipherable.,e1c5f0743f064ca3abdeeb8c53839aad
spotify:track:6iyhLsUivt9TRUrgq7wvz0,42db3c63b69a4479bedfcc2d22a6b73a,2026-03-18T20:51:59Z,0,Decipherable.,e1c5f0743f064ca3abdeeb8c53839aad
spotify:track:6nWcEzyxDozQcmxMoNJtYx,42db3c63b69a4479bedfcc2d22a6b73a,2026-03-18T20:51:59Z,-1,Decipherable.,e1c5f0743f064ca3abdeeb8c53839aad
spotify:track:6ZSO7kPn8IMJFymyticbJO,42db3c63b69a4479bedfcc2d22a6b73a,2026-03-18T20:51:59Z,0,Decipherable.,e1c5f0743f064ca3abdeeb8c53839aad
spotify:track:0iA3xXSkSCiJywKyo1UKjQ,42db3c63b69a4479bedfcc2d22a6b73a,2026-03-18T20:51:59Z,2,Undecipherable in many places,e1c5f0743f064ca3abdeeb8c53839aad
spotify:track:1elGwF4VwkwglV4nCBPJtv,42db3c63b69a4479bedfcc2d22a6b73a,2026-03-18T20:51:59Z,1,Undecipherable because it’s not a real language.,e1c5f0743f064ca3abdeeb8c53839aad
spotify:track:3n69hLUdIsSa1WlRmjMZlW,42db3c63b69a4479bedfcc2d22a6b73a,2026-03-18T20:51:59Z,0,Decipherable.,e1c5f0743f064ca3abdeeb8c53839aad
spotify:track:4i4d0jN0NHIyJbZc28lkow,42db3c63b69a4479bedfcc2d22a6b73a,2026-03-18T20:51:59Z,1,Decipherable in some aspects.,e1c5f0743f064ca3abdeeb8c53839aad
spotify:track:4KcH1ZRV2W1q7Flq0QqC76,42db3c63b69a4479bedfcc2d22a6b73a,2026-03-18T20:51:59Z,0,Decipherable.,e1c5f0743f064ca3abdeeb8c53839aad
spotify:track:4z80LOrUJonngRGzzrfjnD,42db3c63b69a4479bedfcc2d22a6b73a,2026-03-18T20:51:59Z,0,Decipherable.,e1c5f0743f064ca3abdeeb8c53839aad
spotify:track:1exUq8aG2OMbSeZeTwz06k,6d8e32d102054531811ff5c8a625977c,2026-03-18T23:06:31Z,-1,Basically inexplicable submission. Is there something I’m missing? 17 long minutes and the one part that has lyrics is extremely decipherable.,e1c5f0743f064ca3abdeeb8c53839aad
spotify:track:4i4d0jN0NHIyJbZc28lkow,6d8e32d102054531811ff5c8a625977c,2026-03-18T23:06:31Z,1,Pearl Jam/grunge in general is a great shout for this category. They all sound like this. ,e1c5f0743f064ca3abdeeb8c53839aad
spotify:track:4KcH1ZRV2W1q7Flq0QqC76,6d8e32d102054531811ff5c8a625977c,2026-03-18T23:06:31Z,0,Maybe I’ve known this song for too long but these lyrics are really familiar to me ,e1c5f0743f064ca3abdeeb8c53839aad
spotify:track:4z80LOrUJonngRGzzrfjnD,6d8e32d102054531811ff5c8a625977c,2026-03-18T23:06:31Z,1,"I am so delighted to see R.E.M. here. In addition to being a great song, this one and almost everything on their first EP and full record could work for this category. Michael Stipe had a magic skill for murky songwriting. I’ve known this song for probably 20 years and I still, to this day, do not know all the words. Never looked them up. Maybe never will. It’s like a beautiful piece of just-barely-discernible nonsense that I can happily mumble along to. ",e1c5f0743f064ca3abdeeb8c53839aad
spotify:track:52kSf939f5hBiCTddQyDQ3,6d8e32d102054531811ff5c8a625977c,2026-03-18T23:06:31Z,0,Would have been a great pick for Scary Songs if we had done that round. This is horrible,e1c5f0743f064ca3abdeeb8c53839aad
spotify:track:5V54hLsu5prUN9ThbwQFQ5,6d8e32d102054531811ff5c8a625977c,2026-03-18T23:06:31Z,1,"I liked this. Sort of classic “he’s not trying to sound indecipherable, it just is”",e1c5f0743f064ca3abdeeb8c53839aad
spotify:track:6DJa12iV6c8xqAckvTMO4u,6d8e32d102054531811ff5c8a625977c,2026-03-18T23:06:31Z,1,Not a dang word (well except “serenity”),e1c5f0743f064ca3abdeeb8c53839aad
spotify:track:6nWcEzyxDozQcmxMoNJtYx,6d8e32d102054531811ff5c8a625977c,2026-03-18T23:06:31Z,0,Ehhh this is pretty decipherable,e1c5f0743f064ca3abdeeb8c53839aad
spotify:track:4xF4ZBGPZKxECeDFrqSAG4,c1b6888dec1e4113b65883ad590d3969,2026-03-21T17:56:12Z,-1,,ad01d22ab76c447688ca3990b50883b0
spotify:track:1lyjDwd1N7n6OQdYzapr6g,c1b6888dec1e4113b65883ad590d3969,2026-03-21T17:56:12Z,1,,ad01d22ab76c447688ca3990b50883b0
spotify:track:5ui44u6tEnipuke1eKYpMI,c1b6888dec1e4113b65883ad590d3969,2026-03-21T17:56:12Z,1,,ad01d22ab76c447688ca3990b50883b0
spotify:track:2YkIDPL5lGhRhomCq4S2RO,c1b6888dec1e4113b65883ad590d3969,2026-03-21T17:56:12Z,1,,ad01d22ab76c447688ca3990b50883b0
spotify:track:7Kho44itYaCQZvZQVV2SLW,c1b6888dec1e4113b65883ad590d3969,2026-03-21T17:56:12Z,1,,ad01d22ab76c447688ca3990b50883b0
spotify:track:05wIrZSwuaVWhcv5FfqeH0,f53f0969b04049b5ba39a303ebb3e987,2026-03-21T19:05:26Z,-1,,ad01d22ab76c447688ca3990b50883b0
spotify:track:2oUX4i8ByoaDrHHz9z5Bga,f53f0969b04049b5ba39a303ebb3e987,2026-03-21T19:05:26Z,1,,ad01d22ab76c447688ca3990b50883b0
spotify:track:69f4J5zQkPqzf9IZ36zNQL,f53f0969b04049b5ba39a303ebb3e987,2026-03-21T19:05:26Z,3,,ad01d22ab76c447688ca3990b50883b0
spotify:track:05wIrZSwuaVWhcv5FfqeH0,699c7b228f3b436880363c6d92c3976f,2026-03-21T21:39:50Z,0,A creative interpretation of the category. I just dislike the song. ,ad01d22ab76c447688ca3990b50883b0
spotify:track:0UV5zxRMz6AO4ZwUOZNIKI,699c7b228f3b436880363c6d92c3976f,2026-03-21T21:39:50Z,0,Fun.,ad01d22ab76c447688ca3990b50883b0
spotify:track:1lyjDwd1N7n6OQdYzapr6g,699c7b228f3b436880363c6d92c3976f,2026-03-21T21:39:50Z,1,"Very folksy, Americana, yet authentic. Dig it.",ad01d22ab76c447688ca3990b50883b0
spotify:track:2oUX4i8ByoaDrHHz9z5Bga,699c7b228f3b436880363c6d92c3976f,2026-03-21T21:39:50Z,0,This reminds me that I need to listen to more Tchaikovsky. Very beautiful. Unfortunately there were many other strong contenders.,ad01d22ab76c447688ca3990b50883b0
spotify:track:2xAVJSWRfLWseD3otASYlr,699c7b228f3b436880363c6d92c3976f,2026-03-21T21:39:50Z,2,Fantastic. ,ad01d22ab76c447688ca3990b50883b0
spotify:track:2Y846AkZ26vlQw5yLojpEB,699c7b228f3b436880363c6d92c3976f,2026-03-21T21:39:50Z,0,I'm not sure if the guy who wrote this has ever died.,ad01d22ab76c447688ca3990b50883b0
spotify:track:2YkIDPL5lGhRhomCq4S2RO,699c7b228f3b436880363c6d92c3976f,2026-03-21T21:39:50Z,0,I wanted to give this a vote just to make Brad mad. ,ad01d22ab76c447688ca3990b50883b0
spotify:track:3t3c70vtCfM9PwBjy4v4XH,699c7b228f3b436880363c6d92c3976f,2026-03-21T21:39:50Z,1,The goods.,ad01d22ab76c447688ca3990b50883b0
spotify:track:5ui44u6tEnipuke1eKYpMI,699c7b228f3b436880363c6d92c3976f,2026-03-21T21:39:50Z,0,"If I had five votes, this would get one.",ad01d22ab76c447688ca3990b50883b0
spotify:track:7Kho44itYaCQZvZQVV2SLW,699c7b228f3b436880363c6d92c3976f,2026-03-21T21:39:50Z,-1,Dislike the style.,ad01d22ab76c447688ca3990b50883b0
spotify:track:2Y846AkZ26vlQw5yLojpEB,98739434088f411e9e1918725eedb295,2026-03-21T22:15:55Z,0,"I was jammin to this one.  Not sure if it's the best song to die to, though.",ad01d22ab76c447688ca3990b50883b0
spotify:track:05wIrZSwuaVWhcv5FfqeH0,98739434088f411e9e1918725eedb295,2026-03-21T22:15:55Z,0,"I get what this is going for (entering into the beatific vision), but I don't really think it works.",ad01d22ab76c447688ca3990b50883b0
spotify:track:2oUX4i8ByoaDrHHz9z5Bga,98739434088f411e9e1918725eedb295,2026-03-21T22:15:55Z,1,Beautifully selected.,ad01d22ab76c447688ca3990b50883b0
spotify:track:2xAVJSWRfLWseD3otASYlr,98739434088f411e9e1918725eedb295,2026-03-21T22:15:55Z,1,"Man, this is also a really beautiful song.",ad01d22ab76c447688ca3990b50883b0
spotify:track:2YkIDPL5lGhRhomCq4S2RO,98739434088f411e9e1918725eedb295,2026-03-21T22:15:55Z,0,Songs NOT to die to.  The song is undeniably a bop though.,ad01d22ab76c447688ca3990b50883b0
spotify:track:3t3c70vtCfM9PwBjy4v4XH,98739434088f411e9e1918725eedb295,2026-03-21T22:15:55Z,1,"Another O Brother song, eh? (Mine played during the credits, I believe).  A great movie to meditate on death.

But this song speaks: death is not something someone else can do for you; you've got to go through it yourself (and hopefully in right relationship with the Lord).  And for that reason I find it really appropriate.",ad01d22ab76c447688ca3990b50883b0
spotify:track:4xF4ZBGPZKxECeDFrqSAG4,98739434088f411e9e1918725eedb295,2026-03-21T22:15:55Z,-1,"This was the least compelling of the list.  It wasn't a bad song, but I just didn't see it.",ad01d22ab76c447688ca3990b50883b0
spotify:track:7Kho44itYaCQZvZQVV2SLW,98739434088f411e9e1918725eedb295,2026-03-21T22:15:55Z,1,I see it. Well picked.,ad01d22ab76c447688ca3990b50883b0
spotify:track:3t3c70vtCfM9PwBjy4v4XH,fc418ffeadb64c3f8e93a25fb942984f,2026-03-22T02:08:29Z,2,,ad01d22ab76c447688ca3990b50883b0
spotify:track:5ui44u6tEnipuke1eKYpMI,fc418ffeadb64c3f8e93a25fb942984f,2026-03-22T02:08:29Z,1,,ad01d22ab76c447688ca3990b50883b0
spotify:track:05wIrZSwuaVWhcv5FfqeH0,fc418ffeadb64c3f8e93a25fb942984f,2026-03-22T02:08:29Z,-1,,ad01d22ab76c447688ca3990b50883b0
spotify:track:1lyjDwd1N7n6OQdYzapr6g,fc418ffeadb64c3f8e93a25fb942984f,2026-03-22T02:08:29Z,1,,ad01d22ab76c447688ca3990b50883b0
spotify:track:05wIrZSwuaVWhcv5FfqeH0,b3c43885f6ce4e8b861545158a22b7a2,2026-03-22T02:33:57Z,-1,,ad01d22ab76c447688ca3990b50883b0
spotify:track:7Kho44itYaCQZvZQVV2SLW,b3c43885f6ce4e8b861545158a22b7a2,2026-03-22T02:33:57Z,1,WAS LITERALLY GOING TO SUBMIT THIS haha! So crazy. Great pick!!,ad01d22ab76c447688ca3990b50883b0
spotify:track:0UV5zxRMz6AO4ZwUOZNIKI,b3c43885f6ce4e8b861545158a22b7a2,2026-03-22T02:33:57Z,1,I love this song ❤️,ad01d22ab76c447688ca3990b50883b0
spotify:track:2xAVJSWRfLWseD3otASYlr,b3c43885f6ce4e8b861545158a22b7a2,2026-03-22T02:33:57Z,2,A perfect submission. Wow. 100/10.,ad01d22ab76c447688ca3990b50883b0
spotify:track:69f4J5zQkPqzf9IZ36zNQL,80a489147c544db5a53c5cede65c4617,2026-03-22T03:05:01Z,0,I see the vision,ad01d22ab76c447688ca3990b50883b0
spotify:track:7Kho44itYaCQZvZQVV2SLW,80a489147c544db5a53c5cede65c4617,2026-03-22T03:05:01Z,0,No,ad01d22ab76c447688ca3990b50883b0
spotify:track:05wIrZSwuaVWhcv5FfqeH0,80a489147c544db5a53c5cede65c4617,2026-03-22T03:05:01Z,-1,Bizarre choice. No gravitas,ad01d22ab76c447688ca3990b50883b0
spotify:track:0UV5zxRMz6AO4ZwUOZNIKI,80a489147c544db5a53c5cede65c4617,2026-03-22T03:05:01Z,0,Songs about death != songs to die to,ad01d22ab76c447688ca3990b50883b0
spotify:track:1lyjDwd1N7n6OQdYzapr6g,80a489147c544db5a53c5cede65c4617,2026-03-22T03:05:01Z,2,Would harmonize to this with my dying breath,ad01d22ab76c447688ca3990b50883b0
spotify:track:2xAVJSWRfLWseD3otASYlr,80a489147c544db5a53c5cede65c4617,2026-03-22T03:05:01Z,0,Trying way too hard,ad01d22ab76c447688ca3990b50883b0
spotify:track:2YkIDPL5lGhRhomCq4S2RO,80a489147c544db5a53c5cede65c4617,2026-03-22T03:05:01Z,1,Theme didn’t say anything about “songs you ought to die to”,ad01d22ab76c447688ca3990b50883b0
spotify:track:3t3c70vtCfM9PwBjy4v4XH,80a489147c544db5a53c5cede65c4617,2026-03-22T03:05:01Z,1,"Just a little on the nose, but this is so good",ad01d22ab76c447688ca3990b50883b0
spotify:track:5ui44u6tEnipuke1eKYpMI,80a489147c544db5a53c5cede65c4617,2026-03-22T03:05:01Z,0,I’d fall asleep before dying listening to this ,ad01d22ab76c447688ca3990b50883b0
spotify:track:1lyjDwd1N7n6OQdYzapr6g,6d8e32d102054531811ff5c8a625977c,2026-03-22T03:05:37Z,1,A++. My favorite submission on the list. Instantly painted a picture as soon as that opening chord progression started. ,ad01d22ab76c447688ca3990b50883b0
spotify:track:05wIrZSwuaVWhcv5FfqeH0,6d8e32d102054531811ff5c8a625977c,2026-03-22T03:05:37Z,1,"I am not certain I quite see the vision but I cannot downvote a brave and unexpected submission like this. And in a playlist I thought was a little on the weak side, I want to reward a really novel read of the category ",ad01d22ab76c447688ca3990b50883b0
spotify:track:0UV5zxRMz6AO4ZwUOZNIKI,6d8e32d102054531811ff5c8a625977c,2026-03-22T03:05:37Z,1,I love this song and this band. This is a cool read ,ad01d22ab76c447688ca3990b50883b0
spotify:track:2xAVJSWRfLWseD3otASYlr,6d8e32d102054531811ff5c8a625977c,2026-03-22T03:05:37Z,-1,"I did not enjoy this version at all. And being from the 1917 soundtrack, I can only assume someone has in fact already died to this song",ad01d22ab76c447688ca3990b50883b0
spotify:track:2Y846AkZ26vlQw5yLojpEB,6d8e32d102054531811ff5c8a625977c,2026-03-22T03:05:37Z,1,"Listening to this in the car with Joseph en route to Dangriga, Belize and it is funny how instantly our opinions on it diverged. I loved this though. It’s a little too long but I can imagine the whole song isn’t going to play during the death scene. The opening and the overall vibe of the song is perfect for this. Quite enjoyed ",ad01d22ab76c447688ca3990b50883b0
spotify:track:3t3c70vtCfM9PwBjy4v4XH,6d8e32d102054531811ff5c8a625977c,2026-03-22T03:05:37Z,0,This is a great song but I don’t feel compelled to upvote submissions that are this overtly about death ,ad01d22ab76c447688ca3990b50883b0
spotify:track:5ui44u6tEnipuke1eKYpMI,6d8e32d102054531811ff5c8a625977c,2026-03-22T03:05:37Z,0,I found this very boring,ad01d22ab76c447688ca3990b50883b0
spotify:track:69f4J5zQkPqzf9IZ36zNQL,6d8e32d102054531811ff5c8a625977c,2026-03-22T03:05:37Z,0,I was amused to see this here. I can see it as a death song but it’s just not particularly interesting ,ad01d22ab76c447688ca3990b50883b0
spotify:track:7Kho44itYaCQZvZQVV2SLW,6d8e32d102054531811ff5c8a625977c,2026-03-22T03:05:37Z,0,An absolutely phenomenal song but did not land for me in this category. I can kind of imagine it conceptually as a death song but it doesn’t sound like that would actually play during a death scene ,ad01d22ab76c447688ca3990b50883b0
spotify:track:05wIrZSwuaVWhcv5FfqeH0,fa6235d130204772808d133e528b8ad7,2026-03-22T05:48:52Z,1,I feel like this would be a good song to die to in a similar way to mmmbop. The lyrics aren’t as obviously existential but the bright upbeat melody would give a nice touch of irony,ad01d22ab76c447688ca3990b50883b0
spotify:track:2oUX4i8ByoaDrHHz9z5Bga,fa6235d130204772808d133e528b8ad7,2026-03-22T05:48:52Z,1,Epic. Never thought of this as a death song before but I see the vision,ad01d22ab76c447688ca3990b50883b0
spotify:track:2xAVJSWRfLWseD3otASYlr,fa6235d130204772808d133e528b8ad7,2026-03-22T05:48:52Z,0,Feels more “memento mori” than “songs to die to” for me,ad01d22ab76c447688ca3990b50883b0
spotify:track:2Y846AkZ26vlQw5yLojpEB,fa6235d130204772808d133e528b8ad7,2026-03-22T05:48:52Z,0,I kinda sorta see the vision but only kinda sorta?,ad01d22ab76c447688ca3990b50883b0
spotify:track:2YkIDPL5lGhRhomCq4S2RO,fa6235d130204772808d133e528b8ad7,2026-03-22T05:48:52Z,0,"Brad ragebait? This could for sure work as a death song, but like, for a villain or mafia boss?",ad01d22ab76c447688ca3990b50883b0
spotify:track:3O5G1geje64CZsRdL3BfCY,fa6235d130204772808d133e528b8ad7,2026-03-22T05:48:52Z,1,This is the vibe. 10/10 would die to this,ad01d22ab76c447688ca3990b50883b0
spotify:track:3t3c70vtCfM9PwBjy4v4XH,fa6235d130204772808d133e528b8ad7,2026-03-22T05:48:52Z,0,This works so perfectly in the movie scene but I feel like that’s largely because it fits the movie’s particular genre and tone and it’s hard for me to see it working in a more general way. Memento mori for sure but I don’t feel like the song screams “soundtrack for death” outside the context of the movie,ad01d22ab76c447688ca3990b50883b0
spotify:track:4xF4ZBGPZKxECeDFrqSAG4,fa6235d130204772808d133e528b8ad7,2026-03-22T05:48:52Z,1,"Bracketing the association with tiktok that this song has in my mind, it’s a cool song and a cool read for the category  ",ad01d22ab76c447688ca3990b50883b0
spotify:track:7Kho44itYaCQZvZQVV2SLW,fa6235d130204772808d133e528b8ad7,2026-03-22T05:48:52Z,-1,"I love this song but despite the fact that the word “die” is in the song, it doesn’t feel like a dying vibe lyrically or musically for me. Maybe I’m just not getting something",ad01d22ab76c447688ca3990b50883b0
spotify:track:0UV5zxRMz6AO4ZwUOZNIKI,42db3c63b69a4479bedfcc2d22a6b73a,2026-03-22T17:50:15Z,-1,,ad01d22ab76c447688ca3990b50883b0
spotify:track:1lyjDwd1N7n6OQdYzapr6g,42db3c63b69a4479bedfcc2d22a6b73a,2026-03-22T17:50:15Z,1,"Tried submitting this but this person already did, good choice.",ad01d22ab76c447688ca3990b50883b0
spotify:track:2xAVJSWRfLWseD3otASYlr,42db3c63b69a4479bedfcc2d22a6b73a,2026-03-22T17:50:15Z,1,,ad01d22ab76c447688ca3990b50883b0
spotify:track:2YkIDPL5lGhRhomCq4S2RO,42db3c63b69a4479bedfcc2d22a6b73a,2026-03-22T17:50:15Z,1,,ad01d22ab76c447688ca3990b50883b0
spotify:track:7Kho44itYaCQZvZQVV2SLW,42db3c63b69a4479bedfcc2d22a6b73a,2026-03-22T17:50:15Z,1,,ad01d22ab76c447688ca3990b50883b0
spotify:track:05wIrZSwuaVWhcv5FfqeH0,0f4f7275b1234127a43771293d707c5c,2026-03-22T21:41:54Z,-1,,ad01d22ab76c447688ca3990b50883b0
spotify:track:2oUX4i8ByoaDrHHz9z5Bga,0f4f7275b1234127a43771293d707c5c,2026-03-22T21:41:54Z,0,That sort of moment transcends words to me ,ad01d22ab76c447688ca3990b50883b0
spotify:track:2xAVJSWRfLWseD3otASYlr,0f4f7275b1234127a43771293d707c5c,2026-03-22T21:41:54Z,1,,ad01d22ab76c447688ca3990b50883b0
spotify:track:2YkIDPL5lGhRhomCq4S2RO,0f4f7275b1234127a43771293d707c5c,2026-03-22T21:41:54Z,0,Second downvote would be here ,ad01d22ab76c447688ca3990b50883b0
spotify:track:3t3c70vtCfM9PwBjy4v4XH,0f4f7275b1234127a43771293d707c5c,2026-03-22T21:41:54Z,1,,ad01d22ab76c447688ca3990b50883b0
spotify:track:4xF4ZBGPZKxECeDFrqSAG4,0f4f7275b1234127a43771293d707c5c,2026-03-22T21:41:54Z,2,,ad01d22ab76c447688ca3990b50883b0
spotify:track:69f4J5zQkPqzf9IZ36zNQL,0f4f7275b1234127a43771293d707c5c,2026-03-22T21:41:54Z,0,Not quite it for me but movie themes are indeed my taste for this category ,ad01d22ab76c447688ca3990b50883b0
spotify:track:7Kho44itYaCQZvZQVV2SLW,0f4f7275b1234127a43771293d707c5c,2026-03-22T21:41:54Z,0,I love the avett bros but I think they fall into the category of things that make me ponder important things vs a song I’d literally choose to be listening to as I pass from this life to the next.,ad01d22ab76c447688ca3990b50883b0
spotify:track:05wIrZSwuaVWhcv5FfqeH0,c8e8de6d21ac4bfba566bc0a8eeef629,2026-03-23T16:56:19Z,-1,"Are you kidding? Ya know what would happen if you tried dying to this song? Your heartbeat would rise, your foot would start tapping, you’d starting singing along in and you’d finish bleed ingout before hearing the word sunshine. You’ve clearing never died before",ad01d22ab76c447688ca3990b50883b0
spotify:track:2xAVJSWRfLWseD3otASYlr,c8e8de6d21ac4bfba566bc0a8eeef629,2026-03-23T16:56:19Z,3,,ad01d22ab76c447688ca3990b50883b0
spotify:track:2YkIDPL5lGhRhomCq4S2RO,c8e8de6d21ac4bfba566bc0a8eeef629,2026-03-23T16:56:19Z,1,,ad01d22ab76c447688ca3990b50883b0
spotify:track:05wIrZSwuaVWhcv5FfqeH0,9800e906592547f4ab0717aa56097b49,2026-03-23T17:05:32Z,-1,Funniest submission to think about in terms of Sammy's scenario described in the chat. Sadly it's the least on point for theme imo. ,ad01d22ab76c447688ca3990b50883b0
spotify:track:0UV5zxRMz6AO4ZwUOZNIKI,9800e906592547f4ab0717aa56097b49,2026-03-23T17:05:32Z,0,"This is a beautiful reflective piece but for that reason I think it's not the one I'd want to die to. I don't want to be melancholic reflective. But joyful reflective. I guess this could be either, but doesn't get a vote. ",ad01d22ab76c447688ca3990b50883b0
spotify:track:1lyjDwd1N7n6OQdYzapr6g,9800e906592547f4ab0717aa56097b49,2026-03-23T17:05:32Z,0,Good submission but do,ad01d22ab76c447688ca3990b50883b0
spotify:track:2oUX4i8ByoaDrHHz9z5Bga,9800e906592547f4ab0717aa56097b49,2026-03-23T17:05:32Z,1,"I have a deep affinity and nostalgia for the Nutcracker, having seen it so many times and been in it once. I listen to it around Christmas each year. This is something that would make me feel right if the end was nigh. ",ad01d22ab76c447688ca3990b50883b0
spotify:track:2xAVJSWRfLWseD3otASYlr,9800e906592547f4ab0717aa56097b49,2026-03-23T17:05:32Z,1,"I wanted to dislike this scene when it started in 1917 because it felt so out of place and sudden, but then it was so beautiful that I think they wanted it to pull you entirely out of the movie and reflect on the absurdity of it all before you're just plunged back into the chaos and nonsense. ",ad01d22ab76c447688ca3990b50883b0
spotify:track:2Y846AkZ26vlQw5yLojpEB,9800e906592547f4ab0717aa56097b49,2026-03-23T17:05:32Z,0,"Dozens of loving family members pressing close in......granddaughter leans in....
""Papa....what do you want to hear....one last time?""
""Please....just one more time.......play me some.....Kurt Vile and the Violators""",ad01d22ab76c447688ca3990b50883b0
spotify:track:2YkIDPL5lGhRhomCq4S2RO,9800e906592547f4ab0717aa56097b49,2026-03-23T17:05:32Z,1,"I know it's fun and trendy to point out the individualistic read of this song, but that's not the only read of it imo. I do think there's a very real sense in it of the pride of feeling you've done what you could and you did it in a way you can look back on without shame, etc. I think this is a fine choice. ",ad01d22ab76c447688ca3990b50883b0
spotify:track:3O5G1geje64CZsRdL3BfCY,9800e906592547f4ab0717aa56097b49,2026-03-23T17:05:32Z,0,This is the song Judd would request before Sammy's scenario plays out,ad01d22ab76c447688ca3990b50883b0
spotify:track:3t3c70vtCfM9PwBjy4v4XH,9800e906592547f4ab0717aa56097b49,2026-03-23T17:05:32Z,0,"Good for a movie scene (like the movie scene it's from) but I read this theme as songs I would die to, and this doesn't seem very comforting lol ",ad01d22ab76c447688ca3990b50883b0
spotify:track:4xF4ZBGPZKxECeDFrqSAG4,9800e906592547f4ab0717aa56097b49,2026-03-23T17:05:32Z,1,"Peaceful, beautiful, reflective, transcendent ",ad01d22ab76c447688ca3990b50883b0
spotify:track:5ui44u6tEnipuke1eKYpMI,9800e906592547f4ab0717aa56097b49,2026-03-23T17:05:32Z,0,"Dead Man's Gun from RDR1 would be my choice in this genre. A great pick, but for my read of theme I am primarily rewarding songs I would want playing. ",ad01d22ab76c447688ca3990b50883b0
spotify:track:69f4J5zQkPqzf9IZ36zNQL,9800e906592547f4ab0717aa56097b49,2026-03-23T17:05:32Z,0,Has been my pick for 10+ years and I stand by it,ad01d22ab76c447688ca3990b50883b0
spotify:track:7Kho44itYaCQZvZQVV2SLW,9800e906592547f4ab0717aa56097b49,2026-03-23T17:05:32Z,0,I see the vision but it doesn't compel me. I can see how it would tho. ,ad01d22ab76c447688ca3990b50883b0
